image_path,sha256,label
/home/test/data/btad_original/BTech_Dataset_transformed/01/train/ok/0000.bmp,edffff43080e5369f802246e1c440fd25c2a931c7ec7206a5d169ba363f1d557,0
/home/test/data/btad_original/BTech_Dataset_transformed/01/train/ok/0001.bmp,5be3f0e74143f620a72b9f67f725c71a15b50bba3369c4cd5b97445503bdb0c4,0
/home/test/data/btad_original/BTech_Dataset_transformed/01/train/ok/0002.bmp,6af22cd9086b4302b1f6d96261bf2a68147939d94f16d58ab1dcf05db0c30f89,0
/home/test/data/btad_original/BTech_Dataset_transformed/01/train/ok/0003.bmp,338c800ca715d1d70e283e343f54fde12d63e7c832c6d6fca3df80792575c1b1,0
/home/test/data/btad_original/BTech_Dataset_transformed/01/train/ok/0004.bmp,5fdfc0f889409792f6d768d2640987dac8be016fa9df960782ff99a7af9690a2,0
/home/test/data/btad_original/BTech_Dataset_transformed/01/train/ok/0005.bmp,610ef5f1f6ca225c0d7e6368cf9d71000827e9f9403deb2f664a0b053ce8acdf,0
/home/test/data/btad_original/BTech_Dataset_transformed/01/train/ok/0006.bmp,75feae57269904c910146c66fe7ab47c18f73fdbf5f28d40f19cd86de64ad912,0
/home/test/data/btad_original/BTech_Dataset_transformed/01/train/ok/0007.bmp,e467e8e5c1159002b1dda4540113ffb1b3c93847908bc713f51e4267dc1eeb1b,0
/home/test/data/btad_original/BTech_Dataset_transformed/01/train/ok/0008.bmp,192f985c4aed48c54150e53a3e87422996c42670af773b4ad9d0751229f1e927,0
/home/test/data/btad_original/BTech_Dataset_transformed/01/train/ok/0009.bmp,007f1ac505c900eca5deec311bbbdccb4dfda27bc2fabbad974ebeb01b7d40fe,0
/home/test/data/btad_original/BTech_Dataset_transformed/01/train/ok/0010.bmp,61ae0c64059a05ef735b95f5e2690387ae2c0724aa62e0e5d0a2f6341d1d89a8,0
/home/test/data/btad_original/BTech_Dataset_transformed/01/train/ok/0011.bmp,3adf7bb9e52f31d9340ac99aade66fca9e24710dd17e9c60252f716037bae02b,0
/home/test/data/btad_original/BTech_Dataset_transformed/01/train/ok/0012.bmp,7fa2099ecc920ab190b714fe32f8845e5d0feaaedb1cc7cfc840f57f7e64594a,0
/home/test/data/btad_original/BTech_Dataset_transformed/01/train/ok/0013.bmp,73b39133803489621cac47c65a03a9cf6e6597a2aca9444935a0e9c41862abcd,0
/home/test/data/btad_original/BTech_Dataset_transformed/01/train/ok/0014.bmp,d7558199c219b67a24c371bd4617517bd5bd12c9e52f6e34a0e4fb7bddbbc68a,0
/home/test/data/btad_original/BTech_Dataset_transformed/01/train/ok/0015.bmp,bff1e6364c2677cc6b58a05b88447761424881684c6ec886951f068ec68442dc,0
/home/test/data/btad_original/BTech_Dataset_transformed/01/train/ok/0016.bmp,50376330cae7b42cc55722feb1707b5f4e8d32fbf54ec7d42b19a8a091236dcf,0
/home/test/data/btad_original/BTech_Dataset_transformed/01/train/ok/0017.bmp,74bd0f91c16ebbe2bc68ce27ed26e3185adb27fa398b55e2ec2e0eefd5bd4c06,0
/home/test/data/btad_original/BTech_Dataset_transformed/01/train/ok/0018.bmp,5ca0eb247e6db2e31b3bfdc4de2b08d74d50787d43b2b0960fb9537831ebf6b3,0
/home/test/data/btad_original/BTech_Dataset_transformed/01/train/ok/0019.bmp,ce2546f1ea7bc0fb84a89e7cdb22a8657f71aef1287f0c2cf7da129e534f03e8,0
/home/test/data/btad_original/BTech_Dataset_transformed/01/train/ok/0020.bmp,404e1b0b3451c998e207603f0e15adaec7a43fb86fc5f7bc7f600756acd4068d,0
/home/test/data/btad_original/BTech_Dataset_transformed/01/train/ok/0021.bmp,cdf3dbcb5b4d3998403f806d7f9d474966210befbd72955ad9ec7660f602c8e8,0
/home/test/data/btad_original/BTech_Dataset_transformed/01/train/ok/0022.bmp,47efa60c9134126487f1fe97eae583982bc58eec09a41964fa7151b0cb2ef424,0
/home/test/data/btad_original/BTech_Dataset_transformed/01/train/ok/0023.bmp,73446b17dbbe199d5d413e6aee43116fd7cd3f94093d23b83abb38c8db03e41f,0
/home/test/data/btad_original/BTech_Dataset_transformed/01/train/ok/0024.bmp,98020a7af482ff90fb206cd2fe0b4b7ba940d5520113649f51a27597f1bba060,0
/home/test/data/btad_original/BTech_Dataset_transformed/01/train/ok/0025.bmp,552066059b7daf715a98e8c36a950ad557fa981bb5bb5feb45c369c47c2e5d6f,0
/home/test/data/btad_original/BTech_Dataset_transformed/01/train/ok/0026.bmp,d8a0905a75034d56de4da6f81ea5aa2b4fbbd584f65d7fc708a4d7cb0f275549,0
/home/test/data/btad_original/BTech_Dataset_transformed/01/train/ok/0027.bmp,6431873919a6df0208fb6305468aeb34c421da29390e7c0bb881324dc3d9a2b0,0
/home/test/data/btad_original/BTech_Dataset_transformed/01/train/ok/0028.bmp,45d973cb3d8463bc60ccdba65563cdfab28ed9b85f2fb07f5fcb767f7e3ce3f4,0
/home/test/data/btad_original/BTech_Dataset_transformed/01/train/ok/0029.bmp,fe2faf54e1424917cbcc624a732faa429b8b3aadc66e290b7ce0b60fef716860,0
/home/test/data/btad_original/BTech_Dataset_transformed/01/train/ok/0030.bmp,dede4d67c68ec30734a9265d9a7ed303005a4ff21bac4f4ae5d3e72aa3f7de1c,0
/home/test/data/btad_original/BTech_Dataset_transformed/01/train/ok/0031.bmp,9596d2f4cdc6441419450d786405583b1f317673ae90b13efa5137945e384d91,0
/home/test/data/btad_original/BTech_Dataset_transformed/01/train/ok/0032.bmp,15455f002fb65660f23c20f8bf5a3d1d74c4a20bb4ae279063ac0350cdd4e170,0
/home/test/data/btad_original/BTech_Dataset_transformed/01/train/ok/0033.bmp,e4914e4c9ce23902713a092a07f7190d2993f4d48fbca87e08e266196793ff94,0
/home/test/data/btad_original/BTech_Dataset_transformed/01/train/ok/0034.bmp,5698d4c400d6ff7f41dc0c47bc4255640e8b1ae6a4581ec6f93625ae960dbd3d,0
/home/test/data/btad_original/BTech_Dataset_transformed/01/train/ok/0035.bmp,80cae2202519b9feb6b7d08a7491ee7e2a1f4b12b0934b4dfee0fc085a86c7cd,0
/home/test/data/btad_original/BTech_Dataset_transformed/01/train/ok/0036.bmp,0d780e5df5081a3d7900dfcf748daa959a9156ababe2763c655ae7b73812d716,0
/home/test/data/btad_original/BTech_Dataset_transformed/01/train/ok/0037.bmp,afc1b8211e549a73c05788bb7186d458cbe06e4f2d86c5395771d3e8e2a99787,0
/home/test/data/btad_original/BTech_Dataset_transformed/01/train/ok/0038.bmp,e532b114eabf59b3d1410ccb953615d4ebb023d9283271063fe9d1855b51d5c8,0
/home/test/data/btad_original/BTech_Dataset_transformed/01/train/ok/0039.bmp,a990e25aea12b5bb0af033e742b6bae328ebce5f345fec111bb97ff74f118162,0
/home/test/data/btad_original/BTech_Dataset_transformed/01/train/ok/0040.bmp,2b81f446f381538612a544f06af956d43079b62a96ece9b8e9785ba2d6330482,0
/home/test/data/btad_original/BTech_Dataset_transformed/01/train/ok/0041.bmp,9dff64e47b907b35ea4229b22aab0d64671dbc469f29b5089474ba9e32bb004d,0
/home/test/data/btad_original/BTech_Dataset_transformed/01/train/ok/0042.bmp,72d0a777ab1def3d65bd8bea3d3d008bfb91dec65e1360e8047b88defbaa5898,0
/home/test/data/btad_original/BTech_Dataset_transformed/01/train/ok/0043.bmp,9b95de75782cb9fe70756a442ef1a4990d24d5e0691c00f79b25fb3352f69f08,0
/home/test/data/btad_original/BTech_Dataset_transformed/01/train/ok/0044.bmp,2717e69b6606ccfb982da683a4215583f75b853338c70a8cbe9d8c520dd91e17,0
/home/test/data/btad_original/BTech_Dataset_transformed/01/train/ok/0045.bmp,96b793829f26e63d47b96ab255a3f0322cdd96a97c39a4c91bf5e6857d797196,0
/home/test/data/btad_original/BTech_Dataset_transformed/01/train/ok/0046.bmp,0d29f69322ae1387e85a04e3ccd0ce0b881a218648d741d2a7968a960991da1f,0
/home/test/data/btad_original/BTech_Dataset_transformed/01/train/ok/0047.bmp,f40cf34422c28437274b850d68bbfd82393b6276a1b28679c4def585b1646a1b,0
/home/test/data/btad_original/BTech_Dataset_transformed/01/train/ok/0048.bmp,e061c87f08c3315b95fcd1186bb33a98aea8feac8c6a9ddedf0a921c3279cf17,0
/home/test/data/btad_original/BTech_Dataset_transformed/01/train/ok/0049.bmp,f9d5ae50c2bdde29985ee24e44db9aedbcfca28ed0c54768a253c8c44d4de79d,0
/home/test/data/btad_original/BTech_Dataset_transformed/01/train/ok/0050.bmp,2716fbe04d6fce3ebedc479937a48b201771b62941b101aacab3b639e119da68,0
/home/test/data/btad_original/BTech_Dataset_transformed/01/train/ok/0051.bmp,e5697625574abb1614c6a8a6306e24e96ad54f54661b84e0b1aa9cfead9b575e,0
/home/test/data/btad_original/BTech_Dataset_transformed/01/train/ok/0052.bmp,c575ab29bc7e9d715185a6e72ce34d2b665b38ffa63bdc9235e924436cb39821,0
/home/test/data/btad_original/BTech_Dataset_transformed/01/train/ok/0053.bmp,2859c1912305d1deec8c28a0a57400cb9b39e6da5636eef9eea1303da4de6b3a,0
/home/test/data/btad_original/BTech_Dataset_transformed/01/train/ok/0054.bmp,0037841e439344d6da84dc05afefc629e230e668d34cf921c0e2ad40b0b5c98d,0
/home/test/data/btad_original/BTech_Dataset_transformed/01/train/ok/0055.bmp,17965ec94abaa56e032fb0974685f4872ce8b9febad3171f453f4da6c3603c13,0
/home/test/data/btad_original/BTech_Dataset_transformed/01/train/ok/0056.bmp,b039e800993f80f51d42941c3e015863e1042051c973ef34068ef967d2083e6f,0
/home/test/data/btad_original/BTech_Dataset_transformed/01/train/ok/0057.bmp,832e99346f98e0052dc2589b9edc08082e3b999c676683fb064d6c689973ee81,0
/home/test/data/btad_original/BTech_Dataset_transformed/01/train/ok/0058.bmp,f0a95328d0274431d97ceb80d4fcb336b10b6cd06b7e7fd5d67416b08412c7a2,0
/home/test/data/btad_original/BTech_Dataset_transformed/01/train/ok/0059.bmp,b9f6469806551d6fed74c9fb01da5ff5d07bf688f43ffc36792fa931fffb951b,0
/home/test/data/btad_original/BTech_Dataset_transformed/01/train/ok/0060.bmp,8d62d303d4d6c1a26244246e64bc5167599dd4dd466d8973bb15aae6b45a1da4,0
/home/test/data/btad_original/BTech_Dataset_transformed/01/train/ok/0061.bmp,3d2369608ef7867862fb375ed92b77378f5e79786672ac127e22b346e9bab845,0
/home/test/data/btad_original/BTech_Dataset_transformed/01/train/ok/0062.bmp,cf088f2a521c22443f4478e905cf56304b7af12cc20d99bb75b76d1619259d09,0
/home/test/data/btad_original/BTech_Dataset_transformed/01/train/ok/0063.bmp,9b6cf8faf3bdef998e7ac1c44ffd5ebdb611cf70d90ee1f132335a58ef299685,0
/home/test/data/btad_original/BTech_Dataset_transformed/01/train/ok/0064.bmp,cccec11288fdfb8b49334adf25e69b0a67f4a677944b6677b82b92523ee15300,0
/home/test/data/btad_original/BTech_Dataset_transformed/01/train/ok/0065.bmp,38247c6c010570adea1d6235276f15a7a68a6c3ea1e9663cd6b7998d1122ab05,0
/home/test/data/btad_original/BTech_Dataset_transformed/01/train/ok/0066.bmp,46d77d3fb877128bd5d48013e1954852d6abe5af534fbd5a55ec5f465d7231e4,0
/home/test/data/btad_original/BTech_Dataset_transformed/01/train/ok/0067.bmp,b047cd5a8f5f5002d3db27ee33eb45806075e28877275d611a83c47d30fcf108,0
/home/test/data/btad_original/BTech_Dataset_transformed/01/train/ok/0068.bmp,5d55e66b333172ebc9e98632eda308ca6e8f3d79ebdd16a1586a039995efdf88,0
/home/test/data/btad_original/BTech_Dataset_transformed/01/train/ok/0069.bmp,a3148ae58cf1dfcc2eb0ca6a7bbc1fdc952d6c547e8eb47750b29ee7913caaf7,0
/home/test/data/btad_original/BTech_Dataset_transformed/01/train/ok/0070.bmp,0ebbc6d024570b92f3a103d873187c1c3d99d972e11798a59c43bb1b833ba203,0
/home/test/data/btad_original/BTech_Dataset_transformed/01/train/ok/0071.bmp,8b6579218ecb94bf529ccf29fd6a116542b5254fd43421b25b32f14395f2714b,0
/home/test/data/btad_original/BTech_Dataset_transformed/01/train/ok/0072.bmp,300f22410aee9a5dc50e62d90afcf43f22c7587d679f20c8238aca956f25c590,0
/home/test/data/btad_original/BTech_Dataset_transformed/01/train/ok/0073.bmp,c077333fdf8f62c7938fb167256013878f97aa0e86fdce4102492fb641552668,0
/home/test/data/btad_original/BTech_Dataset_transformed/01/train/ok/0074.bmp,74c578af3041c55f25bb00cdba2574432bffac52f3ad5c6110ff09957fef2b38,0
/home/test/data/btad_original/BTech_Dataset_transformed/01/train/ok/0075.bmp,45a347264709f18ef323811a62a11b648128ee09321f4dc6b69a9836e597b6a7,0
/home/test/data/btad_original/BTech_Dataset_transformed/01/train/ok/0076.bmp,1e7d42ece72e60477946e94cd187c4b059230d8c89c13310a5f2b60fdd4f20ef,0
/home/test/data/btad_original/BTech_Dataset_transformed/01/train/ok/0077.bmp,ab3832be3324643ba140f313594e1cbb7532decc3c74906fb369e956486dd60a,0
/home/test/data/btad_original/BTech_Dataset_transformed/01/train/ok/0078.bmp,d8bcfdae0ad9cd24fb00ed4dbc9580d54d79db8c41560e50441c05f393233d31,0
/home/test/data/btad_original/BTech_Dataset_transformed/01/train/ok/0079.bmp,f93957116f90d8646a990cde7b5a2b443bb26b3e84b3ef53aa54fa97f92d8fb0,0
/home/test/data/btad_original/BTech_Dataset_transformed/01/train/ok/0080.bmp,90148db9694e4d70e3ea9157a6f10d00a32b4bb04612906a277f06bdc655f40a,0
/home/test/data/btad_original/BTech_Dataset_transformed/01/train/ok/0081.bmp,68887c3525f03412114cc7980b75e3ba2d547269bdbdf84b3a48ca8b59392d5f,0
/home/test/data/btad_original/BTech_Dataset_transformed/01/train/ok/0082.bmp,a55c6d3e7a96579c3575d9031a21dfc966d1adf0858a0dbd9aaed6d362cc616c,0
/home/test/data/btad_original/BTech_Dataset_transformed/01/train/ok/0083.bmp,e338558f36f95e72cd1dbb32f07ffc06396de002be3d4fba0d4d65a266f7faa8,0
/home/test/data/btad_original/BTech_Dataset_transformed/01/train/ok/0084.bmp,188845d47e173fc00bf27ed4779362f1b771226c858579d15ffec2f0e73b5b73,0
/home/test/data/btad_original/BTech_Dataset_transformed/01/train/ok/0085.bmp,0793bd0553ac3c3620f66a2966958c627224e53d0932cfba93a687633b741583,0
/home/test/data/btad_original/BTech_Dataset_transformed/01/train/ok/0086.bmp,37e294cee090a86b1179d47384145e6a107c0e286c364feb8a6ac88f12fb13bd,0
/home/test/data/btad_original/BTech_Dataset_transformed/01/train/ok/0087.bmp,a8dfb1650d01aaf70af4f56844fcf0adb6866d54cd6146724751a84f77f54192,0
/home/test/data/btad_original/BTech_Dataset_transformed/01/train/ok/0088.bmp,17df6f6eef92e0ecbf6ca71514545f380c5a6e6fd7c02ced0c5294ccf16afaa6,0
/home/test/data/btad_original/BTech_Dataset_transformed/01/train/ok/0089.bmp,ffff2fce59862c1fc5634f7dec86095572442d1c989f251e5e580fe8c2841956,0
/home/test/data/btad_original/BTech_Dataset_transformed/01/train/ok/0090.bmp,c22a6fa659385c8245d6bf47f6eb3d937e339e484b630621046979a7cb420b30,0
/home/test/data/btad_original/BTech_Dataset_transformed/01/train/ok/0091.bmp,b69a4ba5cd1e6f0d03421c6d068899454bfd36a9ac02340a57bc3a5a1432dbbe,0
/home/test/data/btad_original/BTech_Dataset_transformed/01/train/ok/0092.bmp,b643bddab09a6cc0ab63c5c071c346d4b8d7fea8915059d0a4a491b8ff6ef4a8,0
/home/test/data/btad_original/BTech_Dataset_transformed/01/train/ok/0093.bmp,0c4cd7ade5efc3fc9d8a93c09c95ba5f96485748f1d3457b3d86e3e74bf37f5d,0
/home/test/data/btad_original/BTech_Dataset_transformed/01/train/ok/0094.bmp,fc8ddafd7a365c4337a511ac35807d6a3cbf31e38799a86374b55f013f6bc13e,0
/home/test/data/btad_original/BTech_Dataset_transformed/01/train/ok/0095.bmp,0b06d94993b8674f9210a7cc9cade9dcf0a7d8431943a2d7d1b5723494c9239a,0
/home/test/data/btad_original/BTech_Dataset_transformed/01/train/ok/0096.bmp,89d67628a7a390b5ae95ac775ee0821e51696b82064e6ce4f0ce247b8410dd62,0
/home/test/data/btad_original/BTech_Dataset_transformed/01/train/ok/0097.bmp,be3720d84447ac80b11bb532b1511f3de751e392d66772d7562657a512111d22,0
/home/test/data/btad_original/BTech_Dataset_transformed/01/train/ok/0098.bmp,fb9e435bb1f33f02a7ed2be35bcd3c3fecb57eb7047eb9a274e392d4e7212add,0
/home/test/data/btad_original/BTech_Dataset_transformed/01/train/ok/0099.bmp,58230a7bdcb2eb7d5c7cfc56f2c84715757ebcb439c2682432be68e1697ab893,0
/home/test/data/btad_original/BTech_Dataset_transformed/01/train/ok/0100.bmp,8464123e8c0f846c4d8562496828b81119854306b1f7a76b56f89074fbe10fef,0
/home/test/data/btad_original/BTech_Dataset_transformed/01/train/ok/0101.bmp,f49080abea3b2386ab0366ef105e850d699653482ca715f101cf30ebdf1680e4,0
/home/test/data/btad_original/BTech_Dataset_transformed/01/train/ok/0102.bmp,0e904db36c9f7bb66ed57099305b6417bd4cbfe059231bb310d0ce39fa9ddb62,0
/home/test/data/btad_original/BTech_Dataset_transformed/01/train/ok/0103.bmp,79f98c29abfb0452193b83f7b43195789a91f323d4f2829b51439babb85fe19e,0
/home/test/data/btad_original/BTech_Dataset_transformed/01/train/ok/0104.bmp,03842b1ee37db9ed3d509ed6ba509fab23f1ae0f51b5fa7735bd672c77f40ca8,0
/home/test/data/btad_original/BTech_Dataset_transformed/01/train/ok/0105.bmp,994c5fd7efa7399f370d5a94f4fc683ff838a80afb4bf174e0e8b65dc5446d8f,0
/home/test/data/btad_original/BTech_Dataset_transformed/01/train/ok/0106.bmp,4194a90a1687fd8e5eb238d9820cc9c5a9318c64e9d71facba44c5dac1e51db8,0
/home/test/data/btad_original/BTech_Dataset_transformed/01/train/ok/0107.bmp,0270246fa6f960f3ddda8d86fac0579800547428b8db28fde3d9fc4c055e8242,0
/home/test/data/btad_original/BTech_Dataset_transformed/01/train/ok/0108.bmp,48cd694f5dd69a1e548b3be5364ccabf6e9102d555c50282c72ffbfd2dc3fcfa,0
/home/test/data/btad_original/BTech_Dataset_transformed/01/train/ok/0109.bmp,9dc894c9cf567af56349b62afce95719575d66040337371fda8f6028f5b153ad,0
/home/test/data/btad_original/BTech_Dataset_transformed/01/train/ok/0110.bmp,279163049075818101fead766ccecbc494d4219ed165dbb5d6adfaec88fb8470,0
/home/test/data/btad_original/BTech_Dataset_transformed/01/train/ok/0111.bmp,22bd78f350503385c240e7b6ec870504643fa3c3f1ebf39a3f38d2cd0e1445ad,0
/home/test/data/btad_original/BTech_Dataset_transformed/01/train/ok/0112.bmp,3a52f27e93458c13053607a0a4c26e8d6d7ffe70f04326fba87fda88e73e14e7,0
/home/test/data/btad_original/BTech_Dataset_transformed/01/train/ok/0113.bmp,4b9aa636bdb7afb1c13ca7ea01b1585513dc6f2ff3a52a426ac6e5ffe0e11a36,0
/home/test/data/btad_original/BTech_Dataset_transformed/01/train/ok/0114.bmp,9b095a6a515fbef9497442435bf6a7badac0dda62a7e30b07dfdb2297f78f168,0
/home/test/data/btad_original/BTech_Dataset_transformed/01/train/ok/0115.bmp,51484d363402bf7f4add306c00bb6ba7da014358d12a3ed77edf0c81cd9d2d94,0
/home/test/data/btad_original/BTech_Dataset_transformed/01/train/ok/0116.bmp,3e9ead5a21756800149d9bd62486093a65f3c0140713e1d73358b493db14e0e9,0
/home/test/data/btad_original/BTech_Dataset_transformed/01/train/ok/0117.bmp,3156dba410bd3ff6a2fa6a96eafcbd4568df267b7486e178905f349e127cdf33,0
/home/test/data/btad_original/BTech_Dataset_transformed/01/train/ok/0118.bmp,81c7faef3a8995767c26c0c006bc0150055a4b5013c5df5c2efc7774f57a99ce,0
/home/test/data/btad_original/BTech_Dataset_transformed/01/train/ok/0119.bmp,19980e1808f597b0c36dbfea63cda065ae490d10eed83c34a2636a485da28e12,0
/home/test/data/btad_original/BTech_Dataset_transformed/01/train/ok/0120.bmp,8a9ea80a6185bfa1574b5576f79a3ba85b0a8e97fb7eafc94c06f00c71069de7,0
/home/test/data/btad_original/BTech_Dataset_transformed/01/train/ok/0121.bmp,fdd0a0aaca5d04c37400380e8920da31bd895c5c841c57d0a2fb884490e3c976,0
/home/test/data/btad_original/BTech_Dataset_transformed/01/train/ok/0122.bmp,2d0c122bda4e6ed3e2beb7698ed775642d211cd05c234f21b008e262a4896cea,0
/home/test/data/btad_original/BTech_Dataset_transformed/01/train/ok/0123.bmp,e972fe35c272f80a1e55a0204c9ad16223371284670d1cb4ecfe66e4e7bb8832,0
/home/test/data/btad_original/BTech_Dataset_transformed/01/train/ok/0124.bmp,ba927650fd1a8b43c575cc7c6b726f295898602d3bc554b64dc5ff5498e6593b,0
/home/test/data/btad_original/BTech_Dataset_transformed/01/train/ok/0125.bmp,c9294682b6befeecefd9ebdf412906cbaf714a7f7b1d5f002eab6673e1531058,0
/home/test/data/btad_original/BTech_Dataset_transformed/01/train/ok/0126.bmp,a278e90fc2dbade38d63ea588941a7962b381869a31d439bbcaa63d550d73e86,0
/home/test/data/btad_original/BTech_Dataset_transformed/01/train/ok/0127.bmp,64dbef66559f470f76f994a6e64003fdcbd1495c89235263d7d2cd188eafabd2,0
/home/test/data/btad_original/BTech_Dataset_transformed/01/train/ok/0128.bmp,e8c899b246c6c3c824841498d63b0581806ca6dc550899f344df43c1a3e48a19,0
/home/test/data/btad_original/BTech_Dataset_transformed/01/train/ok/0129.bmp,3c8be1dc49b64ee2ae48abd63b9e2ca1e9ad6bb8cc7e777cf3a5381483f255ba,0
/home/test/data/btad_original/BTech_Dataset_transformed/01/train/ok/0130.bmp,2b05256552829cf83123cb45316ce12d382807a1d9be5c6abea3501ce329b394,0
/home/test/data/btad_original/BTech_Dataset_transformed/01/train/ok/0131.bmp,ab74669c5e6ee06e66bc6a7c9b2951c0efc5e03743e37ff4fd0b84cdd0288eed,0
/home/test/data/btad_original/BTech_Dataset_transformed/01/train/ok/0132.bmp,68a49daef8fcd6d78a35180152aaf4f241b232d4f98bb6fbaffca822ca9b6d7b,0
/home/test/data/btad_original/BTech_Dataset_transformed/01/train/ok/0133.bmp,32421f3c02a083ab64bc8106a236218d30c4ef389023f936770b9f4c91e73b03,0
/home/test/data/btad_original/BTech_Dataset_transformed/01/train/ok/0134.bmp,56c548792722216305f8b344b5b76b3c4e34b2a0ecb48d1af6829d01a5e83961,0
/home/test/data/btad_original/BTech_Dataset_transformed/01/train/ok/0135.bmp,250994baf15ab38d42d93bd2d4fc4161d6c305cacffe06c005e974723f3dfa11,0
/home/test/data/btad_original/BTech_Dataset_transformed/01/train/ok/0136.bmp,a83ab2bdb016814fbc3da7eda23c192da7258ef67e5cb06cdc3723081bd7c4c9,0
/home/test/data/btad_original/BTech_Dataset_transformed/01/train/ok/0137.bmp,4951653d37dbb2bddd7b5ed00a98a0265a2a864390942d37ef9b4772b33496e0,0
/home/test/data/btad_original/BTech_Dataset_transformed/01/train/ok/0138.bmp,a8a9e62c1f7c914d9350703a4daa3aea1f641b11385171789fb27a9848d9fb77,0
/home/test/data/btad_original/BTech_Dataset_transformed/01/train/ok/0139.bmp,7f1441cec9d2745b425246a920c6e01e762826f3e21ab08c25127b6f8456d029,0
/home/test/data/btad_original/BTech_Dataset_transformed/01/train/ok/0140.bmp,b264cca71e095d5ea1fecb2a6ab6ccb358183ea7c19adfb4472e62627e10a6ad,0
/home/test/data/btad_original/BTech_Dataset_transformed/01/train/ok/0141.bmp,ede18d1e4a33b08914fd19730985ef8720d5d3f3b04ff23f3b3cd4a7dfb4ec9a,0
/home/test/data/btad_original/BTech_Dataset_transformed/01/train/ok/0142.bmp,afcb8cb1ecbe6f5263505607649035704ee21ab78e5a989adf2a1008c88edf50,0
/home/test/data/btad_original/BTech_Dataset_transformed/01/train/ok/0143.bmp,6d4e7085f9271658a6cc13cd8eefd97bcbf844a383bc24840ba076c9a2e152be,0
/home/test/data/btad_original/BTech_Dataset_transformed/01/train/ok/0144.bmp,34fe788728c35bfcde982189208836d2a4c3a81446d5e9512fb1b22df5ee0cb5,0
/home/test/data/btad_original/BTech_Dataset_transformed/01/train/ok/0145.bmp,3173f17640340c7a31ff243533c867e2694b6b99009ac6b638315b9ac2d3eb93,0
/home/test/data/btad_original/BTech_Dataset_transformed/01/train/ok/0146.bmp,997ca5f8691ffa293bf5f16c101c5690aa54969d362762451a826f5f6df1a47b,0
/home/test/data/btad_original/BTech_Dataset_transformed/01/train/ok/0147.bmp,7ac4138358cfdf66eb5372cac297da047a02d1d2f49eda0bb6c8ef762c2e7b5a,0
/home/test/data/btad_original/BTech_Dataset_transformed/01/train/ok/0148.bmp,5c2d1eb02177ec6b9dd5c548104de98cec6999f33f13238bbdc9956831dad265,0
/home/test/data/btad_original/BTech_Dataset_transformed/01/train/ok/0149.bmp,c8e79d529fada1507c9c247ee307f5db7d128c3ac42fc9a862d8d674818d9a86,0
/home/test/data/btad_original/BTech_Dataset_transformed/01/train/ok/0150.bmp,3a012e642b1ced526ddb1983003392da8daacae2bd05ae9868641383289323dc,0
/home/test/data/btad_original/BTech_Dataset_transformed/01/train/ok/0151.bmp,2303e217e6df86ba0c70004cfc1ddca4dde9ce52b94c1b62a153d5cfd7e1d981,0
/home/test/data/btad_original/BTech_Dataset_transformed/01/train/ok/0152.bmp,230939f982c24e02e211c4a96c83d8f89218b3dde1996e58f03ce5a41117d9a6,0
/home/test/data/btad_original/BTech_Dataset_transformed/01/train/ok/0153.bmp,1ef1773f3a010c07ebb16db28e016f4bc30447ec78e60e4eba8c32ed4c2e8d75,0
/home/test/data/btad_original/BTech_Dataset_transformed/01/train/ok/0154.bmp,b71843f247c81c548043e37e19382894d6c28eb6e5f0d136f191237f307c0205,0
/home/test/data/btad_original/BTech_Dataset_transformed/01/train/ok/0155.bmp,a8b458fb60520b3501c0f2718372429d021851afbc136b0367516f18477e2ca0,0
/home/test/data/btad_original/BTech_Dataset_transformed/01/train/ok/0156.bmp,a3cd9a62d192988e39257b91dfb273fb4747afadc65d48d4d45ea6838ae37842,0
/home/test/data/btad_original/BTech_Dataset_transformed/01/train/ok/0157.bmp,ae3b549894f8b4c883e6d77acb50582afba56420f4a2829c846db174495bb2e1,0
/home/test/data/btad_original/BTech_Dataset_transformed/01/train/ok/0158.bmp,3c88f53d4aa88321c9a0933f23fb98b57d7cdacc1ac552711cf60e5240153f9b,0
/home/test/data/btad_original/BTech_Dataset_transformed/01/train/ok/0159.bmp,4764d889024e1931115eda516c87d3a0a2b1e4140ca3aba2f62b5ccb7001cb53,0
/home/test/data/btad_original/BTech_Dataset_transformed/01/train/ok/0160.bmp,09cb000aa8a68099367f604df215da67c03076f1a07068c5c7c6bdf473008fd0,0
/home/test/data/btad_original/BTech_Dataset_transformed/01/train/ok/0161.bmp,a7fa1abb0ae7e345850a315c13a827bf321ed97b4af1fce131b35131095568e7,0
/home/test/data/btad_original/BTech_Dataset_transformed/01/train/ok/0162.bmp,6c2fd037fb87fa8d74b8bdf320d6e7dbd6e86316e3ff7ffc55c4dec9df6bb996,0
/home/test/data/btad_original/BTech_Dataset_transformed/01/train/ok/0163.bmp,b4c0337b45068843f0a2930909b62e0aa911cf01c39569193e2d451e01d91258,0
/home/test/data/btad_original/BTech_Dataset_transformed/01/train/ok/0164.bmp,097ec10f9ba9450450d33c1c518d153f5524607413094281bb2377c4400149b4,0
/home/test/data/btad_original/BTech_Dataset_transformed/01/train/ok/0165.bmp,90fba83dedb9506ade77d01a9ffa73b7a5de8abb52d21997a4d21265fb66e12b,0
/home/test/data/btad_original/BTech_Dataset_transformed/01/train/ok/0166.bmp,7b6f6429e827d44765b4156b0af6cd5a4f24fe6855bf985306434a1913b0fdc9,0
/home/test/data/btad_original/BTech_Dataset_transformed/01/train/ok/0167.bmp,8e8eea7f5c1417b17989f5ec734acce719c4c0c956e3137fb2c39789d80107b6,0
/home/test/data/btad_original/BTech_Dataset_transformed/01/train/ok/0168.bmp,32733c192d272f0774231b434ff101c40d6c63a86806773da6112e410570443e,0
/home/test/data/btad_original/BTech_Dataset_transformed/01/train/ok/0169.bmp,ac68f99d9df6babeec10766525ac95b35e7a74f2472d00609b1b529567f09683,0
/home/test/data/btad_original/BTech_Dataset_transformed/01/train/ok/0170.bmp,af86be4ce08130530e5a4916ac65b7cea9492f436c417002df37b0bde413b8f6,0
/home/test/data/btad_original/BTech_Dataset_transformed/01/train/ok/0171.bmp,5c6f2f22862c70bed8bb282e52a54d7cfcdaaef7644a4bb3875232fc4e02530e,0
/home/test/data/btad_original/BTech_Dataset_transformed/01/train/ok/0172.bmp,e6afb1973b8b8e100530671c6378b4e17b992a6f0876f70ae4b35ea4ba997e69,0
/home/test/data/btad_original/BTech_Dataset_transformed/01/train/ok/0173.bmp,17e7ae3bf8c01237a57af72dc89d8160f170250986d68ea273d14c85e9a0fad2,0
/home/test/data/btad_original/BTech_Dataset_transformed/01/train/ok/0174.bmp,68f8ba95b2d58fbddd89f1e6caa3b304cc42f67c9ac128c77c6cbf87a5912802,0
/home/test/data/btad_original/BTech_Dataset_transformed/01/train/ok/0175.bmp,567e4b57eef7bf78072ae9a80024a9562221d1f3634a71a46bb1ad7e5311fc19,0
/home/test/data/btad_original/BTech_Dataset_transformed/01/train/ok/0176.bmp,f25919d70297197b5ad12f672e82c2002a945d2bf177bd4ffe1ce1de393367e9,0
/home/test/data/btad_original/BTech_Dataset_transformed/01/train/ok/0177.bmp,597d7dca69f2c33717caa1775e6bfe94f7e67a6d46dc614f587db0837f216f52,0
/home/test/data/btad_original/BTech_Dataset_transformed/01/train/ok/0178.bmp,64d14eb04ef6fa5e6a40b2f632b3a2d45fee4b2f7115629f963fb4ce70a12697,0
/home/test/data/btad_original/BTech_Dataset_transformed/01/train/ok/0179.bmp,1f1a60b4df4ad1d819ab647f7cfa1e1279687dde59b80a9ce67203214f23fad9,0
/home/test/data/btad_original/BTech_Dataset_transformed/01/train/ok/0180.bmp,3706cba8331af4acf44415df40af51beb54bf6432ec33c2daa6bac12dc8d2d3e,0
/home/test/data/btad_original/BTech_Dataset_transformed/01/train/ok/0181.bmp,065990360ef781d62ea3d13a3bb4f5e48e2f61a33dc1e267c114c400f5421286,0
/home/test/data/btad_original/BTech_Dataset_transformed/01/train/ok/0182.bmp,c670421a7b439b5e846e4671f66515788ae49ee86c3cfb423f56afdbd3beb9c4,0
/home/test/data/btad_original/BTech_Dataset_transformed/01/train/ok/0183.bmp,2b48d8d5e0f3af94464b1677c7ebea3782c59c1856abd270c3513db05d76f2a9,0
/home/test/data/btad_original/BTech_Dataset_transformed/01/train/ok/0184.bmp,4b008129941cdb8fc7190620a505449f49ac26246b64c063f5d2d6cebe706412,0
/home/test/data/btad_original/BTech_Dataset_transformed/01/train/ok/0185.bmp,189ba479d1746de6f0ea98a1b88ea2e4c7be6ac520c8a0aa019c6edd1a8899df,0
/home/test/data/btad_original/BTech_Dataset_transformed/01/train/ok/0186.bmp,9e527c139b3234ae31c7b67a53f92d258a959c1c5d006709490fdac4c6171a46,0
/home/test/data/btad_original/BTech_Dataset_transformed/01/train/ok/0187.bmp,a1b3ab77a9eb140fe68329a70733b38427fb6ac22f5a80c8a09befea76a655d9,0
/home/test/data/btad_original/BTech_Dataset_transformed/01/train/ok/0188.bmp,96cf872b730d380103f0776774c17688cd8d692df21c606266c974f4e5878ad9,0
/home/test/data/btad_original/BTech_Dataset_transformed/01/train/ok/0189.bmp,83ba38d01c99a6cb25b6166b7f808e2c87cac55cbf980b00ade427d4dc444dc6,0
/home/test/data/btad_original/BTech_Dataset_transformed/01/train/ok/0190.bmp,4af6ee96781b2140d13e09577493ef96349ca6eb8ce91c7b227d536fb7038135,0
/home/test/data/btad_original/BTech_Dataset_transformed/01/train/ok/0191.bmp,98c87e1b0196a50a39a855c1ae9ac0812b4b1bcc6b6d0de0373601ce1b4e9660,0
/home/test/data/btad_original/BTech_Dataset_transformed/01/train/ok/0192.bmp,cec8ecd569184344affabbacc6aa2334616bb50a7407c2fd3aa1b70540546ca4,0
/home/test/data/btad_original/BTech_Dataset_transformed/01/train/ok/0193.bmp,cf887908464c56a5801345a6f9f846047362586019fb687ee79c791d02c490cf,0
/home/test/data/btad_original/BTech_Dataset_transformed/01/train/ok/0194.bmp,5b50dd42cb9ab0cf0a8f8de76c91b6120a838bf25e77977ec62cc7e11722cd6f,0
/home/test/data/btad_original/BTech_Dataset_transformed/01/train/ok/0195.bmp,d7753bc46fd3166792d2ffb4deac535e8af51a0a0f9053896c0494a5bff38af8,0
/home/test/data/btad_original/BTech_Dataset_transformed/01/train/ok/0196.bmp,9bfe8e72061ee35af70b1ef0858b9170e14da6df009b956127e3f2fa49e27eb9,0
/home/test/data/btad_original/BTech_Dataset_transformed/01/train/ok/0197.bmp,4464546d1bae8c26322f0b0912d5666600a362f07843967a46d28e43953232ff,0
/home/test/data/btad_original/BTech_Dataset_transformed/01/train/ok/0198.bmp,3f98cd48ea231cc2d30ebd1a44cbbdf5380485fbd00fbbdcba282d1fd72442d3,0
/home/test/data/btad_original/BTech_Dataset_transformed/01/train/ok/0199.bmp,a778e629db730a5675d4b955d11f424cdea7f479a09256f23748b80687dd897c,0
/home/test/data/btad_original/BTech_Dataset_transformed/01/train/ok/0200.bmp,d77fb0f4cccb2e773d73b5865e0ce066b31c9f4fd0dd9c0f329856967edcaa3a,0
/home/test/data/btad_original/BTech_Dataset_transformed/01/train/ok/0201.bmp,433a8c3156eaceec7f01f7e08447fce026c2026bff252d8e4bed4de7961c7b29,0
/home/test/data/btad_original/BTech_Dataset_transformed/01/train/ok/0202.bmp,34e56c9ffcc7c6a7ead1ba0a7da5b14f6366362fbd35514909ad5f65bd5126dc,0
/home/test/data/btad_original/BTech_Dataset_transformed/01/train/ok/0203.bmp,2f4e5ed27ef08b58f03ee5f5315739d19516b19a504552bcb28dd05c06fed029,0
/home/test/data/btad_original/BTech_Dataset_transformed/01/train/ok/0204.bmp,6c8b6bc4edef4acd679e36bc9518d2105b43c280d9ab30b91bccc77ee777e747,0
/home/test/data/btad_original/BTech_Dataset_transformed/01/train/ok/0205.bmp,2a29ecd65d91579cb34743c0e30a13307e565ed48e5453092714139bcdb0a73e,0
/home/test/data/btad_original/BTech_Dataset_transformed/01/train/ok/0206.bmp,9962b5de2fe3cda4017c5396d5a12dc61e734d624717eac0629394e9b7110131,0
/home/test/data/btad_original/BTech_Dataset_transformed/01/train/ok/0207.bmp,ae64e506656d9058439a1b9b0caf381141886d7a1746c7c9ed53353f34602cda,0
/home/test/data/btad_original/BTech_Dataset_transformed/01/train/ok/0208.bmp,6a1023a57a17e3a1b67634707f3c41a2af8edc78d0f79ad8e688a547f06bc3cc,0
/home/test/data/btad_original/BTech_Dataset_transformed/01/train/ok/0209.bmp,823289fddc130874b3deda7984d1274ccfe5348667ebe87982a2e5b3e455198e,0
/home/test/data/btad_original/BTech_Dataset_transformed/01/train/ok/0210.bmp,222ea08db2fa488d02acf172fb9110ee2af0d19ef4517a06068d60f0183c4647,0
/home/test/data/btad_original/BTech_Dataset_transformed/01/train/ok/0211.bmp,56555b9c42cc7b6e1d9c66c0e34908940a966a9a624177618e716bd375f1a7f0,0
/home/test/data/btad_original/BTech_Dataset_transformed/01/train/ok/0212.bmp,132985de2aef6dd35f463846c9f1b019ee169313a4aa8415aeef5c4b31d99a97,0
/home/test/data/btad_original/BTech_Dataset_transformed/01/train/ok/0213.bmp,4ed9e1e7846be393bd386c02c652f4cb5fcf8cfaaf6e00e614228305333428d5,0
/home/test/data/btad_original/BTech_Dataset_transformed/01/train/ok/0214.bmp,3fd9378706dba2825f2761c9bb1f098bd4b4d0556466b406d539c1029be05655,0
/home/test/data/btad_original/BTech_Dataset_transformed/01/train/ok/0215.bmp,4d9e9c484a7a38993af11ed8d673d27d982f20287173e5d8095e335aafae8b7a,0
/home/test/data/btad_original/BTech_Dataset_transformed/01/train/ok/0216.bmp,fb727b9113a0173ae80065a08d107b975d74834ef29849af68854aeb8592fe92,0
/home/test/data/btad_original/BTech_Dataset_transformed/01/train/ok/0217.bmp,fa54c9bc97de3a786973b08249c6858ddf7db0b9383e8ceeae1d573aa017dca9,0
/home/test/data/btad_original/BTech_Dataset_transformed/01/train/ok/0218.bmp,cd8f08a90d3f2475a2c3b556a16145eb77c965611965a8adebf927f9a01389af,0
/home/test/data/btad_original/BTech_Dataset_transformed/01/train/ok/0219.bmp,61f9c6facf920dcfd991027bfe37ee0cb2902776267cb71986edd60c5d64811f,0
/home/test/data/btad_original/BTech_Dataset_transformed/01/train/ok/0220.bmp,9326e59ca6801a562bfb2339e5e9f2d91eb20adf9d3056867038be1b6cedf8c0,0
/home/test/data/btad_original/BTech_Dataset_transformed/01/train/ok/0221.bmp,b3b4f9dbfdffbb4aa99684ac9429cc81d920ad36313bf0b5a02fef31c5955d2e,0
/home/test/data/btad_original/BTech_Dataset_transformed/01/train/ok/0222.bmp,9ffaa785f493f67ea9a2a4b6deb143939f7801586afbc13b3078b9aeffc2cf3b,0
/home/test/data/btad_original/BTech_Dataset_transformed/01/train/ok/0223.bmp,2b73fa8583e794b15e18ec2c352850fec0db94515a528b771957eddff88cbef7,0
/home/test/data/btad_original/BTech_Dataset_transformed/01/train/ok/0224.bmp,f6186c8808c41d5f0e7f8618e181dcaa8d83aa9dd2fcd7d7b81d9e902763bada,0
/home/test/data/btad_original/BTech_Dataset_transformed/01/train/ok/0225.bmp,0dc40b3fe96d0b69d258fed1ca5d431f993cb940c48bc961cb882ed7675bc7a0,0
/home/test/data/btad_original/BTech_Dataset_transformed/01/train/ok/0226.bmp,91b2c0503a2a3ea532cd35daa989cd6c03856ebcc38b22ae39f106d7d15069ff,0
/home/test/data/btad_original/BTech_Dataset_transformed/01/train/ok/0227.bmp,b9fbcebbdcbfdc724935cad21b6a979ec2267dcec1de589578c1f840e3012c5a,0
/home/test/data/btad_original/BTech_Dataset_transformed/01/train/ok/0228.bmp,cb9e791840c2ffae0d08bec3f7a3262d84637f9cf17f84b24e59f7ec8238931b,0
/home/test/data/btad_original/BTech_Dataset_transformed/01/train/ok/0229.bmp,2000d0e1a07d2e289b6d0eedef96e590f9a7b126c978976e9dde6672527eb864,0
/home/test/data/btad_original/BTech_Dataset_transformed/01/train/ok/0230.bmp,e8feae696453c50161c668812482fc2b558922e7f236e1b929e7fd288033bdb5,0
/home/test/data/btad_original/BTech_Dataset_transformed/01/train/ok/0231.bmp,c962f229cf2bd17fdb08f5e2fe07e3bb3377885a6b2daaff16b10285f4b2ceac,0
/home/test/data/btad_original/BTech_Dataset_transformed/01/train/ok/0232.bmp,ddddd1f2e2e07c36d3e1f532f23fb4331f9c75f17ea9db3d33936ecc37a0d154,0
/home/test/data/btad_original/BTech_Dataset_transformed/01/train/ok/0233.bmp,86d4663224d4fab6d1a3af733904d9e700c23f4cc8287ebead3b9cbf70bbf7d5,0
/home/test/data/btad_original/BTech_Dataset_transformed/01/train/ok/0234.bmp,5bbec8f6b66c79a12881d219ca647705c0daf4d25ea037145357fb3cae27bb4a,0
/home/test/data/btad_original/BTech_Dataset_transformed/01/train/ok/0235.bmp,b3517b0e79c51234ce2a40f71a8d5de8646a8e72965c6f837a97e9ae02403c14,0
/home/test/data/btad_original/BTech_Dataset_transformed/01/train/ok/0236.bmp,520a9974eca2db07b62ff6478f7f9ab6dbe053a3839975c1073fa6bcc4cc95d8,0
/home/test/data/btad_original/BTech_Dataset_transformed/01/train/ok/0237.bmp,b2778d9892fd33c1c76a1893ebbbe2ed0407e4ce2b3e08af0f93fdf4cbf8ca35,0
/home/test/data/btad_original/BTech_Dataset_transformed/01/train/ok/0238.bmp,e3280730ff810a195a03288ef30e5d3c513d169555ef1b995d4daa5bb57182ee,0
/home/test/data/btad_original/BTech_Dataset_transformed/01/train/ok/0239.bmp,495e513ac0f459c508f8e247232c1f2dd9292bbbaebddf6118686026bc9f75e0,0
/home/test/data/btad_original/BTech_Dataset_transformed/01/train/ok/0240.bmp,940e52816d51ed5101e6c30ae65d16600d479ccfd958478d341a427ef786f6f8,0
/home/test/data/btad_original/BTech_Dataset_transformed/01/train/ok/0241.bmp,e5045235f4914b4529c6b39d80f6da0fff8224d05578847f97e13870cf799012,0
/home/test/data/btad_original/BTech_Dataset_transformed/01/train/ok/0242.bmp,e2f1c20ff8e7ed362ec5f64b1c7c11299b291bae8865767c9d330a3cc4fc6d3c,0
/home/test/data/btad_original/BTech_Dataset_transformed/01/train/ok/0243.bmp,deadc6c0f71cd2070349824195dd4518f401660cdfd4ef6f2f2f16fa05536a6c,0
/home/test/data/btad_original/BTech_Dataset_transformed/01/train/ok/0244.bmp,4ff6e257f3907a647899a5a1ead41d34ac19f98a5ddeeb068709bb8c1f958c5e,0
/home/test/data/btad_original/BTech_Dataset_transformed/01/train/ok/0245.bmp,64a485c35ace845f69a22be45b67455eb820c60b546eb9b741bf9e80512cfe8a,0
/home/test/data/btad_original/BTech_Dataset_transformed/01/train/ok/0246.bmp,16603be93ac1fdc588473de9ea25ec23d7e1d9b5bf067cbd88cfcbeeabcf902f,0
/home/test/data/btad_original/BTech_Dataset_transformed/01/train/ok/0247.bmp,d1e04b83bdef5360565489f13b3f62929ae567f7fe1e12f77a353d2bf54f50fe,0
/home/test/data/btad_original/BTech_Dataset_transformed/01/train/ok/0248.bmp,fc8fe0d5b9ff1f78ff1cb8dd92b9bf8d0c5882faa529e73372bf2cdeff7b7b54,0
/home/test/data/btad_original/BTech_Dataset_transformed/01/train/ok/0249.bmp,d92105c37759aaf845d5056e8951eef91ee98dd7182650d2097af4cdf66eb686,0
/home/test/data/btad_original/BTech_Dataset_transformed/01/train/ok/0250.bmp,6770688f34a325db08d2ab85c3935241f3012e8b4827a555ffa4f5459e927ed5,0
/home/test/data/btad_original/BTech_Dataset_transformed/01/train/ok/0251.bmp,bb66e89a4fa1dab1cfcd1a66eca271a7d28e65c2c321f0596cb7b5faf330a4f4,0
/home/test/data/btad_original/BTech_Dataset_transformed/01/train/ok/0252.bmp,3bf48a7e612e2f3e16bebb55ed9f60e6c0e195d1b7fe2adce3bf298c96293406,0
/home/test/data/btad_original/BTech_Dataset_transformed/01/train/ok/0253.bmp,fd2bb5a8bcc2dfd27708c2b248254885c29ddb459fdf868ccc22d04fd9a5cb1b,0
/home/test/data/btad_original/BTech_Dataset_transformed/01/train/ok/0254.bmp,1718acd0570e8be0fb4f60dae953180fe7176b9977f6976e2b08a7a787d36edb,0
/home/test/data/btad_original/BTech_Dataset_transformed/01/train/ok/0255.bmp,c6649a3d8b30f70930b7b77d7d1fb501f216fd235b413ab9bbc944c45854aa79,0
/home/test/data/btad_original/BTech_Dataset_transformed/01/train/ok/0256.bmp,1b552106a53c28b0c7718e403dc5cd2bec962f7764707e8c98c857e5392c55ee,0
/home/test/data/btad_original/BTech_Dataset_transformed/01/train/ok/0257.bmp,7fc4c6d2b2ae21c01c0efa634ff08852765b0d3905a4dba468dc2d7b8df93054,0
/home/test/data/btad_original/BTech_Dataset_transformed/01/train/ok/0258.bmp,9a8d8a8b1a332abd430d3700aa69523f202c96751164f8d243667f677e761cb7,0
/home/test/data/btad_original/BTech_Dataset_transformed/01/train/ok/0259.bmp,84553e334bff7f42ae1183a346bbdab29888661e059c9c4ff3ffa604eab4cca6,0
/home/test/data/btad_original/BTech_Dataset_transformed/01/train/ok/0260.bmp,2cf4a60fd2efbabbac94567450806a7c43733e7782819a6ee1e8ba70e8f34753,0
/home/test/data/btad_original/BTech_Dataset_transformed/01/train/ok/0261.bmp,52b56e642a7f9fd479562b80e32c75669f42bc783a17774a689b852c991cc2c1,0
/home/test/data/btad_original/BTech_Dataset_transformed/01/train/ok/0262.bmp,bc59104d1b25e1b13a4231cc21e168d0a5663a69e7fd640fdbe8000afb077ae9,0
/home/test/data/btad_original/BTech_Dataset_transformed/01/train/ok/0263.bmp,2a1f61d48d0d98abf0baa8880ef9a7860ceb15cec7f561a7e12252ba7f7882ee,0
/home/test/data/btad_original/BTech_Dataset_transformed/01/train/ok/0264.bmp,e11039ac61b53a607005ced2cfcc3e69763ae96b434f96cb929fa69331bc4074,0
/home/test/data/btad_original/BTech_Dataset_transformed/01/train/ok/0265.bmp,55b74454e022babb8dcdeea4f8f6c655b298d54a49fd6521a18c37cbc270553b,0
/home/test/data/btad_original/BTech_Dataset_transformed/01/train/ok/0266.bmp,bab3331347e6dd322e27eaa9589313df7b2379b497acda823a366ae4b1097b46,0
/home/test/data/btad_original/BTech_Dataset_transformed/01/train/ok/0267.bmp,00b368fd4adee9b4551d548f2e3b5f3c760f22b8fa39ea2984a0a316653136d5,0
/home/test/data/btad_original/BTech_Dataset_transformed/01/train/ok/0268.bmp,bd77a310217d902a3ff11a50abc3c1467ae73075d41a052e2941931e01938c5e,0
/home/test/data/btad_original/BTech_Dataset_transformed/01/train/ok/0269.bmp,f577937910890b6488b456f823d1818a9d3cf578205b54a7ac175b002b7ca446,0
/home/test/data/btad_original/BTech_Dataset_transformed/01/train/ok/0270.bmp,80dfae2b3304e55f51954dbc318f0584732d93f956312439169740119b6b2ced,0
/home/test/data/btad_original/BTech_Dataset_transformed/01/train/ok/0271.bmp,7347de1720b707b8daf55e53c7b9ea210cf674723f89918666c56b990d1f60d6,0
/home/test/data/btad_original/BTech_Dataset_transformed/01/train/ok/0272.bmp,b3e82c6377d6168ac36f6af37d63d539472c26e31bbf8f03d570887ab777caf6,0
/home/test/data/btad_original/BTech_Dataset_transformed/01/train/ok/0273.bmp,1c13f1c9969943ef84e28bd3799b7ee571e116d87cb2c347dda1b6d2187ccb54,0
/home/test/data/btad_original/BTech_Dataset_transformed/01/train/ok/0274.bmp,8d904d0bbe66254abc0f5bdcd0a866de8cf91b78e865c47a0e92b07818c246ae,0
/home/test/data/btad_original/BTech_Dataset_transformed/01/train/ok/0275.bmp,ad64d699d4338b2fd44fa91d96b93e199a1b9085df7940fa2ed76856d9955989,0
/home/test/data/btad_original/BTech_Dataset_transformed/01/train/ok/0276.bmp,0cfedc8f60e19375f7f57e85498d4a4f3165e349744a9e39cb23d8f0f2b9de6e,0
/home/test/data/btad_original/BTech_Dataset_transformed/01/train/ok/0277.bmp,f95adea833f47e6228de6cb86d06c6a90cf097252bc6448077965f517d90b075,0
/home/test/data/btad_original/BTech_Dataset_transformed/01/train/ok/0278.bmp,e63d60b3da67a3141fb05563fc00ab7707886bd49b6113b4e37fca9a4312951d,0
/home/test/data/btad_original/BTech_Dataset_transformed/01/train/ok/0279.bmp,f84985240a855b51548bc416b92743781fe2a373499103db1de569afe3fe4981,0
/home/test/data/btad_original/BTech_Dataset_transformed/01/train/ok/0280.bmp,a2cd944e09013ae07662ee1e974258c0ab42091e1b1948d604934027e5fadb63,0
/home/test/data/btad_original/BTech_Dataset_transformed/01/train/ok/0281.bmp,8adc89ed9169a5a1ee018c1fec2fca709f34a437d77c522ba50012b83f1d9848,0
/home/test/data/btad_original/BTech_Dataset_transformed/01/train/ok/0282.bmp,9b5385ca7ad16739dfc9941da688a945ea919b792b10dc9d362265219301669a,0
/home/test/data/btad_original/BTech_Dataset_transformed/01/train/ok/0283.bmp,e6a5a2a037dc023ba11822e6e702210f878bd26c743edabbd08dec858c78808b,0
/home/test/data/btad_original/BTech_Dataset_transformed/01/train/ok/0284.bmp,7d867c2757a6c56ab8b9234c04ae24d1444911ca6adba82877cb20038c53b4f0,0
/home/test/data/btad_original/BTech_Dataset_transformed/01/train/ok/0285.bmp,c16788ac14400870ed2d964a19bd6d1e6a649a674d26f0a67ae21e265b107ea5,0
/home/test/data/btad_original/BTech_Dataset_transformed/01/train/ok/0286.bmp,651b08f3d014fe052b7340272e298eeeeeef285217928004eaacad4100d86b78,0
/home/test/data/btad_original/BTech_Dataset_transformed/01/train/ok/0287.bmp,10a6f69d08840ad70ad268ec4d8ed56372d899ef722e3a0c11dad4eab5246871,0
/home/test/data/btad_original/BTech_Dataset_transformed/01/train/ok/0288.bmp,22fb8e335c55603b49196959a1b9e34fbe8485d6190813cbc51c568ba546638d,0
/home/test/data/btad_original/BTech_Dataset_transformed/01/train/ok/0289.bmp,b08000e2444836be00a9d2a0bb11613af6407ce4d868ae1965950e503af8a937,0
/home/test/data/btad_original/BTech_Dataset_transformed/01/train/ok/0290.bmp,7a303d2761debc01cc1fc8de593e7a3979b60eb5f41f514aa2f244371f9270d7,0
/home/test/data/btad_original/BTech_Dataset_transformed/01/train/ok/0291.bmp,65f1c1422d902fe81016f98f121b0b2b2039f92dd1805032fa32fdeb2d6c4d64,0
/home/test/data/btad_original/BTech_Dataset_transformed/01/train/ok/0292.bmp,5c81ec828f01f44eb995e106421c66ecf720575cc2575bd145c65d532a7a7d17,0
/home/test/data/btad_original/BTech_Dataset_transformed/01/train/ok/0293.bmp,469eae15af9c93ebc0461b125b4e41b0c14e4db9a14d7f9ba1931a4539987117,0
/home/test/data/btad_original/BTech_Dataset_transformed/01/train/ok/0294.bmp,f46eca4b9d0800c0be6f81b5bf8a962f57cd44943e123695e07aa87ce1a91f59,0
/home/test/data/btad_original/BTech_Dataset_transformed/01/train/ok/0295.bmp,2413f3bf60bf1615705dbbf30705959e4f752e859b713eb2148b128fe974252a,0
/home/test/data/btad_original/BTech_Dataset_transformed/01/train/ok/0296.bmp,b843e90d2de75ac6cd064595cdc95d62e003b0686fa9209ea77a1808a95ba8ca,0
/home/test/data/btad_original/BTech_Dataset_transformed/01/train/ok/0297.bmp,cb968ae5d6770fa8266795b081be047a9e5507fd75e9d3812cb6a386e822c7e4,0
/home/test/data/btad_original/BTech_Dataset_transformed/01/train/ok/0298.bmp,d0b3076bacc3c8a71649359d9f2314e2b32afc16cea233c0356241106291f538,0
/home/test/data/btad_original/BTech_Dataset_transformed/01/train/ok/0299.bmp,7480a9e86125e0991c00f69c60e8f08939fa59e4bc5857cf4639c9191562cd0f,0
/home/test/data/btad_original/BTech_Dataset_transformed/01/train/ok/0300.bmp,43da42f9bea7d38a45020eb36759bc8a0fedab2a9d2468da700419904cc4e987,0
/home/test/data/btad_original/BTech_Dataset_transformed/01/train/ok/0301.bmp,f23570e87546d906804e2bfd4967f35beadbf74308ebe1b08ad25d13c3bd0a53,0
/home/test/data/btad_original/BTech_Dataset_transformed/01/train/ok/0302.bmp,05623fe314f5715bbae3c293ab2a1aef557d19465366f389d6204ec3a22be8e4,0
/home/test/data/btad_original/BTech_Dataset_transformed/01/train/ok/0303.bmp,7675785447ea32646b3f610a1ad244920feea51db139d486ed89dc5a569e5f46,0
/home/test/data/btad_original/BTech_Dataset_transformed/01/train/ok/0304.bmp,9208e9b9ba96c0562efeea61db8209a62dc7a3b4674d2254e667223fd53030f6,0
/home/test/data/btad_original/BTech_Dataset_transformed/01/train/ok/0305.bmp,7bd3f2c649a8fd10ed5923e346becbdabe57cc55498dc3cf14d33bfaf694d0cf,0
/home/test/data/btad_original/BTech_Dataset_transformed/01/train/ok/0306.bmp,5447b0d2c1d2b5ff328a6a1385ea6d1b4451a5f707dd8b735f98fa8433ad6697,0
/home/test/data/btad_original/BTech_Dataset_transformed/01/train/ok/0307.bmp,eaf74aeb4f687b02ff184bb5de175f3641956fd21dd18d8cce18c85f7d27194f,0
/home/test/data/btad_original/BTech_Dataset_transformed/01/train/ok/0308.bmp,4c91339c6df481d0d3a8b938ef31c47693c9004a26b590591e27ea28d919dd8f,0
/home/test/data/btad_original/BTech_Dataset_transformed/01/train/ok/0309.bmp,6ec487f56d9f3ebf87197f2576078a91e628cd8ce3813be1e393d2c4f08d5f56,0
/home/test/data/btad_original/BTech_Dataset_transformed/01/train/ok/0310.bmp,16f05b0e1a203adc652a4b92745f18ca56c8f3b81e8886e7b4be3b9874cc826f,0
/home/test/data/btad_original/BTech_Dataset_transformed/01/train/ok/0311.bmp,60059c6da82ea24c7ad844e30008635fd77ed88f6301df239871728497353e24,0
/home/test/data/btad_original/BTech_Dataset_transformed/01/train/ok/0312.bmp,f746be9241d51920ad5c2787fd9ef51eadaf3439eda6d4ed4b2cd8cb853e988d,0
/home/test/data/btad_original/BTech_Dataset_transformed/01/train/ok/0313.bmp,7de16490fd76f450e9a59deef75b8566257f9cb656f823e0539f4dd9c743f40f,0
/home/test/data/btad_original/BTech_Dataset_transformed/01/train/ok/0314.bmp,bfb1db9820093eb24424924bf4fe9ac4215771a3f5ebd4f9e89c44f1cc3bcae8,0
/home/test/data/btad_original/BTech_Dataset_transformed/01/train/ok/0315.bmp,1d31cf2b6ef0f7b42f3685319b99f89266b065a33c057d75f765aa43cf9ef2e9,0
/home/test/data/btad_original/BTech_Dataset_transformed/01/train/ok/0316.bmp,bc6994850ab50821c34db7f00e1a78431ffa03cad25a49e2ab918a2324345d5d,0
/home/test/data/btad_original/BTech_Dataset_transformed/01/train/ok/0317.bmp,73b9d8ce0aef43cc20739f96fccf98a3f96c8282b290022cd1bf198a315f6d27,0
/home/test/data/btad_original/BTech_Dataset_transformed/01/train/ok/0318.bmp,6e423280800bf2909d285d352d077e5d65e69c1a764deb4e291a3806b01bc17b,0
/home/test/data/btad_original/BTech_Dataset_transformed/01/train/ok/0319.bmp,80e1169ad2e53b91a2250f93f8ad966cc7cf6ed67e0aad206e46d9025232fcd9,0
/home/test/data/btad_original/BTech_Dataset_transformed/01/train/ok/0320.bmp,166145d9d6bfce7177f1e3c9ff024de79c1ebca5cfd4665c8ca345e8b10af648,0
/home/test/data/btad_original/BTech_Dataset_transformed/01/train/ok/0321.bmp,00cd7631c9153b8511063b2833c8c691a260c3307f22c48c99e7ce85bca2b9d2,0
/home/test/data/btad_original/BTech_Dataset_transformed/01/train/ok/0322.bmp,2a5f3539c98db34d60874ee257ba8580a60e02f6a86d1b07cf96f4bbe03d706c,0
/home/test/data/btad_original/BTech_Dataset_transformed/01/train/ok/0323.bmp,eb04fa1778c6512d7dd869bf19252a872136686a00889574c4cf1db89c62748e,0
/home/test/data/btad_original/BTech_Dataset_transformed/01/train/ok/0324.bmp,306c665509e2076fe4fa600fd097a0504830b1da091bb1f6a48313b2c2d9e82c,0
/home/test/data/btad_original/BTech_Dataset_transformed/01/train/ok/0325.bmp,13f0b1b1fe8fbecd0af5a6abaec48170e23a4d9d6d0f0cfb7e59e4e1490347d2,0
/home/test/data/btad_original/BTech_Dataset_transformed/01/train/ok/0326.bmp,303d1d7b0ed90d40ce1e9fcb3a60ee344a910b7a6fd12da4f83d386ff3dfed97,0
/home/test/data/btad_original/BTech_Dataset_transformed/01/train/ok/0327.bmp,6b74909d4cb1e06080ad06e439560c110854637f3016aec3120c867df7732760,0
/home/test/data/btad_original/BTech_Dataset_transformed/01/train/ok/0328.bmp,e8203060b035faa4fe5b1fe0fed769485b14c5b63e1c2ae639e573812e8bff10,0
/home/test/data/btad_original/BTech_Dataset_transformed/01/train/ok/0329.bmp,b75800016537a6b5309b916f807adbf4df85a3383e4456a7a7c4e2f0da9cb52a,0
/home/test/data/btad_original/BTech_Dataset_transformed/01/train/ok/0330.bmp,5bab5cf3713791c0bb571d44ef1e921bb44d661b513dd72ab5f52ed59b1fede3,0
/home/test/data/btad_original/BTech_Dataset_transformed/01/train/ok/0331.bmp,928516dc4f4977f618bd83ac0b92417c6b99818479b0ef41e5b37b0c84ab2195,0
/home/test/data/btad_original/BTech_Dataset_transformed/01/train/ok/0332.bmp,dc7be9ae2104db5710a18303f64c02caa3a45b2fa358220310dd1530765ee51e,0
/home/test/data/btad_original/BTech_Dataset_transformed/01/train/ok/0333.bmp,ca0886e38aeec68f6d544307d1f33a98477cc2bb865b0c26e04e21b30c887aa9,0
/home/test/data/btad_original/BTech_Dataset_transformed/01/train/ok/0334.bmp,b39ab8039a6224d37818dd61dc02891f8a15d09b03202ff2a3d143785cd57d7c,0
/home/test/data/btad_original/BTech_Dataset_transformed/01/train/ok/0335.bmp,b4f5ea483230324a1e3ac0ffd682bb012363c7589563c5f636312eaa4af71e01,0
/home/test/data/btad_original/BTech_Dataset_transformed/01/train/ok/0336.bmp,e3ae364c22d7657d0e10de72e8d885d7b4633132b1e822176ccdbf22b891c5ea,0
/home/test/data/btad_original/BTech_Dataset_transformed/01/train/ok/0337.bmp,5d636bf3ca739cbe4e3df4572889fe5530667d69d7b3503205494aaa11a89186,0
/home/test/data/btad_original/BTech_Dataset_transformed/01/train/ok/0338.bmp,37863b0aae4b06293f853d8cef9914a97b4c79b6b742a8b6c201f531bdc1bf9d,0
/home/test/data/btad_original/BTech_Dataset_transformed/01/train/ok/0339.bmp,98f55f175ad1b5e1e59f79432517c4beee5f17deb15a60d642a3858b65cf87e1,0
/home/test/data/btad_original/BTech_Dataset_transformed/01/train/ok/0340.bmp,df8da1e994fb4c4d656584d46e1d251de0c51aa1cfbaa6af1f53f98d32ac62ce,0
/home/test/data/btad_original/BTech_Dataset_transformed/01/train/ok/0341.bmp,c0a0e1d04b5db4b4f40b08b627abbd7c17d6bd7eaa20608721bde404222bc473,0
/home/test/data/btad_original/BTech_Dataset_transformed/01/train/ok/0342.bmp,10b5081d84c09f7f2d17593ccbdb50053abd5e116d40250de5e3ed80b376d5a0,0
/home/test/data/btad_original/BTech_Dataset_transformed/01/train/ok/0343.bmp,8cb8378cd9348574d42a9eab8c15779d9db3cf879ddae15c657a2dc83a97576d,0
/home/test/data/btad_original/BTech_Dataset_transformed/01/train/ok/0344.bmp,f83302e9c9fa3d52a9ae8505bab2eea6c864de7a7b5a64ed23c6a13ac8b0d904,0
/home/test/data/btad_original/BTech_Dataset_transformed/01/train/ok/0345.bmp,645eef0ab4b6e60149ced2c6e9f518354462407e0fbf16fda8ae55bc0c4e1825,0
/home/test/data/btad_original/BTech_Dataset_transformed/01/train/ok/0346.bmp,84468edac25fe0cacc34a07acd9506f255b109b468a504a5387a508f974aba59,0
/home/test/data/btad_original/BTech_Dataset_transformed/01/train/ok/0347.bmp,f6d0b509b63509d9d40a35c8299c70d88b6e6374a9068043347b82e343c94948,0
/home/test/data/btad_original/BTech_Dataset_transformed/01/train/ok/0348.bmp,23a5c6dfd5fe7783c5344a632e991dd73b176a4f8ce2eb9e404b9c6b5b187830,0
/home/test/data/btad_original/BTech_Dataset_transformed/01/train/ok/0349.bmp,cf4fe5ff86b28ecd3cf9d62894bd338f3fdb9c51a7ffcc9cf583e5150ac723c3,0
/home/test/data/btad_original/BTech_Dataset_transformed/01/train/ok/0350.bmp,5391d7c68c5c1ea63067da005d6035599019591dd5e11a5d73b2500fa7ee8e66,0
/home/test/data/btad_original/BTech_Dataset_transformed/01/train/ok/0351.bmp,cfc9d5fdd50e113b10ee4f5f77164e4a5ab737a5cbfe7060873f8cc18a1ac02e,0
/home/test/data/btad_original/BTech_Dataset_transformed/01/train/ok/0352.bmp,a0e19fc95fc000989f28bedd9ed6d3a2f3647eb376d0f193adcc3883e9a4db84,0
/home/test/data/btad_original/BTech_Dataset_transformed/01/train/ok/0353.bmp,2583e3571a9c1766671a24f5a8633de329cec95b56cea42183cb99aae56951be,0
/home/test/data/btad_original/BTech_Dataset_transformed/01/train/ok/0354.bmp,37b8a45b070fcd4fbc7e2bc53c4094c84af40636be910f9e422318ee34a1a568,0
/home/test/data/btad_original/BTech_Dataset_transformed/01/train/ok/0355.bmp,f8823cfb7ea1e6581b2c5d76f9862e98f84913d8d619979047eadc7c140400c1,0
/home/test/data/btad_original/BTech_Dataset_transformed/01/train/ok/0356.bmp,5d06207b00cc6989e81b37bc7078893431fed15aa93dd75a32d0e7c5838c2bdd,0
/home/test/data/btad_original/BTech_Dataset_transformed/01/train/ok/0357.bmp,cb00d35ce3117d897c18fbabb3c30760cea575507dc599e3c2ed8291eb14dde7,0
/home/test/data/btad_original/BTech_Dataset_transformed/01/train/ok/0358.bmp,e734517aefadfe1ec9b6f944e7be457a13c0c7cd1900953eb14faabbd5d6f789,0
/home/test/data/btad_original/BTech_Dataset_transformed/01/train/ok/0359.bmp,42382888881fb9d2ba4526490e81c99aacdf569bee41b1f6ac7f02302109d849,0
/home/test/data/btad_original/BTech_Dataset_transformed/01/train/ok/0360.bmp,bbdbe5a9da74e70a5447095c7a13f49b6d8e4c23d6133c939c20e33f20b5ee07,0
/home/test/data/btad_original/BTech_Dataset_transformed/01/train/ok/0361.bmp,a0bb8c7ffa3fe50b8aa4e749fc90ca52a700be4a314d24868b8b53cb6c4e1688,0
/home/test/data/btad_original/BTech_Dataset_transformed/01/train/ok/0362.bmp,fc87dc32c9c190964041206fd88169543e2c6fe4d9ceae6703b6d218468a7534,0
/home/test/data/btad_original/BTech_Dataset_transformed/01/train/ok/0363.bmp,cb143f043307739fe173094fb4bded4cfbc69fb9da3ea19972ceb59fe35b9624,0
/home/test/data/btad_original/BTech_Dataset_transformed/01/train/ok/0364.bmp,08d749cf42d003a233a6888ba0af2d6e79c666a2feea3ef55962e2262562f2d7,0
/home/test/data/btad_original/BTech_Dataset_transformed/01/train/ok/0365.bmp,6e6f12eb7b42db28a1d00370ff7ab3d6846629dd14f55277fb650e891b63779d,0
/home/test/data/btad_original/BTech_Dataset_transformed/01/train/ok/0366.bmp,a0d73e1940692d064088c45abf1393f4f92cb3e0fd2fb5a16318eb26355f58b8,0
/home/test/data/btad_original/BTech_Dataset_transformed/01/train/ok/0367.bmp,4fac6dea99e04511c5783baa7a929e2ea0726c0f38deb78c9e6744af47d38911,0
/home/test/data/btad_original/BTech_Dataset_transformed/01/train/ok/0368.bmp,ac157679c5b19c4ee7f05f50967d4b2cda1f7e00f6c8fae00b2a834b485353dc,0
/home/test/data/btad_original/BTech_Dataset_transformed/01/train/ok/0369.bmp,ff0140e6cd2e146f0fe51449e95109616a3c5daaf1e495d139676f3fcb4fdad8,0
/home/test/data/btad_original/BTech_Dataset_transformed/01/train/ok/0370.bmp,f6e98de66f31af59aceaf834022bc014c2525bcdf021078912e4d4be97719ed4,0
/home/test/data/btad_original/BTech_Dataset_transformed/01/train/ok/0371.bmp,b925e236e427f0cd03c3617177d472b0d36cad359f8321b2a4eafc79e414cbd3,0
/home/test/data/btad_original/BTech_Dataset_transformed/01/train/ok/0372.bmp,166be1da00137fac6479a8d94b2b178285de489c910027d668ee015beaac047a,0
/home/test/data/btad_original/BTech_Dataset_transformed/01/train/ok/0373.bmp,ffae7c0b7c6e26633c230fba2f3e5c9dcf3c75047c7c3d68c73f47aec44e3368,0
/home/test/data/btad_original/BTech_Dataset_transformed/01/train/ok/0374.bmp,dfd27a61d2a55c13ad4ccdee9a6d1f235f4ab8411ae2b1a64480d8dff2670cf4,0
/home/test/data/btad_original/BTech_Dataset_transformed/01/train/ok/0375.bmp,09e57f3ed981da3a3eab637f4986439ccbc6f152b53314bf843964b460f7f03a,0
/home/test/data/btad_original/BTech_Dataset_transformed/01/train/ok/0376.bmp,7dbc685ed7800f8d6156b59473ec33dd5ec136b3a91cf8b6140acda4dca89e8a,0
/home/test/data/btad_original/BTech_Dataset_transformed/01/train/ok/0377.bmp,391cec9ba23fc13d371ba859f609c67adecfad6a8a64302a94e2dd3e362ca7af,0
/home/test/data/btad_original/BTech_Dataset_transformed/01/train/ok/0378.bmp,613352680ca63ed94a3738ef48762063d297ab7d38449c57fe967a6e2bf2bba5,0
/home/test/data/btad_original/BTech_Dataset_transformed/01/train/ok/0379.bmp,a3e9d8aa774f3ce2876daa229e3a3ba78904aa9da5d5eb1ade4944aa0a9ff336,0
/home/test/data/btad_original/BTech_Dataset_transformed/01/train/ok/0380.bmp,4989c29b8af83ba026f97879af79a4921806b080ebb9bb5be97832eea63f8b0c,0
/home/test/data/btad_original/BTech_Dataset_transformed/01/train/ok/0381.bmp,ca4dd3a1dfc816c6b95c97a7b6182dc625d4039b08f4efc14ad7b513f12358f0,0
/home/test/data/btad_original/BTech_Dataset_transformed/01/train/ok/0382.bmp,2c293af082b6fd346662ad5cd9aea070c365b56b66e3a851914109feadf52307,0
/home/test/data/btad_original/BTech_Dataset_transformed/01/train/ok/0383.bmp,1243a12e1c4d771db10a8177cbc979d5c0a9b57ac8405ae881ebf4fb57081d6c,0
/home/test/data/btad_original/BTech_Dataset_transformed/01/train/ok/0384.bmp,66ed2992f9e734b58bcc6eab936a9326847572239d0f4d9530f4192bdf7eba8e,0
/home/test/data/btad_original/BTech_Dataset_transformed/01/train/ok/0385.bmp,6452985e8538b73e30012b9eec21df516b37cc3538e8d812e56c5d4d3c8373fb,0
/home/test/data/btad_original/BTech_Dataset_transformed/01/train/ok/0386.bmp,2c0a46ddcfc4d59c7615a0e0b5ae25e21c0bbd1e46674825c7dc3b3223e0929c,0
/home/test/data/btad_original/BTech_Dataset_transformed/01/train/ok/0387.bmp,06ffc1c90de46874e32a2915bf520434455f666b4d787f4aba71b3ae8d5bceaa,0
/home/test/data/btad_original/BTech_Dataset_transformed/01/train/ok/0388.bmp,39d941dda821d1eb1c2c78f4f6a6366d838433d6913398e9a78b5256e28119f7,0
/home/test/data/btad_original/BTech_Dataset_transformed/01/train/ok/0389.bmp,1b591522baca71e3699a546a2e4784d8bb6b3f4807ae1eed4509f10430d98003,0
/home/test/data/btad_original/BTech_Dataset_transformed/01/train/ok/0390.bmp,92608575c01afcb46f20a7f4d4a808db7b46e10a8199a1c00046f7a62e3f6ac6,0
/home/test/data/btad_original/BTech_Dataset_transformed/01/train/ok/0391.bmp,dff264a7dc7879068e8c5095a302c6ee7b0664fd9eebd95f0b2fbe95ac963227,0
/home/test/data/btad_original/BTech_Dataset_transformed/01/train/ok/0392.bmp,1106a7545482badb8d1961fce0adf5fdfb47d70654a64c0e61406084eb5517ae,0
/home/test/data/btad_original/BTech_Dataset_transformed/01/train/ok/0393.bmp,326f7c251d0026523a8abda24cf378b7e3895e317b1ac805ffb347655abf108c,0
/home/test/data/btad_original/BTech_Dataset_transformed/01/train/ok/0394.bmp,3ccf655734cc34489731543a5a5d2ec6591c115d522c8f1536a94217c1969ff7,0
/home/test/data/btad_original/BTech_Dataset_transformed/01/train/ok/0395.bmp,3ac271343274724238131be740dc81fd66d1cc9a1f805e5775f9848c769b7ea1,0
/home/test/data/btad_original/BTech_Dataset_transformed/01/train/ok/0396.bmp,26cde417ed9a3a0bea37c772c5d82e2919f79704d6d5bf6dee957beb9fd9b478,0
/home/test/data/btad_original/BTech_Dataset_transformed/01/train/ok/0397.bmp,7c3b66e4f64f1d1cbe2f21211c5550bbcf3d3614ea8bbba2768d0283f7095643,0
/home/test/data/btad_original/BTech_Dataset_transformed/01/train/ok/0398.bmp,8dd42fd5a08c61d726531f0c02dde9dff4433ef643bfa979b58566f7067e0f4c,0
/home/test/data/btad_original/BTech_Dataset_transformed/01/train/ok/0399.bmp,77ee98f0d7f40ffea9981b550028ab6a8499e4cb4677210cea3aa7522bac6a49,0
