image_path,sha256,label,score
/home/test/data/mvtec/zipper/test/broken_teeth/000.png,a4e1c5a988d05432b59e3ffadfab2dd643503740232b8d8ce48d9c9bf58d7606,1,0.4178549349308014
/home/test/data/mvtec/zipper/test/broken_teeth/001.png,fd1b972947bad6859709d7ec515c04821ed656068fc708bb7a785cb1b80f8332,1,0.8358623385429382
/home/test/data/mvtec/zipper/test/broken_teeth/002.png,08a59195d246909ad9cf8f284f298b180e00c26cf856a56b8b8e2ea41ae918fe,1,0.4063168168067932
/home/test/data/mvtec/zipper/test/broken_teeth/003.png,15f4d692b1da6a618f38e08d8777ac4341c7ce0dd10d4e3af38d75ca52eddc4d,1,0.6295300126075745
/home/test/data/mvtec/zipper/test/broken_teeth/004.png,523d94acdb40d5632c9770a1866420192ecc2c1d5a2bf10de93f598db961aba1,1,0.4986068308353424
/home/test/data/mvtec/zipper/test/broken_teeth/005.png,0528b134f96342eff650843a9810e45be71bf882f44e5e1e1488c8efe6571866,1,0.48400554060935974
/home/test/data/mvtec/zipper/test/broken_teeth/006.png,f538018aec81f298ce3c5492b3183a5db8a5573a0670a6cd9b4b161a77220d87,1,0.5702610611915588
/home/test/data/mvtec/zipper/test/broken_teeth/007.png,64c6206096480cbad4c22f98a6b2c8ce2434d781585732e4e75a31668320eebf,1,0.636293888092041
/home/test/data/mvtec/zipper/test/broken_teeth/008.png,7d21df30419be81cce9d8bcf6637a5ed70a6e79dda27037d704b286754b20b30,1,0.5023398399353027
/home/test/data/mvtec/zipper/test/broken_teeth/009.png,a3779dacda88730e8bcc74cab0e8cd80f29d03c14439826322a1a9eb7151406e,1,0.4313700199127197
/home/test/data/mvtec/zipper/test/broken_teeth/010.png,8218d3136226ad241827d875deca1257d7aaf81ac375376fe7829bbd7b03f881,1,0.7122368216514587
/home/test/data/mvtec/zipper/test/broken_teeth/011.png,b17c1ed8e6fbc6060f19c7e4ec4cee3e5039d43d89012ca9dee42dc59b84cc36,1,0.7705848217010498
/home/test/data/mvtec/zipper/test/broken_teeth/012.png,75bcd3b8d661932a22d119698e31f6fb0a74b04c106a1eed755dc4f6bee27cf6,1,0.5008396506309509
/home/test/data/mvtec/zipper/test/broken_teeth/013.png,cd8cb6be6713e26973c444acd329fdccf1d325bf62bcc83920c123e0fa9972e2,1,0.6339985728263855
/home/test/data/mvtec/zipper/test/broken_teeth/014.png,e7282f6b7e08a3d6a3277c371d67508929ca71a8d862339b9597077cbd681a32,1,0.48501113057136536
/home/test/data/mvtec/zipper/test/broken_teeth/015.png,9817dc214b75d7a87fee175c554b4cf1dc2b0d63eb0b76ffced11764036d90ce,1,0.46652621030807495
/home/test/data/mvtec/zipper/test/broken_teeth/016.png,33a1244925fe44b858638c755ca0baceb8265390c2177795bb04a9b5e488c7fb,1,0.5906163454055786
/home/test/data/mvtec/zipper/test/broken_teeth/017.png,906db3372b01ca4a5731eee6d9a13b0c7799af97c08ae1d7f565efed91816d8a,1,0.7344915866851807
/home/test/data/mvtec/zipper/test/broken_teeth/018.png,b142164568a0eab13d44b54baed63d9716d8c86c73152bc45432e71916095506,1,0.6182434558868408
/home/test/data/mvtec/zipper/test/combined/000.png,c2fc8a1e126f030702098a3cab7a0d6b7239a008cad7e494f8cb2cad5be07969,1,0.7427045702934265
/home/test/data/mvtec/zipper/test/combined/001.png,c50ad4a57c3920fc87bb2a3ce847b68a07db0fcc2fef9bb15366ec4eaa1be996,1,0.43531349301338196
/home/test/data/mvtec/zipper/test/combined/002.png,495123f71088c56e5a20ac736d1c067358e27873a2e68e1eee4e3bf193474acf,1,0.4007473587989807
/home/test/data/mvtec/zipper/test/combined/003.png,0e09e5ae4299686f6c487f2576982f4a261f4d59bcf2a381e32ea661546cce0f,1,0.6938543319702148
/home/test/data/mvtec/zipper/test/combined/004.png,e991bcb7712ba3c145cf17a85f5ba700a7f23991d5a3eca0f88a1ed3c74ff8cc,1,0.47944873571395874
/home/test/data/mvtec/zipper/test/combined/005.png,a64b0ffe77cdaafb8f526c9e25e6ed1686f7e7aed6975c62a87838c19072a6be,1,0.907548189163208
/home/test/data/mvtec/zipper/test/combined/006.png,358cf0c3cb76b26f61afd14ec77bbd3b5b447f0bb92acb346a151a0f92953f93,1,0.8169693946838379
/home/test/data/mvtec/zipper/test/combined/007.png,7ec005b02420bea7981896e338f4066d692c6f2fc854b273b8ddcf57eda358bc,1,0.43460121750831604
/home/test/data/mvtec/zipper/test/combined/008.png,8e7cb183023cb3ec1f77a55b5999ffb764104d11a11a72e2aab8c172dd4a222a,1,0.7267324924468994
/home/test/data/mvtec/zipper/test/combined/009.png,d67414264f7e511ca5945c26d59a77527ccfd653fd867a223a81345de63a5b9e,1,0.8005805611610413
/home/test/data/mvtec/zipper/test/combined/010.png,470e8283973aea5ede7982fad361750b51ef4d2b40f957a700c460df20ecba95,1,0.773266613483429
/home/test/data/mvtec/zipper/test/combined/011.png,197de19377fd555282a46c820d2769a8fe90455e8728dc8f14d8261268d2c227,1,0.8173660635948181
/home/test/data/mvtec/zipper/test/combined/012.png,ae36643573b661d850920760b8d0c1d982d7316f6628dc0f058101e449d25866,1,0.43759751319885254
/home/test/data/mvtec/zipper/test/combined/013.png,82f16c89b9d5dfaba8e519a44b5cbd44d64ced89bb6c77167c5b85637300bef4,1,0.5839632749557495
/home/test/data/mvtec/zipper/test/combined/014.png,ecbbaba5dc20f928502617fcb54240ded083201880aa1acaf82e560427a98fbd,1,0.45478931069374084
/home/test/data/mvtec/zipper/test/combined/015.png,9d4de46cbae670f1322f6e33d70df8fc2c5ed7066c83976ed56c0e7818829ef4,1,0.8080213069915771
/home/test/data/mvtec/zipper/test/fabric_border/000.png,f28ec21a1c190f6184dbf119c51eeceb889e199b8ec519708fda9a2887b8b4ac,1,0.6985279321670532
/home/test/data/mvtec/zipper/test/fabric_border/001.png,6f7d27c964a64c61f1ce029e130d4013fbf5fcd7e886561263d078f4dbc0829c,1,0.8052322268486023
/home/test/data/mvtec/zipper/test/fabric_border/002.png,b621434e83b0d7005c30ef1e7281fff4b8adcf64b54e7fbb5429f46ee8db1511,1,0.3735024333000183
/home/test/data/mvtec/zipper/test/fabric_border/003.png,d9f1d1f61926a9b8e585d013fb950f0aa56e27a0ad03557ae1f197fcbd4f2c32,1,0.7381287813186646
/home/test/data/mvtec/zipper/test/fabric_border/004.png,ed994892cd4443e8159421270beaeaba8564bf3746fe969a8e8f6e97c0bbc62f,1,0.714415431022644
/home/test/data/mvtec/zipper/test/fabric_border/005.png,2cb5946e6cd719e131169784267ebe210d987f680d4845cc404a0456f73877c7,1,1.0
/home/test/data/mvtec/zipper/test/fabric_border/006.png,53dc722bf76d011a35954032fe3258b438c5486eb324df47d2a741749419f2d5,1,0.6029831767082214
/home/test/data/mvtec/zipper/test/fabric_border/007.png,637eb45d9f3bfb77e7ddd03ec972f0d90a6b6e347ade2671dd18c442695be91a,1,0.6456866264343262
/home/test/data/mvtec/zipper/test/fabric_border/008.png,534b804df68674145f5c029ea84ab1d3f267faf0f03dfff3684aa7a17116f9ee,1,0.6809729337692261
/home/test/data/mvtec/zipper/test/fabric_border/009.png,68d0912ff916a82a0e243e595dc07b69d215c8ed6085826b9a7f13b1c7fa2957,1,0.5927746295928955
/home/test/data/mvtec/zipper/test/fabric_border/010.png,dc80cac98261eb137b600c5674d89282ea7dc089eaf5fd64a8c1af4b3a350dfc,1,0.7032411098480225
/home/test/data/mvtec/zipper/test/fabric_border/011.png,d51aa804cdc7354b26bb86d077225e7402f21d33287755ccc7ac623e83cabcbc,1,0.7659221887588501
/home/test/data/mvtec/zipper/test/fabric_border/012.png,af4cd86a579406d1c9a078a5845d43a44a0827db37cecab1f19f71da480c9a18,1,0.4988834261894226
/home/test/data/mvtec/zipper/test/fabric_border/013.png,d2bd93532d09846fb3ebed4b5854a23b50bf2e56cde6bbbc4822b2c024236940,1,0.5266611576080322
/home/test/data/mvtec/zipper/test/fabric_border/014.png,65354d967a5f1e7a42ba4cfed3e676b2519de0adeff3a75c93e0bf1c6da71be6,1,0.6261787414550781
/home/test/data/mvtec/zipper/test/fabric_border/015.png,9cadbaba03f1de6e69839377cce2e0f4097847ec9a5344280a89738169dfa5c8,1,0.7522958517074585
/home/test/data/mvtec/zipper/test/fabric_border/016.png,53ce71743e0b53000a53545500e8645729233d7a210eccbc03ae96f091907b45,1,0.7493051886558533
/home/test/data/mvtec/zipper/test/fabric_interior/000.png,5b3a22edd0bb9a306f78fd1ce3b2a77d4522b4ecb0ecf41c39c85fc90ed1519d,1,0.36008960008621216
/home/test/data/mvtec/zipper/test/fabric_interior/001.png,54e097e87f3b801bb79d8e45aa945891c85a2c82868d666f08689e946d0cd5c4,1,0.40449845790863037
/home/test/data/mvtec/zipper/test/fabric_interior/002.png,e8b533465dc6d59ee7998c059c47acc5a0012319b0b699d4ffaccb1d4ec762d3,1,0.5674810409545898
/home/test/data/mvtec/zipper/test/fabric_interior/003.png,618b40eb12d6fc502fcdec7203d9f0e0f6f0dc20a1875f1e70ae98a7ea446b7e,1,0.49678292870521545
/home/test/data/mvtec/zipper/test/fabric_interior/004.png,02d0236a13396f956e4a10998629489b25ce0518c5692db7463cc8e4b8058eff,1,0.4785098135471344
/home/test/data/mvtec/zipper/test/fabric_interior/005.png,60574ea87c9d0233e5e984b7e631cb4c361bc5744755e98685640381ffef5804,1,0.43158113956451416
/home/test/data/mvtec/zipper/test/fabric_interior/006.png,5b88ee5a9d79136bbc4c1bc546c350db9a53a010967960ef4d01c4e037ff7747,1,0.531566321849823
/home/test/data/mvtec/zipper/test/fabric_interior/007.png,bc4bbfd87b9d9a59d538f9c1d2d74b9c5f0c74bc1500e5a03bba5ecea601e443,1,0.33526289463043213
/home/test/data/mvtec/zipper/test/fabric_interior/008.png,b74b05a5be69513248cedf97de36634ee53b00dbd43f09309e637a071c1dee7c,1,0.5044468641281128
/home/test/data/mvtec/zipper/test/fabric_interior/009.png,6ecc814914dfc3487f53dd50861692e9102bf491ea7ce0b78bea7c20b89de72e,1,0.4326261579990387
/home/test/data/mvtec/zipper/test/fabric_interior/010.png,d841a8b6cd87ffddab9275f70e375a6807c2d2d7e274143ee991dd0da84b3bf4,1,0.3467334806919098
/home/test/data/mvtec/zipper/test/fabric_interior/011.png,8ccae1361689344593df81312737e5e6dc6ed0ee97a8dcf6e01e87f6158b4fc2,1,0.41999781131744385
/home/test/data/mvtec/zipper/test/fabric_interior/012.png,0371337384423e478e15ff786ad3cb72531adf6280aecff18e5501510f321758,1,0.4010617136955261
/home/test/data/mvtec/zipper/test/fabric_interior/013.png,ebf456c0702b1593913617fc6fcdb67717ab32130ae13f8ef722e9b147861868,1,0.4541582763195038
/home/test/data/mvtec/zipper/test/fabric_interior/014.png,f27d203976c49c2da9b3b1302326f90d2c5682de67fd2602a4aa731ccf4924b1,1,0.4624262750148773
/home/test/data/mvtec/zipper/test/fabric_interior/015.png,f52661b73961577d0733e9226fa5878c6acc2dd61743c5ac5493894ad569495c,1,0.3777184784412384
/home/test/data/mvtec/zipper/test/good/000.png,d32509278132f15d01ec1c3fd59e9b6514c28ad29c238ebd5b4b07443b23c5ad,0,0.31900888681411743
/home/test/data/mvtec/zipper/test/good/001.png,b7f55ee492ae582e990e46768a98f06b37a4d629b95aa87529cfda2dc73aff86,0,0.33401209115982056
/home/test/data/mvtec/zipper/test/good/002.png,4ac47a00cc93633c5a36327d5842daa9475eace765c76d12b1b29237a4b61557,0,0.3699861168861389
/home/test/data/mvtec/zipper/test/good/003.png,ff4740780325896cb9aa3928d87c20f78e8dea7d831f93dad399d673cce510ea,0,0.3288060426712036
/home/test/data/mvtec/zipper/test/good/004.png,ca139a8fcb13aff1db2557d938d4a0ba86a048331d512b831a182821d0563724,0,0.4205322265625
/home/test/data/mvtec/zipper/test/good/005.png,19b8be5ae0290cd51947c694ba62f9334c7411000c4c284d3409f3b51957ddd7,0,0.3544670343399048
/home/test/data/mvtec/zipper/test/good/006.png,e63464a83a2855b02e719ec42f7b39fc89423204372744bc3921ca4f7da46a52,0,0.32749637961387634
/home/test/data/mvtec/zipper/test/good/007.png,329fcb01d48d87d9c6c6df565aac89e6c6a6fa02bf5862c8391184aedbd780e4,0,0.3886632025241852
/home/test/data/mvtec/zipper/test/good/008.png,7bae2193a46e72a67026426962a03d6385e8e18f0999b8c094894c3e42e6aeb0,0,0.29694968461990356
/home/test/data/mvtec/zipper/test/good/009.png,0ba02cb6f7a0785f21c318df7929dcab6b22044b8f65f56b1b991a2c26db4faa,0,0.3256152272224426
/home/test/data/mvtec/zipper/test/good/010.png,75f8ff1749e37ce7a420502ddc019e0fb028a91d80c381f32872c69f43e05e78,0,0.3302854895591736
/home/test/data/mvtec/zipper/test/good/011.png,78b295c1b43cac98a40aab49967ecd1f3d76fa810794a89c3d709062913d8a39,0,0.35315045714378357
/home/test/data/mvtec/zipper/test/good/012.png,45211c7605ff9f66a18f6f131f597125f38040747b15c62f9136685d28da2f79,0,0.34971708059310913
/home/test/data/mvtec/zipper/test/good/013.png,6aa1f58975f37eb187101fc9fd62ba58c2fe695487bc297789d146c3a4f35183,0,0.37155988812446594
/home/test/data/mvtec/zipper/test/good/014.png,c7d060d93b7c4fda4c4e752e89ceda60c0b85a0962eaa51f67b8a32f6a28e538,0,0.35173073410987854
/home/test/data/mvtec/zipper/test/good/015.png,2a43c029b1135c6ec01dcdc1132f3abd79daa3f8d581ccc4b7f7dcb959376eb6,0,0.3427634835243225
/home/test/data/mvtec/zipper/test/good/016.png,b654b948eecb58a26adc7b401382819a984019c14036f438c3be92c7108d45b3,0,0.30138981342315674
/home/test/data/mvtec/zipper/test/good/017.png,bc644f1e1a4910b223f18c829cb7bfae54f42b457aaf04c68294e1d7774fcd1f,0,0.36204397678375244
/home/test/data/mvtec/zipper/test/good/018.png,340d94030f0b5ff91f093144ca7c0b79d6ad3093330234c085842e48acc5af93,0,0.4233871102333069
/home/test/data/mvtec/zipper/test/good/019.png,df755175674491f9cc6cac62a04e9bf800f9c6e532ad3a57beda36c89866801b,0,0.41105735301971436
/home/test/data/mvtec/zipper/test/good/020.png,d8cbdd5727508fd7055322d2eb0ad9f28abeebd208e025794006f23745741ef7,0,0.3331114947795868
/home/test/data/mvtec/zipper/test/good/021.png,eecbdb724fad9b1d35fd4fa555a0c32213884504ce9d60dfc64a5734fe0fdbdb,0,0.6743131875991821
/home/test/data/mvtec/zipper/test/good/022.png,f939d5b6b48b3d0834d42ad4b4660835a8b423af3fd963eae11dc437895d16a3,0,0.818573534488678
/home/test/data/mvtec/zipper/test/good/023.png,e31d13ab7f9b2b1f89f39e80688a5fedac6141fe28c3ff41afdf63e0536f29b7,0,0.34732571244239807
/home/test/data/mvtec/zipper/test/good/024.png,5647763d41c628d0c574591d6f0a2cf009c72c48988f58afda372bd6d8d91003,0,0.33017733693122864
/home/test/data/mvtec/zipper/test/good/025.png,c32d4c002026eb7d39c568b88210e90f916e3a386a72b422da766377357c7670,0,0.3453124165534973
/home/test/data/mvtec/zipper/test/good/026.png,39802264883854d8659b8291c719465e94dfe429b13817e29a5226d6114df498,0,0.3443898856639862
/home/test/data/mvtec/zipper/test/good/027.png,03a1ca6f3f97b54a6a9e4b322f08b2f31ab775dbc79c67540a8679237c5e89e8,0,0.3810160160064697
/home/test/data/mvtec/zipper/test/good/028.png,132ef4a3f450cd35c429181896e8865b8775206273ed5366a1e08846fa68c49e,0,0.37301105260849
/home/test/data/mvtec/zipper/test/good/029.png,76fbbf18f5748d69f467004c412951f0329a02f716bf6c3648ca31986f267e3c,0,0.3745149075984955
/home/test/data/mvtec/zipper/test/good/030.png,b3c9f2a64c0f652c21184477f0597c3e9a121ab81639c90fbf082cc4d6794adc,0,0.39291709661483765
/home/test/data/mvtec/zipper/test/good/031.png,8c5a712dd2a88b3039e2f1381cd2f0240f20259c31f8e03e0b4df5338c17f6d7,0,0.367171049118042
/home/test/data/mvtec/zipper/test/rough/000.png,537d90f69d35a16680263515f82030db4c5c9a8be488966a859600afab6629e5,1,0.617570161819458
/home/test/data/mvtec/zipper/test/rough/001.png,9cc1646cdea3759f4489db792b738cee36a1f6a2869a0446e0af51c7b3ed1b7a,1,0.8868159055709839
/home/test/data/mvtec/zipper/test/rough/002.png,033d60e7d1e5f96142e2ff7ed3d701be624c3341640d2c1601e6b736f3c4da4b,1,0.5706653594970703
/home/test/data/mvtec/zipper/test/rough/003.png,a3dd238ec3ca3cddb9ff9c58a1fb77fa76a23b366938cfc52f43e13abd8affa7,1,0.7240880727767944
/home/test/data/mvtec/zipper/test/rough/004.png,020feefcc0ea058158dcc155e77dc99c476f7d42555cb3d7163a9302f619e2b9,1,0.6426554918289185
/home/test/data/mvtec/zipper/test/rough/005.png,25631097b062eabc5907710f2faa9a8dbdf2219563e78b334e4806384ad5f02f,1,0.6945473551750183
/home/test/data/mvtec/zipper/test/rough/006.png,c76f0cf84a75778f771f500daa9112e1b4f7dba75787f34c251498320c4c3e92,1,0.5137849450111389
/home/test/data/mvtec/zipper/test/rough/007.png,a42fcc71d9b1d643746468a2e09f651b329edcc66041ae1ac6ebb0c903c3fa7a,1,0.6104604005813599
/home/test/data/mvtec/zipper/test/rough/008.png,124abc98b2b995c3a44ff3d79b8e0ee92338cc9887914a2a1ad095cc1db59cc7,1,0.5889250040054321
/home/test/data/mvtec/zipper/test/rough/009.png,f00552b0e7b162b9274294a3ebef0ab84aef0028b9a1e8872d4a0c9c9a41f60f,1,0.8149449825286865
/home/test/data/mvtec/zipper/test/rough/010.png,2c19581a27f0642e47dea1d22d51cae7c8a8c0211b0dd298278bd41f6a16e81d,1,0.7413457632064819
/home/test/data/mvtec/zipper/test/rough/011.png,d7584e27a71381ee37e7fb96fed1f0765f5f8eff2264830e4c0d0502b2e8d9b4,1,0.7004266977310181
/home/test/data/mvtec/zipper/test/rough/012.png,a64aa55fa09735cfef1ebee63aa5430707091d88e1a155d8f1ba4e0ee46707c8,1,0.5244906544685364
/home/test/data/mvtec/zipper/test/rough/013.png,5f8fa510ff8a9a43c6fbbbf2e803d6acbb375cfc8f831892a65e92ed191b4078,1,0.7786268591880798
/home/test/data/mvtec/zipper/test/rough/014.png,22e2bc7ed4a909f9fa6c79b45d79cf6ddf991aae5e93c7fa2f34e49b55e050f9,1,0.4971674382686615
/home/test/data/mvtec/zipper/test/rough/015.png,f7997b89a6bd94323bfc014b42f8b2dcae858345a457a524108ba0447170464b,1,0.730725109577179
/home/test/data/mvtec/zipper/test/rough/016.png,8a7ef9c5335ffe7535649ef92dae5c71bb81baa36110a35639e147dfd1c0c3b4,1,0.6873682737350464
/home/test/data/mvtec/zipper/test/split_teeth/000.png,2aea4c9097600dfca5a1cdbac8d89df285cb8a252849be5ebe1f745ccb778ba2,1,0.3837180435657501
/home/test/data/mvtec/zipper/test/split_teeth/001.png,7a06cea1cb2be155b1f623ad9e4cf9e01e0b2e896bf44d4f554ebe8858785e2c,1,0.48842015862464905
/home/test/data/mvtec/zipper/test/split_teeth/002.png,eca2279339f57f1074bb0d9096108abb13843a02601108403021c9d17e15a867,1,0.5026058554649353
/home/test/data/mvtec/zipper/test/split_teeth/003.png,e9af0012b97ea5eecacbc69f07b08c2153732e529d349b34e858e95c0131e260,1,0.42846983671188354
/home/test/data/mvtec/zipper/test/split_teeth/004.png,1d3a3a1069acdbaecf65f5cc7eb3d29fae0acf625e18e34ff9236b08617e2132,1,0.6256767511367798
/home/test/data/mvtec/zipper/test/split_teeth/005.png,623b30610fe92aad3d6ed7c0ba68a99c2a3a42919050e2c3d376b5175e43af2f,1,0.39904120564460754
/home/test/data/mvtec/zipper/test/split_teeth/006.png,1777e9f112b6fed14e79d1bfbd1854dbf7d2f3440f6b1d7fdfdb9a552a6ee6e5,1,0.4628201723098755
/home/test/data/mvtec/zipper/test/split_teeth/007.png,153eeec44233912ba45e5b42ed0c4b129776171e0e398edaf60ee16ba4d7087b,1,0.409082293510437
/home/test/data/mvtec/zipper/test/split_teeth/008.png,c93099a3c07cf51963dc8fcd0c39ae661943dd588e6e9c8121758ecdc8ac4676,1,0.37870192527770996
/home/test/data/mvtec/zipper/test/split_teeth/009.png,c510dc218c2a0ec0c2b753ba7e74278fac30f6377a687cb6b3ddb9318e9b6a4a,1,0.44578081369400024
/home/test/data/mvtec/zipper/test/split_teeth/010.png,a7895c86f01f4afa03f5ef72e07928549df6ec301a818362ff1e3b8de8cebbcf,1,0.49283143877983093
/home/test/data/mvtec/zipper/test/split_teeth/011.png,b88ea2c948b868efec81207b0caff15a741d56a90dbd6511fdfd9a4c942591eb,1,0.4395895004272461
/home/test/data/mvtec/zipper/test/split_teeth/012.png,2a0c332c2bad1b5f37869b2a1539e216ab86b03995769b6144c62334e1cae50a,1,0.5558701753616333
/home/test/data/mvtec/zipper/test/split_teeth/013.png,9516234f19a050b628627d0f0a74449ec394720bdef8368a380af980692d7699,1,0.43422627449035645
/home/test/data/mvtec/zipper/test/split_teeth/014.png,48d54313cf26ac883ae945e3265b65f5026eba3b928ddf5d1948e30c12502b48,1,0.4788055121898651
/home/test/data/mvtec/zipper/test/split_teeth/015.png,44e389d8b7026e8b39eda16573482de58ff378c026ba147c4bd9d8205e50ba0f,1,0.5841416716575623
/home/test/data/mvtec/zipper/test/split_teeth/016.png,1b3d32f89f3e4b2d4a6a0fa7739c14feabaea742417013f15732c5608b03f530,1,0.5097419619560242
/home/test/data/mvtec/zipper/test/split_teeth/017.png,edcae561152477f86b13753aee7523c2dbe97b227f3a6a561b189d9645fd9a92,1,0.5601397752761841
/home/test/data/mvtec/zipper/test/squeezed_teeth/000.png,d4656f10fd8bfcc6bca24aae2c4087ceaeb1f2d2262884f06ff7df12d077f842,1,0.49017199873924255
/home/test/data/mvtec/zipper/test/squeezed_teeth/001.png,0570e88723c7f271c2d265ee923fe55d63dc64073d2d946cbe58ff425be7357e,1,0.51206374168396
/home/test/data/mvtec/zipper/test/squeezed_teeth/002.png,40e6a8065bff5436c1c29490febf569009111a9bc24bc95105d13667583676a1,1,0.5297462940216064
/home/test/data/mvtec/zipper/test/squeezed_teeth/003.png,b5d8c7f7d1e155cd6f9cec922674b36fac8e9c4f99c980ba275806273fc5a1d6,1,0.5418957471847534
/home/test/data/mvtec/zipper/test/squeezed_teeth/004.png,667ea265b4cb53b612bbd34915b4b2c653782935df7128c962a64a28bb4ce49a,1,0.596662700176239
/home/test/data/mvtec/zipper/test/squeezed_teeth/005.png,e2876db02d7cb84b5fd385e1a4b55ec045bc8e0beef29cd340e891b845478005,1,0.4942218065261841
/home/test/data/mvtec/zipper/test/squeezed_teeth/006.png,682e11c3cfc75bd09c6b33676fedefc253fd14252717ac24db978163aa609bd7,1,0.37127819657325745
/home/test/data/mvtec/zipper/test/squeezed_teeth/007.png,c93029102acc45c7b51cc3ba49ae7f04d1347493dfa7bcba11646c8e7b1bba30,1,0.4865289628505707
/home/test/data/mvtec/zipper/test/squeezed_teeth/008.png,a6c2c26dab0bdc5e3cfc0600000b2e9d53cd9e5b963c6e04d9c61ed51caeff0a,1,0.33830296993255615
/home/test/data/mvtec/zipper/test/squeezed_teeth/009.png,6c8a1451b0050eefe5aae1fc8c58974fe151172d4a734e52edfdb6cb79d085a8,1,0.43779224157333374
/home/test/data/mvtec/zipper/test/squeezed_teeth/010.png,8bad26c97eaf7400ff827f6781d6e0789261741a28d2942d38be254607f128c8,1,0.5980232357978821
/home/test/data/mvtec/zipper/test/squeezed_teeth/011.png,3a1a9ace6babede79e50e81ceb5c83524f7d1e88032b31234b8afa9d0118af69,1,0.5432438850402832
/home/test/data/mvtec/zipper/test/squeezed_teeth/012.png,f82862ac5a1cec9a4b3afd0e83f63865a892ac0bb6e1c469fe09bc5465a1a12e,1,0.38012516498565674
/home/test/data/mvtec/zipper/test/squeezed_teeth/013.png,e1bcf32992496a19dac4bdf36dbe80fd3f4f02907933655c79294c3196072f8b,1,0.45215582847595215
/home/test/data/mvtec/zipper/test/squeezed_teeth/014.png,cbfe9ba4607aacfdf86a67cd051b72f03bd503727443ed8a3592ea16d19426c8,1,0.5179169774055481
/home/test/data/mvtec/zipper/test/squeezed_teeth/015.png,e4b5056dc9ff509843cef2c138c603aafb669563c00e222950d4001763b69b95,1,0.6216891407966614
