image_path,label,score_before,score_after
/home/test/data/mvtec/zipper/test/broken_teeth/000.png,1,0.39832979440689087,0.28541049361228943
/home/test/data/mvtec/zipper/test/broken_teeth/001.png,1,0.715221643447876,0.559424638748169
/home/test/data/mvtec/zipper/test/broken_teeth/002.png,1,0.34339842200279236,0.168741837143898
/home/test/data/mvtec/zipper/test/broken_teeth/003.png,1,0.5386640429496765,0.48861822485923767
/home/test/data/mvtec/zipper/test/broken_teeth/004.png,1,0.505335807800293,0.3015488088130951
/home/test/data/mvtec/zipper/test/broken_teeth/005.png,1,0.42088329792022705,0.21712398529052734
/home/test/data/mvtec/zipper/test/broken_teeth/006.png,1,0.6089601516723633,0.39227795600891113
/home/test/data/mvtec/zipper/test/broken_teeth/007.png,1,0.5361270308494568,0.3620578348636627
/home/test/data/mvtec/zipper/test/broken_teeth/008.png,1,0.4893108010292053,0.2904491126537323
/home/test/data/mvtec/zipper/test/broken_teeth/009.png,1,0.41741424798965454,0.26570290327072144
/home/test/data/mvtec/zipper/test/broken_teeth/010.png,1,0.6023650169372559,0.4839000403881073
/home/test/data/mvtec/zipper/test/broken_teeth/011.png,1,0.7640005350112915,0.5937392711639404
/home/test/data/mvtec/zipper/test/broken_teeth/012.png,1,0.48569706082344055,0.3723171651363373
/home/test/data/mvtec/zipper/test/broken_teeth/013.png,1,0.5628465414047241,0.47903069853782654
/home/test/data/mvtec/zipper/test/broken_teeth/014.png,1,0.4512813985347748,0.2440265417098999
/home/test/data/mvtec/zipper/test/broken_teeth/015.png,1,0.42350220680236816,0.23934513330459595
/home/test/data/mvtec/zipper/test/broken_teeth/016.png,1,0.4564419090747833,0.19483201205730438
/home/test/data/mvtec/zipper/test/broken_teeth/017.png,1,0.6931331157684326,0.5794686079025269
/home/test/data/mvtec/zipper/test/broken_teeth/018.png,1,0.6053678393363953,0.510703980922699
/home/test/data/mvtec/zipper/test/combined/000.png,1,0.7679433226585388,0.5703670978546143
/home/test/data/mvtec/zipper/test/combined/001.png,1,0.44449910521507263,0.24425233900547028
/home/test/data/mvtec/zipper/test/combined/002.png,1,0.39757364988327026,0.21054653823375702
/home/test/data/mvtec/zipper/test/combined/003.png,1,0.6258168816566467,0.44893041253089905
/home/test/data/mvtec/zipper/test/combined/004.png,1,0.42031130194664,0.34103238582611084
/home/test/data/mvtec/zipper/test/combined/005.png,1,0.8403522372245789,0.7221359610557556
/home/test/data/mvtec/zipper/test/combined/006.png,1,0.8381001949310303,0.7209463715553284
/home/test/data/mvtec/zipper/test/combined/007.png,1,0.42717117071151733,0.24117495119571686
/home/test/data/mvtec/zipper/test/combined/008.png,1,0.6363041400909424,0.44460928440093994
/home/test/data/mvtec/zipper/test/combined/009.png,1,0.7784522771835327,0.5389824509620667
/home/test/data/mvtec/zipper/test/combined/010.png,1,0.7447609901428223,0.6366600394248962
/home/test/data/mvtec/zipper/test/combined/011.png,1,0.6900179982185364,0.5773621201515198
/home/test/data/mvtec/zipper/test/combined/012.png,1,0.516609787940979,0.33442795276641846
/home/test/data/mvtec/zipper/test/combined/013.png,1,0.6206042766571045,0.5092580914497375
/home/test/data/mvtec/zipper/test/combined/014.png,1,0.4354446828365326,0.23357701301574707
/home/test/data/mvtec/zipper/test/combined/015.png,1,0.807857871055603,0.6996706128120422
/home/test/data/mvtec/zipper/test/fabric_border/000.png,1,0.6518705487251282,0.49483928084373474
/home/test/data/mvtec/zipper/test/fabric_border/001.png,1,0.7586981058120728,0.5339652299880981
/home/test/data/mvtec/zipper/test/fabric_border/002.png,1,0.41585013270378113,0.3345119059085846
/home/test/data/mvtec/zipper/test/fabric_border/003.png,1,0.7122397422790527,0.5871021747589111
/home/test/data/mvtec/zipper/test/fabric_border/004.png,1,0.712742269039154,0.589076042175293
/home/test/data/mvtec/zipper/test/fabric_border/005.png,1,1.0,0.7307989597320557
/home/test/data/mvtec/zipper/test/fabric_border/006.png,1,0.6127243041992188,0.5149139761924744
/home/test/data/mvtec/zipper/test/fabric_border/007.png,1,0.6732566952705383,0.45310667157173157
/home/test/data/mvtec/zipper/test/fabric_border/008.png,1,0.6404641270637512,0.5260366797447205
/home/test/data/mvtec/zipper/test/fabric_border/009.png,1,0.6312866806983948,0.5043054223060608
/home/test/data/mvtec/zipper/test/fabric_border/010.png,1,0.7017171382904053,0.6038539409637451
/home/test/data/mvtec/zipper/test/fabric_border/011.png,1,0.6713288426399231,0.5417928695678711
/home/test/data/mvtec/zipper/test/fabric_border/012.png,1,0.4649970233440399,0.3908822536468506
/home/test/data/mvtec/zipper/test/fabric_border/013.png,1,0.5807310342788696,0.39962682127952576
/home/test/data/mvtec/zipper/test/fabric_border/014.png,1,0.5584376454353333,0.4356435239315033
/home/test/data/mvtec/zipper/test/fabric_border/015.png,1,0.6826213598251343,0.563040554523468
/home/test/data/mvtec/zipper/test/fabric_border/016.png,1,0.6309493184089661,0.5311154723167419
/home/test/data/mvtec/zipper/test/fabric_interior/000.png,1,0.40764302015304565,0.24278569221496582
/home/test/data/mvtec/zipper/test/fabric_interior/001.png,1,0.3998953104019165,0.25226616859436035
/home/test/data/mvtec/zipper/test/fabric_interior/002.png,1,0.487996369600296,0.278714120388031
/home/test/data/mvtec/zipper/test/fabric_interior/003.png,1,0.4075919985771179,0.2852000892162323
/home/test/data/mvtec/zipper/test/fabric_interior/004.png,1,0.45199400186538696,0.25063344836235046
/home/test/data/mvtec/zipper/test/fabric_interior/005.png,1,0.43370023369789124,0.1976192742586136
/home/test/data/mvtec/zipper/test/fabric_interior/006.png,1,0.533157467842102,0.4494071900844574
/home/test/data/mvtec/zipper/test/fabric_interior/007.png,1,0.32008907198905945,0.14748205244541168
/home/test/data/mvtec/zipper/test/fabric_interior/008.png,1,0.4779423475265503,0.281986802816391
/home/test/data/mvtec/zipper/test/fabric_interior/009.png,1,0.4921775460243225,0.3033340871334076
/home/test/data/mvtec/zipper/test/fabric_interior/010.png,1,0.361857146024704,0.11486178636550903
/home/test/data/mvtec/zipper/test/fabric_interior/011.png,1,0.39332953095436096,0.22721560299396515
/home/test/data/mvtec/zipper/test/fabric_interior/012.png,1,0.32932049036026,0.14998774230480194
/home/test/data/mvtec/zipper/test/fabric_interior/013.png,1,0.45594608783721924,0.2734050750732422
/home/test/data/mvtec/zipper/test/fabric_interior/014.png,1,0.5056955814361572,0.24780406057834625
/home/test/data/mvtec/zipper/test/fabric_interior/015.png,1,0.36690038442611694,0.1881157010793686
/home/test/data/mvtec/zipper/test/good/000.png,0,0.3530002534389496,0.11660321801900864
/home/test/data/mvtec/zipper/test/good/001.png,0,0.30761101841926575,0.06685514003038406
/home/test/data/mvtec/zipper/test/good/002.png,0,0.31260743737220764,0.10364401340484619
/home/test/data/mvtec/zipper/test/good/003.png,0,0.2776278555393219,0.05323060229420662
/home/test/data/mvtec/zipper/test/good/004.png,0,0.38748306035995483,0.1539050191640854
/home/test/data/mvtec/zipper/test/good/005.png,0,0.24572494626045227,0.0191301628947258
/home/test/data/mvtec/zipper/test/good/006.png,0,0.28082767128944397,0.07177069038152695
/home/test/data/mvtec/zipper/test/good/007.png,0,0.3314104378223419,0.13470011949539185
/home/test/data/mvtec/zipper/test/good/008.png,0,0.2735345661640167,0.05847276747226715
/home/test/data/mvtec/zipper/test/good/009.png,0,0.3254077732563019,0.0814289078116417
/home/test/data/mvtec/zipper/test/good/010.png,0,0.29062405228614807,0.06981102377176285
/home/test/data/mvtec/zipper/test/good/011.png,0,0.3045371472835541,0.07903286814689636
/home/test/data/mvtec/zipper/test/good/012.png,0,0.2791372835636139,0.03242001309990883
/home/test/data/mvtec/zipper/test/good/013.png,0,0.2602074444293976,0.023465529084205627
/home/test/data/mvtec/zipper/test/good/014.png,0,0.2742604911327362,0.05156305059790611
/home/test/data/mvtec/zipper/test/good/015.png,0,0.2994621992111206,0.08504896610975266
/home/test/data/mvtec/zipper/test/good/016.png,0,0.27995163202285767,0.037735696882009506
/home/test/data/mvtec/zipper/test/good/017.png,0,0.2810811996459961,0.04915058985352516
/home/test/data/mvtec/zipper/test/good/018.png,0,0.33224499225616455,0.10252035409212112
/home/test/data/mvtec/zipper/test/good/019.png,0,0.31541192531585693,0.11465545743703842
/home/test/data/mvtec/zipper/test/good/020.png,0,0.28660982847213745,0.05878875032067299
/home/test/data/mvtec/zipper/test/good/021.png,0,0.5388098359107971,0.2979793846607208
/home/test/data/mvtec/zipper/test/good/022.png,0,0.4816003143787384,0.3037146329879761
/home/test/data/mvtec/zipper/test/good/023.png,0,0.2773635685443878,0.08598849922418594
/home/test/data/mvtec/zipper/test/good/024.png,0,0.3064398169517517,0.09729015082120895
/home/test/data/mvtec/zipper/test/good/025.png,0,0.3634757995605469,0.1261473149061203
/home/test/data/mvtec/zipper/test/good/026.png,0,0.31506961584091187,0.11689039319753647
/home/test/data/mvtec/zipper/test/good/027.png,0,0.3447312116622925,0.1411927044391632
/home/test/data/mvtec/zipper/test/good/028.png,0,0.3636435270309448,0.21578967571258545
/home/test/data/mvtec/zipper/test/good/029.png,0,0.3299548327922821,0.19344861805438995
/home/test/data/mvtec/zipper/test/good/030.png,0,0.34040018916130066,0.10084756463766098
/home/test/data/mvtec/zipper/test/good/031.png,0,0.264100581407547,0.06707876175642014
/home/test/data/mvtec/zipper/test/rough/000.png,1,0.6076846718788147,0.4156956672668457
/home/test/data/mvtec/zipper/test/rough/001.png,1,0.6909562349319458,0.5217054486274719
/home/test/data/mvtec/zipper/test/rough/002.png,1,0.5678299069404602,0.41748908162117004
/home/test/data/mvtec/zipper/test/rough/003.png,1,0.7009618878364563,0.6183407306671143
/home/test/data/mvtec/zipper/test/rough/004.png,1,0.565911591053009,0.4183589220046997
/home/test/data/mvtec/zipper/test/rough/005.png,1,0.5437272787094116,0.2666846513748169
/home/test/data/mvtec/zipper/test/rough/006.png,1,0.5085991621017456,0.4321689307689667
/home/test/data/mvtec/zipper/test/rough/007.png,1,0.6408695578575134,0.46585574746131897
/home/test/data/mvtec/zipper/test/rough/008.png,1,0.5490881204605103,0.45338675379753113
/home/test/data/mvtec/zipper/test/rough/009.png,1,0.6796650290489197,0.5742735266685486
/home/test/data/mvtec/zipper/test/rough/010.png,1,0.6611542105674744,0.4934627115726471
/home/test/data/mvtec/zipper/test/rough/011.png,1,0.6684345006942749,0.6324291825294495
/home/test/data/mvtec/zipper/test/rough/012.png,1,0.5612438917160034,0.4930773079395294
/home/test/data/mvtec/zipper/test/rough/013.png,1,0.7452660202980042,0.5657737255096436
/home/test/data/mvtec/zipper/test/rough/014.png,1,0.535845160484314,0.38153162598609924
/home/test/data/mvtec/zipper/test/rough/015.png,1,0.7288928031921387,0.6108977794647217
/home/test/data/mvtec/zipper/test/rough/016.png,1,0.6109322905540466,0.3848234713077545
/home/test/data/mvtec/zipper/test/split_teeth/000.png,1,0.39001622796058655,0.27953627705574036
/home/test/data/mvtec/zipper/test/split_teeth/001.png,1,0.4165070652961731,0.22497673332691193
/home/test/data/mvtec/zipper/test/split_teeth/002.png,1,0.47932618856430054,0.2703233063220978
/home/test/data/mvtec/zipper/test/split_teeth/003.png,1,0.4171619117259979,0.22264869511127472
/home/test/data/mvtec/zipper/test/split_teeth/004.png,1,0.6672356724739075,0.43928512930870056
/home/test/data/mvtec/zipper/test/split_teeth/005.png,1,0.4108332395553589,0.22754454612731934
/home/test/data/mvtec/zipper/test/split_teeth/006.png,1,0.408366858959198,0.25018754601478577
/home/test/data/mvtec/zipper/test/split_teeth/007.png,1,0.4198482036590576,0.2490680068731308
/home/test/data/mvtec/zipper/test/split_teeth/008.png,1,0.3947807848453522,0.21556265652179718
/home/test/data/mvtec/zipper/test/split_teeth/009.png,1,0.44274547696113586,0.2400861382484436
/home/test/data/mvtec/zipper/test/split_teeth/010.png,1,0.47399604320526123,0.34213781356811523
/home/test/data/mvtec/zipper/test/split_teeth/011.png,1,0.5215979218482971,0.291069358587265
/home/test/data/mvtec/zipper/test/split_teeth/012.png,1,0.5625692009925842,0.36424481868743896
/home/test/data/mvtec/zipper/test/split_teeth/013.png,1,0.390390008687973,0.16358697414398193
/home/test/data/mvtec/zipper/test/split_teeth/014.png,1,0.48041000962257385,0.3067207634449005
/home/test/data/mvtec/zipper/test/split_teeth/015.png,1,0.6681687235832214,0.43739840388298035
/home/test/data/mvtec/zipper/test/split_teeth/016.png,1,0.4578758478164673,0.2740528881549835
/home/test/data/mvtec/zipper/test/split_teeth/017.png,1,0.49984556436538696,0.28883591294288635
/home/test/data/mvtec/zipper/test/squeezed_teeth/000.png,1,0.48637861013412476,0.25929296016693115
/home/test/data/mvtec/zipper/test/squeezed_teeth/001.png,1,0.4372301995754242,0.267304927110672
/home/test/data/mvtec/zipper/test/squeezed_teeth/002.png,1,0.5169218182563782,0.32350438833236694
/home/test/data/mvtec/zipper/test/squeezed_teeth/003.png,1,0.45261451601982117,0.2651657164096832
/home/test/data/mvtec/zipper/test/squeezed_teeth/004.png,1,0.3538267910480499,0.19131387770175934
/home/test/data/mvtec/zipper/test/squeezed_teeth/005.png,1,0.39409053325653076,0.24444574117660522
/home/test/data/mvtec/zipper/test/squeezed_teeth/006.png,1,0.40515658259391785,0.24827523529529572
/home/test/data/mvtec/zipper/test/squeezed_teeth/007.png,1,0.38738754391670227,0.23789332807064056
/home/test/data/mvtec/zipper/test/squeezed_teeth/008.png,1,0.3667656183242798,0.18164364993572235
/home/test/data/mvtec/zipper/test/squeezed_teeth/009.png,1,0.5055842399597168,0.3773978054523468
/home/test/data/mvtec/zipper/test/squeezed_teeth/010.png,1,0.6315351128578186,0.4603663384914398
/home/test/data/mvtec/zipper/test/squeezed_teeth/011.png,1,0.4984128773212433,0.2843899726867676
/home/test/data/mvtec/zipper/test/squeezed_teeth/012.png,1,0.4151095151901245,0.26850995421409607
/home/test/data/mvtec/zipper/test/squeezed_teeth/013.png,1,0.4006039798259735,0.22243760526180267
/home/test/data/mvtec/zipper/test/squeezed_teeth/014.png,1,0.5264156460762024,0.3297838568687439
/home/test/data/mvtec/zipper/test/squeezed_teeth/015.png,1,0.5229994654655457,0.35214731097221375
