category,n_images,image_auroc,image_f1_max,image_ap,pixel_auroc,pixel_f1_max,pixel_ap,aupro
bottle,83,0.9428571428571428,0.9279999999999999,0.9828096511789017,0.9728092081006733,0.7486380412558696,0.7687221003711843,0.9454706335562751
cable,150,0.7788605697151424,0.7929515418502203,0.8734669240829619,0.9289653531501436,0.41790753466433533,0.34981822438386195,0.8450006417663483
capsule,132,0.9313921021140806,0.9304347826086957,0.9862924279067777,0.9704736758061879,0.41418445998596565,0.3976358128796128,0.9571231205724071
carpet,117,0.9987961476725522,0.9888888888888888,0.9996268092468068,0.9872085825661293,0.7242180125191315,0.7288279294736216,0.9656737573758623
grid,78,0.9916457811194653,0.9824561403508771,0.9970642204483389,0.9748988471108675,0.4820308561056771,0.4320752074976494,0.9166306910206606
hazelnut,110,0.9878571428571429,0.9714285714285714,0.994021435910847,0.9782097671921455,0.6095979835961035,0.6133078607656557,0.9239205033135124
leather,124,1.0,1.0,1.0000000000000002,0.9949732496221704,0.516331819054322,0.5592603740023618,0.9901083020130217
metal_nut,115,0.9081133919843597,0.9180327868852459,0.9789731116958037,0.9355776281967909,0.6821423443902529,0.6554510389291229,0.9205673577133396
pill,167,0.8426077468630659,0.9220338983050848,0.9696593501055482,0.9527099578041477,0.5634615346124582,0.47805765327462396,0.9656980112310529
screw,160,0.8200450912072146,0.888,0.9237044859293004,0.984931418699577,0.4391351329916428,0.3713586340584177,0.9339238059952173
tile,117,0.9891774891774892,0.9767441860465117,0.9953752398714383,0.9594782840555048,0.7244219595618129,0.7013536786481481,0.9301066277999299
toothbrush,42,0.9416666666666667,0.9333333333333333,0.9767934758888841,0.9893313705172567,0.5604294065180982,0.5761290032167874,0.9592541370749552
transistor,100,0.8425,0.7594936708860761,0.776495539130805,0.8249169517924946,0.37583420098306736,0.27260080007854115,0.6779109609511004
wood,79,0.9903508771929824,0.9752066115702478,0.9969789566600694,0.9612510727423513,0.6815447951009359,0.6960390439939032,0.9609168739132521
zipper,151,0.9438025210084033,0.9465020576131686,0.9835140093819132,0.9651312220510603,0.608834387982396,0.584784652081012,0.8930434698497335
