image_index,inference_seconds
0,0.3916233629997805
1,0.37312833899977704
2,0.3425995400002648
3,0.33501375899959385
4,0.3238671559993236
5,0.3397518490000948
6,0.3515015980001408
7,0.3380537439998079
8,0.33442458100034855
9,0.3756742099994881
10,0.3683171709999442
11,0.3322391179999613
12,0.3441650149998168
13,0.32944185199994536
14,0.3495347939997373
15,0.4024914359997638
16,0.3312752380006714
17,0.3235771649997332
18,0.3394989420003185
19,0.35136254300050496
20,0.3346793410000828
21,0.329425567000726
22,0.3354443160005758
23,0.3435587730000407
24,0.32867785100006586
25,0.3483567249995758
26,0.35048382700006186
27,0.3245168929997817
28,0.33920678200047405
29,0.33498278699971706
30,0.33062015700033953
31,0.33168398100042396
32,0.3482986289991459
33,0.34101551700041455
34,0.35422919200027536
35,0.33964504999948986
36,0.33786675699957414
37,0.3444114249996346
38,0.33628974500061304
39,0.3428081040001416
40,0.35208429800059093
41,0.33035011700030736
42,0.33058133099984843
43,0.3386192560001291
44,0.3350833260001309
45,0.33874132900018594
46,0.33060587699947064
47,0.3376166699999885
48,0.3434545030004301
49,0.3361101010004859
50,0.3344982890002939
51,0.326752291000048
52,0.3385797309992995
53,0.33823489299993525
54,0.3300542859997222
55,0.33095462000073894
56,0.34067197300009866
57,0.35642075599935197
58,0.34327570499954163
59,0.33979832400018495
60,0.33548996199988323
61,0.32686812999963877
62,0.33394586599933973
63,0.325742134000393
64,0.34723567600030947
65,0.3437945830000899
66,0.33345774700046604
67,0.36245984400011366
68,0.3533592129997487
69,0.3403146030004791
70,0.3336613870005749
71,0.33099588799996127
72,0.3676237220006442
73,0.3545439419995091
74,0.3268826060002539
75,0.34729330700065475
76,0.32234073000017816
77,0.34681018799983576
78,0.3417881870000201
79,0.3316304689997196
80,0.34025288700013334
81,0.3505783260006865
82,0.33387788199979695
83,0.33623512200028927
84,0.34016533700014406
85,0.3289930419996381
86,0.3591522939996139
87,0.35810298600063106
88,0.343076755999391
89,0.3344951180006319
90,0.33186667500012845
91,0.3850352509998629
92,0.36486463400069624
93,0.35331517400027224
94,0.33822277699982806
95,0.3388164899997719
96,0.3423581990000457
97,0.35605192799994256
98,0.3595207340003981
99,0.3453421080002954
100,0.36101907399915945
101,0.34332358200026647
102,0.344533185999353
103,0.32463091400040867
104,0.33623557000009896
105,0.33154800300053466
106,0.3383692830002474
107,0.3432067600006121
108,0.3492373429999134
109,0.3354730399996697
110,0.34364273799928924
111,0.33718231300008483
112,0.32687794999947073
113,0.3341913240001304
114,0.36517231600009836
115,0.36967669000023307
116,0.349387231000037
117,0.33629818099961994
118,0.3688858670002446
119,0.3439934269999867
120,0.36219161999997596
121,0.3499049069996545
122,0.3478484209999806
123,0.36540020600023126
124,0.33025898599953507
125,0.3374406539996926
126,0.33812287700038723
127,0.3495625089999521
128,0.34797917300056724
129,0.326156668999829
130,0.3303818730000785
131,0.3418079809998744
132,0.32609954300005484
133,0.3328301219999048
134,0.33832378100032656
135,0.33413048799957323
136,0.34250618899932306
137,0.33785071300007985
138,0.3348689770000419
139,0.3406448220002858
140,0.32701597300001595
141,0.3348492579998492
142,0.3371392890003335
143,0.3360556869993161
144,0.33162150400039536
145,0.34296381100011786
146,0.3409996410000531
147,0.37375492899991514
148,0.34029363799982093
149,0.33692651500041393
150,0.3228367179999623
151,0.32881281899972237
152,0.3492915360002371
153,0.3375307470005282
154,0.3363012620002337
155,0.33067180499983806
156,0.3378540179992342
157,0.33785769899986917
158,0.33759347300019726
159,0.3394710219999979
160,0.347284213000421
161,0.32660110000051645
162,0.3483660090005287
163,0.3270681060002971
164,0.34182393199989747
165,0.33597096399989823
166,0.33651724599985755
167,0.33293481300006533
168,0.3390461310000319
169,0.338806280999961
170,0.32746617700013303
171,0.3345298209997054
172,0.3441472929998781
173,0.3400004100003571
174,0.3328527720004786
175,0.332401468000171
176,0.34116787899984047
177,0.34275892700043187
178,0.31923139199989237
179,0.34681702199941356
180,0.3432386670001506
181,0.3299981629998001
182,0.34674487999927806
183,0.3450350539997089
184,0.3347973629997796
185,0.3249781430004077
186,0.33351784699971176
187,0.33528502999979537
188,0.34686086399960914
189,0.34746029500001896
190,0.34430036100002326
191,0.3322798760000296
192,0.33026418600002216
193,0.331084452000141
194,0.3280765359995712
195,0.32993346900002507
196,0.3271411830000943
197,0.34554357700017135
198,0.34438258899990615
199,0.33375589699971897
200,0.33908041099948605
201,0.3378645440006949
202,0.3576036340000428
203,0.37378531399917847
204,0.3618080890000783
205,0.35286114099926635
206,0.34309604200007016
207,0.3256073720003769
208,0.3709406489997491
209,0.34902371899988793
210,0.33389927899952454
211,0.35728287500023725
212,0.3290728819993092
213,0.3254879100004473
214,0.337819497000055
215,0.3328770939997412
216,0.3352379560001282
217,0.3470563459995901
218,0.33720767500017246
219,0.3619731030003095
220,0.3664670999996815
221,0.33621816399954696
222,0.36801463099982357
223,0.356772643000113
224,0.3409689239997533
225,0.36922122099986154
226,0.3556606769998325
227,0.3666639650000434
228,0.3985529370002041
229,0.3627081479999106
230,0.33614023399968573
231,0.342935984000178
232,0.3510338749993025
233,0.3316478639999332
234,0.34521473400036484
235,0.32892242000070837
236,0.3362846050004009
237,0.34057541099991795
238,0.33813023200036696
239,0.3309853999999177
240,0.3407728100000895
241,0.3253859169999487
242,0.32500498500030517
243,0.3422613539996746
244,0.3459051659992838
245,0.31436789100007445
246,0.34016106099988974
247,0.3261310920006508
248,0.34137814000041544
249,0.3781129150002016
250,0.35184257500077365
251,0.3294753000000128
252,0.33555656999942585
253,0.3329464079997706
254,0.3274971290002213
255,0.3464875279996704
256,0.3306921980001789
257,0.3222595799998089
258,0.34644965100051195
259,0.3355942510006571
260,0.3305424820000553
261,0.3128627790001701
262,0.3310720149993358
263,0.31758993600033136
264,0.33175198799926875
265,0.32025234299999283
266,0.32484447299975727
267,0.32229718400049023
268,0.32522533100018336
269,0.32799257500028034
270,0.31870524599980854
271,0.3566463110000768
272,0.3453855660000045
273,0.3257681840004807
274,0.33853330800047843
275,0.330983931999981
276,0.3486368579997361
277,0.33878358299989486
278,0.35637364400008664
279,0.34992725500069355
280,0.33413261500027147
281,0.3421908299997085
282,0.3240442449996408
283,0.3310611400002017
284,0.33348853699953906
285,0.3369167060000109
286,0.32952210799976456
287,0.3349560870001369
288,0.33794854099960503
289,0.3267486340000687
290,0.332024919000105
291,0.3386447650000264
292,0.34031208800024615
293,0.3565614640001513
294,0.34052040799997485
295,0.3525781359994653
296,0.3426805550006975
297,0.3396929500004262
298,0.36652699499973096
299,0.3521033520000856
300,0.33817706999980146
301,0.3356015320005099
302,0.3889687970004161
303,0.35151596199921187
304,0.3266620430003968
305,0.32599937400027557
306,0.3416857019992676
307,0.3282825900005264
308,0.34343740599979355
309,0.33059893699919485
310,0.33553641399976186
311,0.34548814299978403
312,0.3331421009997939
313,0.3433350889999929
314,0.33026618900021276
315,0.32852727099998447
316,0.34388138099984644
317,0.3449054110005818
318,0.34460886900069454
319,0.33352867900066485
320,0.3355225329996756
321,0.33331970400013233
322,0.34248350899997604
323,0.3310159370003021
324,0.32926248100011435
325,0.34091458300008526
326,0.3403251710005861
327,0.34305570800006535
328,0.34122266600024886
329,0.34014510799988784
330,0.3373877129997709
331,0.3295401920004224
332,0.33832228600022063
333,0.33110939800008055
334,0.33845260399994004
335,0.33769879000010405
336,0.32701978700060863
337,0.32741625499966176
338,0.3380219559994657
339,0.3317859579992728
340,0.33964589799961686
341,0.32397285099978035
342,0.3343402100008461
343,0.3297500600001513
344,0.3399764399991909
345,0.3308100859994738
346,0.3388212849995398
347,0.32588609699996596
348,0.3348399859996789
349,0.3335213689997545
350,0.32092144299986103
351,0.3384640190006394
352,0.3581198010006119
353,0.3522733039999366
354,0.3357446979998713
355,0.332285831000263
356,0.33397926400084543
357,0.334761733999585
358,0.3413810869997178
359,0.3331634869991831
360,0.3293454260001454
361,0.3297398049999174
362,0.33608690000073693
363,0.3401126369999474
364,0.3250739990007787
365,0.3312807940001221
366,0.32291274599992903
367,0.33444996700018237
368,0.40292866499930824
369,0.33546362000015506
370,0.3302746979998119
371,0.32761848500013
372,0.33080646800044633
373,0.33445316799952707
374,0.33736706099989533
375,0.34581776400045783
376,0.3430224530002306
377,0.34835335000025225
378,0.3414795549997507
379,0.34049343800052156
380,0.3572795380005118
381,0.33934232400042674
382,0.34926569200069935
383,0.3281621810001525
384,0.3413306430002194
385,0.352967560000252
386,0.3390363429998615
387,0.3268282300005012
388,0.3333621680003489
389,0.3333807100007107
390,0.33089443999961077
391,0.3399036740001975
392,0.3331966300002023
393,0.33931998899970495
394,0.3302628729998105
395,0.33529482199992344
396,0.3243810410003789
397,0.3460658419999163
398,0.3408744779999324
399,0.33461745000022347
400,0.32994926199990005
401,0.3353656939998473
402,0.32461264900030073
403,0.357746882000356
404,0.3572428249999575
405,0.3422559769996951
406,0.33608715799982747
407,0.3351498330002869
408,0.3370627719996264
409,0.33075698699940403
410,0.34216284900048777
411,0.32951961099934124
412,0.3266446649995487
413,0.33986994299993967
414,0.34487054199962586
415,0.33526361100030044
416,0.3287165460005781
417,0.33284885800003394
418,0.34298926499923255
419,0.3448763529995631
420,0.32923633199970936
421,0.3396442789999128
422,0.33634509300009086
423,0.3208259530001669
424,0.34378224600004614
425,0.34422587100016244
426,0.32977545099947747
427,0.3224748160000672
428,0.32797759599998244
429,0.3358074610005133
430,0.343320477000816
431,0.3410819660002744
432,0.3374863649996769
433,0.3445291609996275
434,0.33185933799995837
435,0.3486358170002859
436,0.3421594890005508
437,0.33450486099991394
438,0.332883189000313
439,0.3356667150001158
440,0.32750299899998936
441,0.3367313210001157
442,0.3568772569997236
443,0.346908108000207
444,0.41943917400021746
445,0.38361595399965154
446,0.3650335129996165
447,0.3669120770000518
448,0.33219367199944827
449,0.3362716060000821
450,0.34836403700046503
451,0.34388742099963565
452,0.33435303199985356
453,0.33457243999964703
454,0.3361697059999642
455,0.33514245199967263
456,0.3295975599994563
457,0.3388006880004468
458,0.3454233160000513
459,0.34135078500003146
460,0.34691947100054676
461,0.33178295900052035
462,0.342022702999202
463,0.3305376549997163
464,0.3505593099998805
465,0.3577806299999793
466,0.32314917300027446
467,0.3312912970004618
468,0.3443857319998642
469,0.3381869429995277
470,0.34991322200039576
471,0.32979935700041096
472,0.3343871679999211
473,0.33331680100036465
474,0.3281873539999651
475,0.32150829500005784
476,0.33660558199972
477,0.3368903529999443
478,0.3226914950000719
479,0.3340366210004504
480,0.3514964739997595
481,0.3259235499999704
482,0.324469180000051
483,0.3363123599992832
484,0.34736137600066286
485,0.34804415100006736
486,0.33084436999979516
487,0.33607499499976257
488,0.34241359699990426
489,0.332170617999509
490,0.3391017650001231
491,0.3278810159999921
492,0.3393256809995364
493,0.3576571140001761
494,0.3334274879998702
495,0.34582930500073417
496,0.35081955600071524
497,0.341268164000212
498,0.3428360009993412
499,0.3352121450006962
500,0.33448709000003873
501,0.33895430300071894
502,0.3364280020005026
503,0.3451279670007352
504,0.34761034100029065
505,0.32733058400026493
506,0.35014403400055016
507,0.3306209860002127
508,0.330649751999772
509,0.33753825499934464
510,0.3471096809998926
511,0.3175082540001313
512,0.3462304619997667
513,0.33288033099961467
514,0.3519675819998156
515,0.34484797499953856
516,0.333763287999318
517,0.3555338630003462
518,0.32302680399970995
519,0.33274102299947117
520,0.33534870499988756
521,0.3450700430003053
522,0.3413669379997373
523,0.3341491959999985
524,0.3397899490000782
525,0.3266579470000579
526,0.36447614100052306
527,0.3231320560007589
528,0.3427896299999702
529,0.3515824160003831
530,0.3394825449995551
531,0.3677466839999397
532,0.33293297000000166
533,0.34073997999985295
534,0.3405377210001461
535,0.33318945999963034
536,0.3359912650003025
537,0.32635227299942926
538,0.3576499770006194
539,0.342837607000547
540,0.34141814400027215
541,0.34529420099988783
542,0.33689974900062225
543,0.34032918800039624
544,0.33008690799942997
545,0.3395806859998629
546,0.34160111199980747
547,0.33655188200009434
548,0.34491947800052003
549,0.33883141099977365
550,0.325856057999772
551,0.3411504639998384
552,0.33034564800072985
553,0.3520157349994406
554,0.3496104710002328
555,0.33791526799996063
556,0.3437048480000158
557,0.33262600299985934
558,0.3372288780001327
559,0.3334152790002918
560,0.3254521200005911
561,0.34705590099929395
562,0.33771812899976794
563,0.3370533460001752
564,0.3305855029993836
565,0.3430238159999135
566,0.3388198109996665
567,0.325110771999789
568,0.32726525599991874
569,0.3279442299999573
570,0.3409266339995156
571,0.34335507600007986
572,0.3290412959995592
573,0.34198814800038235
574,0.3286747080001078
575,0.3258838020001349
576,0.3534269869996933
577,0.32098213200060854
578,0.33370210100019904
579,0.33112593199984985
580,0.33613394199983304
581,0.34568201699948986
582,0.3447818639997422
583,0.3462352380001903
584,0.35338583100019605
585,0.3592419329997938
586,0.3381015360000674
587,0.3387651000002734
588,0.3277822820000438
589,0.34008367499973247
590,0.34487498099952063
591,0.332055470999876
592,0.34890369699951407
593,0.32435103700026957
594,0.32899339599953237
595,0.3305720710004607
596,0.3252999850001288
597,0.35446924200005014
598,0.3580267429997548
599,0.3906291980001697
600,0.37506414800009225
601,0.37031949300035194
602,0.3620652350000455
603,0.3713196910002807
604,0.3692154810005377
605,0.3734318409997286
606,0.3540690249992622
607,0.32703004100039834
608,0.3680779160004022
609,0.3357624910004233
610,0.3379503090000071
611,0.33574083099938434
612,0.3524588070004029
613,0.33411212600003637
614,0.3375590399991779
615,0.3362534489997415
616,0.3310270550000496
617,0.33241985000040586
618,0.3185836720003863
619,0.3513633659995321
620,0.33735064999928
621,0.3295398509999359
622,0.3203782370001136
623,0.34233213500010606
624,0.3394065769998633
625,0.3273944880002091
626,0.35516684699996404
627,0.3333987860005436
628,0.32385686700035876
629,0.39759613200021704
630,0.3225137300005372
631,0.33618762800051627
632,0.33706948599956377
633,0.32083502400018915
634,0.3249966610001138
635,0.33080094599972654
636,0.34196599400002015
637,0.36177523900005326
638,0.34252448600000207
639,0.32505995799965604
640,0.32340768900030525
641,0.33596682000006695
642,0.3314367240000138
643,0.3413587219993133
644,0.346594216000085
645,0.32523685099931754
646,0.33399546499913413
647,0.3290680469999643
648,0.33263610800077004
649,0.3485491550000006
650,0.33021556499988947
651,0.32308674799969594
652,0.3214012950002143
653,0.3453401830001894
654,0.34700445200087415
655,0.3219582869996884
656,0.3429300100006003
657,0.32502011799988395
658,0.3465386979996765
659,0.3368877650000286
660,0.3240723139997499
661,0.33191169000019727
662,0.32457299399993644
663,0.34204801699979726
664,0.33637443899988284
665,0.3385600030005662
666,0.34817796100014675
667,0.340610079999351
668,0.336814783000591
669,0.33581794800011266
670,0.33823204200052714
671,0.3534824860007575
672,0.349924369999826
673,0.3244640069997331
674,0.3445717889999287
675,0.3343181580003147
676,0.3286021099993377
677,0.32314597999993566
678,0.31964842599973053
679,0.3351586500002668
680,0.33413595399997575
681,0.36372138099977747
682,0.335944360999747
683,0.33481358400058525
684,0.3277818889991977
685,0.3379032559996631
686,0.33641271000033157
687,0.3277200719994653
688,0.35013968000021123
689,0.3312014459997954
690,0.3425317230003202
691,0.34642726099991705
692,0.33459645099992485
693,0.33897686999989673
694,0.3529759790008029
695,0.34146047800004453
696,0.3208532720000221
697,0.36857856000005995
698,0.32906097500017495
699,0.32218721299977915
700,0.36887918600041303
701,0.31754552999973384
702,0.3349888840002677
703,0.3360920389995954
704,0.3365489899997556
705,0.337451398999292
706,0.3422076990000278
707,0.3602369540003565
708,0.33090292799988674
709,0.32861499699993146
710,0.32998087400028453
711,0.33738793799966516
712,0.3272853960006614
713,0.3310846259992104
714,0.33169341000029817
715,0.3335214119997545
716,0.3423352600002545
717,0.3152136069993503
718,0.3386127599997053
719,0.32896236699980363
720,0.3303100250004718
721,0.32222585799991066
722,0.3275190530002874
723,0.32990314600010606
724,0.3405409140004849
725,0.3224203009995108
726,0.3408961259992793
727,0.33280271800049377
728,0.3252835379998942
729,0.3393707400000494
730,0.3501309550001679
731,0.33782165399952646
732,0.3263202200005253
733,0.33861205899938795
734,0.34314334400005464
735,0.3403639429998293
736,0.3473936030004552
737,0.33676414100045804
738,0.33198779499980446
739,0.3410951260002548
740,0.32908571799998754
741,0.34488216799945803
742,0.32982498699948337
743,0.3439848100006202
744,0.32587894900007086
745,0.3341888099994321
746,0.34034820800025045
747,0.3462110849995952
748,0.34282811699995364
749,0.3313171979998515
750,0.3298763989996587
751,0.3239825610007756
752,0.34579527099958796
753,0.32095156099967426
754,0.3391318179992595
755,0.3305859279998913
756,0.3197078490002241
757,0.3497780949992375
758,0.3292432389998794
759,0.34184409499994217
760,0.32062584800041805
761,0.3512264689998119
762,0.3351654250000138
763,0.34690836099980515
764,0.32386565700016945
765,0.3271772769994641
766,0.3307559989998481
767,0.3367929810001442
768,0.3427008669996212
769,0.3241189230002419
770,0.3312160940004105
771,0.33461062599963043
772,0.32264895899970725
773,0.32874009999977716
774,0.3298105260000739
775,0.33846840400019573
776,0.3260903459995461
777,0.33277838000049087
778,0.33464575099969807
779,0.32870684299996356
780,0.3501626560000659
781,0.3183672570003182
782,0.33114310200016916
783,0.3192953450006826
784,0.34120928699940123
785,0.33458932600024127
786,0.3375765049995607
787,0.32569690299987997
788,0.34603944400078035
789,0.36877456699949107
790,0.3922436960001505
791,0.3416175149995979
792,0.350911446000282
793,0.35648354800014204
794,0.3401820540002518
795,0.34446693300014886
796,0.3451620370005912
797,0.3482333619995188
798,0.3407107160001033
799,0.3544063190001907
800,0.3332262930007346
801,0.3324876659999063
802,0.3679884539997147
803,0.3303734999999506
804,0.3307128169999487
805,0.3318253329998697
806,0.3337092609999672
807,0.32933285899980547
808,0.32595530200069334
809,0.33974125599979743
810,0.3457715370004735
811,0.3332231320000574
812,0.32390602600025886
813,0.3505776970005172
814,0.3278861400003734
815,0.33607618899986846
816,0.33022110000001703
817,0.35025902500001393
818,0.3735086360002242
819,0.37178296000001865
820,0.33055455300018366
821,0.33073079099995084
822,0.3318129239996779
823,0.3336213200000202
824,0.3355934540004455
825,0.3260807090000526
826,0.32468017100018187
827,0.345949575999839
828,0.3464260740001919
829,0.34139238900024793
830,0.3303573139992295
831,0.3314865219999774
832,0.34302177199970174
833,0.3360715730004813
834,0.3359332429999995
835,0.342488035000315
836,0.3522255169991695
837,0.3537976420002451
838,0.3478064909995737
839,0.3538441270002295
840,0.32964110400007485
841,0.3331161050000446
842,0.36811650800063944
843,0.3360217219997139
844,0.356906889000129
845,0.35651410599984956
846,0.3405279580001661
847,0.33730581300005724
848,0.3580056360005983
849,0.3411251829993489
850,0.3416042609997021
851,0.34799234100046306
852,0.3498387780000485
853,0.34519861499939
854,0.34033735299999535
855,0.3365255930002604
856,0.3368229130001055
857,0.34071082700029365
858,0.35383932199965784
859,0.3598297480002657
860,0.3458272190000571
861,0.35644005999984074
862,0.36470650599949295
863,0.34777037799995014
864,0.3566426799998226
865,0.35435945600056584
866,0.4174167880000823
867,0.3399496120000549
868,0.35394534599981853
869,0.35126844899969
870,0.3330281640000976
871,0.3320737089998147
872,0.3750432679998994
873,0.37931274299990037
874,0.36695924600007856
875,0.3477949529997204
876,0.3522946269995373
877,0.4108559289998084
878,0.3572535820003395
879,0.3664607110003999
880,0.3459109059995171
881,0.357869509000011
882,0.35365288100001635
883,0.3303293910003049
884,0.3331102809997901
885,0.35582498900021164
886,0.3421566930001063
887,0.3352815609996469
888,0.3806043889999273
889,0.3220103809999273
890,0.34669207699971594
891,0.3340492190000077
892,0.3326413770000727
893,0.3288510420006787
894,0.3335049049992449
895,0.3308643270001994
896,0.35975478299951646
897,0.34128654500000266
898,0.3592315959995176
899,0.3340938709998227
900,0.33811879200038675
901,0.3965596980006012
902,0.3229233780002687
903,0.33306450300005963
904,0.3774489139996149
905,0.3458939789998112
906,0.33583539400024165
907,0.36794757500047126
908,0.35277842200048326
909,0.33678550200056634
910,0.35326482099935674
911,0.38870218800002476
912,0.3505680089992893
913,0.33965019500010385
914,0.3236019350006245
915,0.32765371599998616
916,0.33044627199979004
917,0.31917557699944155
918,0.3572610360006365
919,0.32978247800019744
920,0.3573125729999447
921,0.339209277000009
922,0.3611371239994696
923,0.34471911099990393
924,0.342372735999561
925,0.35002452899971104
926,0.3212717149999662
927,0.3531338749999122
928,0.34392174599997816
929,0.3341857120003624
930,0.3527553320000152
931,0.3262846800007537
932,0.3516513759996087
933,0.3396118649998243
934,0.3403024139997797
935,0.33935510399987834
936,0.31889401199987333
937,0.3212568339995414
938,0.33222167799976887
939,0.33130448699921544
940,0.32245310400048766
941,0.33360446599999705
942,0.31857831999968766
943,0.3459162409999408
944,0.31554211000002397
945,0.33493428799920366
946,0.325665105000553
947,0.31251464300021325
948,0.318434654000157
949,0.32114435599942226
950,0.32197088099928806
951,0.3173542810000072
952,0.34396099199966557
953,0.337160187000336
954,0.3512590509999427
955,0.3292600920003679
956,0.3177744940003322
957,0.34920512699955
958,0.31315784199978225
959,0.3286859949994323
960,0.31226406899986614
961,0.3298914990000412
962,0.3275671270002931
963,0.3232382719997986
964,0.3156190260006042
965,0.3297556199995597
966,0.325220817000627
967,0.33039203499993164
968,0.31940891499925783
969,0.33269250900048064
970,0.33113804399999935
971,0.3154445059999489
972,0.3203008039999986
973,0.3293357490001654
974,0.32375537699954293
975,0.3175364280004942
976,0.3244297199998982
977,0.325123010000425
978,0.32160396899962507
979,0.35552576499958377
980,0.3314646270000594
981,0.3265460679995158
982,0.3467648329997246
983,0.36273960000016814
984,0.3316761200003384
985,0.32887131400002545
986,0.33519565599999623
987,0.35806772699925205
988,0.36713214900009916
989,0.3248761079994438
990,0.3456044929998825
991,0.4219918790004158
992,0.3305118759999459
993,0.31316770000012184
994,0.32233669200013537
995,0.35135926800012385
996,0.3548210469998594
997,0.33727231699958793
998,0.351559031000761
999,0.32357736799986014
1000,0.31920527600050264
1001,0.3576249879997704
1002,0.3242326649997267
1003,0.3133696990007593
1004,0.32925352300026134
1005,0.31998329700036265
1006,0.30420468099964637
1007,0.30496998600028746
1008,0.32357158200011327
1009,0.32802819199969235
1010,0.33049891499922524
1011,0.3225308219998624
1012,0.3179026879997764
1013,0.3246815749998859
1014,0.3069911950005917
1015,0.3174023389992726
1016,0.3192143529995519
1017,0.3035142469998391
1018,0.30406805199982045
1019,0.31370888499986904
1020,0.3185540710001078
1021,0.3205598810000083
1022,0.3042725719997179
1023,0.30344610399970406
1024,0.31947317000049225
1025,0.3540026390001003
1026,0.33074976300031267
1027,0.3120398219998606
1028,0.31407674199999747
1029,0.3018048379999527
1030,0.3508237019996159
1031,0.32935342299970216
1032,0.37018884799999796
1033,0.3831940999998551
1034,0.35406022400002257
1035,0.33396927200010396
1036,0.374158012999942
1037,0.39840150399959384
1038,0.35502847299994755
1039,0.32938012099930347
1040,0.35310730999935913
1041,0.3583961120002641
1042,0.34830005599997094
1043,0.334659381000165
1044,0.33476884799983964
1045,0.32806474100016203
1046,0.3313598839995393
1047,0.3385022430002209
1048,0.34452866799983894
1049,0.32805097900018154
1050,0.3394603309998274
1051,0.3438049090000277
1052,0.33493929599990224
1053,0.35086243499972625
1054,0.33947576499940624
1055,0.3357138199999099
1056,0.3412771109997266
1057,0.34811148700009653
1058,0.3668765570000687
1059,0.3527505750007549
1060,0.3368134470001678
1061,0.32934095300061017
1062,0.32714492400009476
1063,0.3501730790003421
1064,0.3715734900006282
1065,0.35387053200065566
1066,0.34482820100038225
1067,0.3420157999998992
1068,0.3315072199993665
1069,0.34095935499954066
1070,0.3337097100002211
1071,0.33068000999992364
1072,0.34891724299995985
1073,0.3510023700000602
1074,0.32469825699990906
1075,0.3468546290005179
1076,0.3364048779994846
1077,0.3371715690000201
1078,0.34076026099955925
1079,0.3365946870007974
1080,0.32625825900049676
1081,0.3560100919994511
1082,0.342803410999295
1083,0.34727807699982804
1084,0.34933876800005237
1085,0.33554728200033423
1086,0.3280450699994617
1087,0.3472089410006447
1088,0.349082403000466
1089,0.3204411879996769
1090,0.34318991899999673
1091,0.36190496000017447
1092,0.3368567530005748
1093,0.32641647400032525
1094,0.35419988200010266
1095,0.33814016399992397
1096,0.34435324300011416
1097,0.32516554900030314
1098,0.32974469599957956
1099,0.34712073099944973
1100,0.3493720520000352
1101,0.3502683489996343
1102,0.3410936469999797
1103,0.3352327350003179
1104,0.34371883899984823
1105,0.3204467699997622
1106,0.3324539929999446
1107,0.3476157790000798
1108,0.3598164450004333
1109,0.3268058909998217
1110,0.3329892900001141
1111,0.3248650559999078
1112,0.34728408599949034
1113,0.3327823019999414
1114,0.32388768199962215
1115,0.33678940500067256
1116,0.3360601790000146
1117,0.33845497899983457
1118,0.332539970999278
1119,0.3398546920006993
1120,0.34308072599924344
1121,0.3558640410001317
1122,0.3482990749998862
1123,0.33261559499987925
1124,0.33784456200010027
1125,0.3511003260000507
1126,0.3621871920004196
1127,0.3404983300006279
1128,0.3273950840002726
1129,0.33380659599970386
1130,0.3373676870005511
1131,0.3301104479996866
1132,0.32638126900019415
1133,0.344676138000068
1134,0.3255526169996301
1135,0.35960263600009057
1136,0.32985208700029034
1137,0.3323385169996982
1138,0.3359592769993469
1139,0.33110773200041876
1140,0.33596217400008754
1141,0.3409302440004467
1142,0.32846230500035745
1143,0.35235589200055983
1144,0.3290714909999224
1145,0.33369795399994473
1146,0.3249251199995342
1147,0.3395727069992063
1148,0.3870555229996171
1149,0.3445147830007045
1150,0.35246726399964246
1151,0.33330270099941117
1152,0.3213230419996762
1153,0.3508208109997213
1154,0.3699487629992291
1155,0.3573677760005012
1156,0.379773564000061
1157,0.39436594400012837
1158,0.34683205600049405
1159,0.35780727499968634
1160,0.32828547500048444
1161,0.3260851269997147
1162,0.35004843500064453
1163,0.3392861060001451
1164,0.33897456799968495
1165,0.34113467299994227
1166,0.31041071500021644
1167,0.3364955540000665
1168,0.32766174800053705
1169,0.33776975000000675
1170,0.3304393299995354
1171,0.3377903620003053
1172,0.3138042230002611
1173,0.3235576670003866
1174,0.329140112999994
1175,0.34424886899978446
1176,0.3398498219994508
1177,0.33049843099979626
1178,0.3155304609999803
1179,0.3241846450000594
1180,0.3161522039999909
1181,0.3266142230004334
1182,0.31562285800009704
1183,0.3474433829996997
1184,0.3317295289998583
1185,0.3206283879999319
1186,0.31022370099981345
1187,0.32188519299961627
1188,0.3215060889997403
1189,0.3426978980005515
1190,0.30997170899991033
1191,0.34579682999992656
1192,0.3203430829998979
1193,0.34008034499947826
1194,0.31815088399980596
1195,0.3144194240003344
1196,0.3455777310000485
1197,0.32064329799959523
1198,0.3182341810006619
1199,0.32965263799997047
1200,0.3234717199993611
1201,0.3588471100001698
1202,0.3301961439992738
1203,0.3358580579997579
1204,0.34758900799988623
1205,0.38314176899984886
1206,0.3292259540003215
1207,0.34186168599990197
1208,0.3292717399999674
1209,0.3297018389994264
1210,0.36069028200017783
1211,0.3219249080002555
1212,0.35122717899957934
1213,0.3226836639996691
1214,0.310893863000274
1215,0.35054175999994186
1216,0.32177030500042747
1217,0.3237737349991221
1218,0.3631764470001144
1219,0.32766364400049497
1220,0.3189056139999593
1221,0.31663701300021785
1222,0.3246067469999616
1223,0.36534232499980135
1224,0.374752912999611
1225,0.35359186100049556
1226,0.3676733410002271
1227,0.3920535719998952
1228,0.34394405300008657
1229,0.33640981300050044
1230,0.3365551400002005
1231,0.3549777930002165
1232,0.33217275900005916
1233,0.34185703200000717
1234,0.3431040920004307
1235,0.3571845010001198
1236,0.3453915469999629
1237,0.3450546559997747
1238,0.370657492000646
1239,0.36976468400007434
1240,0.34939043699978356
1241,0.34535343699917576
1242,0.34818421799991484
1243,0.35381334600060654
1244,0.37399850900055753
1245,0.398057794000124
1246,0.36048419600047055
1247,0.3195359599994845
1248,0.34841225600030157
1249,0.3293311539991919
1250,0.3362602239994885
1251,0.3355553740002506
1252,0.36234027999944374
1253,0.32250967899926763
1254,0.34113393099960376
1255,0.3334149330003129
1256,0.335244621000129
1257,0.32534015600049315
1258,0.3382391280001684
1259,0.331209862999458
1260,0.33928020400071546
1261,0.33061645599991607
1262,0.3490315230001215
1263,0.3246800529996108
1264,0.33737633599957917
1265,0.31861634100005176
1266,0.32981608000045526
1267,0.33143933300016215
1268,0.3247849489998771
1269,0.3294168399997943
1270,0.32887063399994076
1271,0.31991136000033293
1272,0.32077981699967495
1273,0.3175248930001544
1274,0.3210129509998296
1275,0.33181849799984775
1276,0.33100334200025827
1277,0.3453955839995615
1278,0.3265251509992595
1279,0.34503051600040635
1280,0.32679454699973576
1281,0.3220328420002261
1282,0.331159383999875
1283,0.3330336910003098
1284,0.34113447799973073
1285,0.32919438000044465
1286,0.3378281129998868
1287,0.3384250500002963
1288,0.3450156260005315
1289,0.3368713330000901
1290,0.3548228170002403
1291,0.32218110200028605
1292,0.3494363889994929
1293,0.33256707200052915
1294,0.3405461070005913
1295,0.31530644000031316
1296,0.3491164180004489
1297,0.322213135000311
1298,0.3400230070001271
1299,0.3476829139999609
1300,0.3478894729996682
1301,0.3354996560001382
1302,0.32234001300003
1303,0.3280595429996538
1304,0.3490220359999512
1305,0.3398575229994094
1306,0.32921272500061605
1307,0.3334093000003122
1308,0.33845281000049
1309,0.31820448100006615
1310,0.3329857640001137
1311,0.324479894000433
1312,0.3177681750003103
1313,0.32789481500003603
1314,0.34248801299963816
1315,0.3436201480008094
1316,0.3259235630002877
1317,0.3465076869997574
1318,0.3304461719999381
1319,0.38948526000058337
1320,0.3301589310003692
1321,0.3242683640000905
1322,0.33003427400035434
1323,0.3474776319999364
1324,0.3254231470000377
1325,0.34611495500030287
1326,0.3252447040003972
1327,0.32553004900000815
1328,0.327539058000184
1329,0.34251549300006445
1330,0.34562814999935654
1331,0.3355982450002557
1332,0.329222800000025
1333,0.331536483000491
1334,0.35185584600003494
1335,0.33393342299950746
1336,0.33465964299921325
1337,0.3161751939996975
1338,0.3288732119999622
1339,0.3337528760002897
1340,0.3344552449998446
1341,0.34264683699984744
1342,0.32964192899999034
1343,0.3555160240002806
1344,0.32988483400004043
1345,0.3372138599997925
1346,0.334361428000193
1347,0.3489541590006411
1348,0.3278504419995443
1349,0.33110321699950873
1350,0.32343044399931387
1351,0.31692294999993464
1352,0.323498830999597
1353,0.3308210710001731
1354,0.32545615900016855
1355,0.3506202819999089
1356,0.3259498690003966
1357,0.32614988699970127
1358,0.35280195500035916
1359,0.34389761700003874
1360,0.3192939820000902
1361,0.3304979349995847
1362,0.3278575070007719
1363,0.3300784900002327
1364,0.3284359460003543
1365,0.3360977370002729
1366,0.33385839099992154
1367,0.3305517700000564
1368,0.3369732750006733
1369,0.32703260499965836
1370,0.35625616400011495
1371,0.34594434300015564
1372,0.3361264610002763
1373,0.35099186700063
1374,0.33585889100049826
1375,0.324614291999751
1376,0.35299681699962093
1377,0.3355571049996797
1378,0.32444023700008984
1379,0.3411238360004063
1380,0.32786668200060376
1381,0.3404078270004902
1382,0.34738144099992496
1383,0.33758257099998445
1384,0.334966223000265
1385,0.35297039200031577
1386,0.3512848540003688
1387,0.3273512109999501
1388,0.34957338999993226
1389,0.34205062899945915
1390,0.3214932789996965
1391,0.33628584500002034
1392,0.3360376049995466
1393,0.33308017600029416
1394,0.3290213959999164
1395,0.33464631699916936
1396,0.32800921499983815
1397,0.3464440360003209
1398,0.3288797830000476
1399,0.3308233460002157
1400,0.34014416100035305
1401,0.3355515049997848
1402,0.33253616000001784
1403,0.32657216700044955
1404,0.3384633619998567
1405,0.33434230600050796
1406,0.3382884299999205
1407,0.33820725199984736
1408,0.32871090499975253
1409,0.32507513300060964
1410,0.3332251940000788
1411,0.34478486299940414
1412,0.32472378999955254
1413,0.3180198720001499
1414,0.32919953300006455
1415,0.3362551540003551
1416,0.32678154299992457
1417,0.33438343099987833
1418,0.32794630299940764
1419,0.349197278000247
1420,0.3292723060003482
1421,0.3322914350001156
1422,0.33271078300003865
1423,0.3413166360005562
1424,0.3393467010000677
1425,0.3215053550002267
1426,0.3283162719999382
1427,0.33639619200039306
1428,0.33456203100013227
1429,0.33171626400053356
1430,0.32926385999962804
1431,0.32820944400009466
1432,0.33873916900029144
1433,0.34947863399975176
1434,0.3261456129994258
1435,0.3306713080000918
1436,0.3510647960001734
1437,0.3208767819996865
1438,0.33131135500025266
1439,0.3225827959995513
1440,0.3441368320000038
1441,0.34691187299995363
1442,0.3558270889998312
1443,0.3216235270001562
1444,0.3388204909997512
1445,0.3255125040004714
1446,0.3353703480006516
1447,0.3334165079995728
1448,0.3377141250002751
1449,0.3302597699994294
1450,0.3430846949995612
1451,0.3383561410000766
1452,0.34288669699981256
1453,0.3414101429998482
1454,0.33099893999951746
1455,0.32737538299988955
1456,0.34078320000025997
1457,0.33795029199973214
1458,0.34123917400029313
1459,0.3391548320005313
1460,0.33358477100046
1461,0.7169663169997875
1462,0.3963569280003867
1463,0.33296395299930737
1464,0.3480733249998593
1465,0.3264933390000806
1466,0.3397431690000303
1467,0.3442021780001596
1468,0.3475163439998141
1469,0.34075748800023575
1470,0.32697649900001124
1471,0.33312911599932704
1472,0.32437597700027254
1473,0.33754940000017086
1474,0.32076265100022283
1475,0.3462831130000268
1476,0.3319498160008152
1477,0.3265414329998748
1478,0.3435804820001067
1479,0.33639514800051984
1480,0.3298206179997578
1481,0.34345243200004916
1482,0.3552056400003494
1483,0.3354835460004324
1484,0.34295087400005286
1485,0.3328735389995927
1486,0.3366771049995805
1487,0.33124734699958935
1488,0.3208813450000889
1489,0.3271516340000744
1490,0.3230536380006015
1491,0.34251921300074173
1492,0.32150554100007867
1493,0.32945443500011606
1494,0.3381134439996458
1495,0.33800930799952766
1496,0.32929590700041445
1497,0.33532729699982156
1498,0.3415809120006088
1499,0.3163627690000794
1500,0.3312656509997396
1501,0.321791927999584
1502,0.34017925999978615
1503,0.3246067790005327
1504,0.3348613739999564
1505,0.3235440779999408
1506,0.3363512619998801
1507,0.3393292369992196
1508,0.33624726600010035
1509,0.3211201490003077
1510,0.3397942810006498
1511,0.3320001459997002
1512,0.333347042999776
1513,0.3274414600000455
1514,0.32396155100013857
1515,0.3354646549996687
1516,0.33303969699954905
1517,0.3213123790001191
1518,0.3387840209998103
1519,0.3361760340003457
1520,0.32862158399984764
1521,0.3291178540002875
1522,0.3298209129998213
1523,0.3336136739999347
1524,0.3225488640000549
1525,0.3234111359997769
1526,0.32582249799997953
1527,0.32776652699976694
1528,0.3199036839996552
1529,0.3406057880001754
1530,0.33414016900042043
1531,0.33589875400048186
1532,0.32187622299989016
1533,0.332894054999997
1534,0.34239348899973265
1535,0.3270938780005963
1536,0.33498783000050025
1537,0.35012119300063205
1538,0.3322813770000721
1539,0.3307479119994241
1540,0.32397171600041474
1541,0.3274634600002173
1542,0.3258355779998965
1543,0.32266107799932797
1544,0.3334326049998708
1545,0.33534820299973944
1546,0.33160530399982235
1547,0.3394480900005874
1548,0.34606832600002235
1549,0.3258122369998091
1550,0.34563194400016073
1551,0.32894219500030886
1552,0.32997385099952226
1553,0.33899392600051215
1554,0.3401543350000793
1555,0.3572177850001026
1556,0.32290668899986485
1557,0.3468251269996472
1558,0.3361451279997709
1559,0.3235465869993277
1560,0.319594409000274
1561,0.34253035500023543
1562,0.33050657999956456
1563,0.31822095200004696
1564,0.33591070900001796
1565,0.3394584540001233
1566,0.3328096020004523
1567,0.3223797040000136
1568,0.34498901499955537
1569,0.341123568000512
1570,0.3407771160000266
1571,0.3651924630003123
1572,0.3998118439994869
1573,0.3653263350006455
1574,0.36935611100034293
1575,0.3157870230006665
1576,0.31798363599955337
1577,0.32237097899997025
1578,0.3240875080000478
1579,0.34105438999995386
1580,0.32096972199997253
1581,0.31170310099969356
1582,0.3200624780001817
1583,0.337683153999933
1584,0.32530039199991734
1585,0.3149765669995759
1586,0.3222410509997644
1587,0.3267998319997787
1588,0.3188329739996334
1589,0.33283489200039185
1590,0.3284401649998472
1591,0.3096694750001916
1592,0.3136069639995185
1593,0.3254281150002498
1594,0.3128867289997288
1595,0.3169864960000268
1596,0.3208286879998923
1597,0.3120557069996721
1598,0.32481971900051576
1599,0.3278470440000092
1600,0.322265220999725
1601,0.3275431659994865
1602,0.3220371019997401
1603,0.3209655050004585
1604,0.33391464999931486
1605,0.3291853139999148
1606,0.35577879899938125
1607,0.337290872000267
1608,0.3128062169998884
1609,0.3202653010002905
1610,0.3084654109998155
1611,0.3289906449999762
1612,0.33464021399959165
1613,0.3176703199997064
1614,0.33706381600040913
1615,0.320551241999965
1616,0.3241888790007579
1617,0.3156084729998838
1618,0.32418589500048256
1619,0.32479902300019603
1620,0.32134629800020775
1621,0.32401587700042
1622,0.33577503000014985
1623,0.32819794499937416
1624,0.3124594569999317
1625,0.31370195599993167
1626,0.3301748840003711
1627,0.333892898999693
1628,0.31169974699969316
1629,0.31646229600028164
1630,0.32978691199969035
1631,0.31528951799919014
1632,0.3304952959997536
1633,0.3233161719999771
1634,0.3639577089998056
1635,0.34762677300022915
1636,0.35374682000019675
1637,0.3267407590001312
1638,0.3384007790000396
1639,0.32877561199984484
1640,0.3143846789998861
1641,0.3338697540002613
1642,0.3409318499998335
1643,0.3314090389994817
1644,0.3248913300003551
1645,0.32126507199973275
1646,0.3206988510000883
1647,0.3144316819998494
1648,0.30947308800023166
1649,0.3154485619998013
1650,0.32593269199969654
1651,0.31189254199944116
1652,0.32304586800000834
1653,0.3325002370002039
1654,0.3242927619994589
1655,0.3210076039995329
1656,0.31833841999923607
1657,0.3193972749995737
1658,0.3270955950001735
1659,0.31675243900008354
1660,0.32228689400017174
1661,0.33923985100045684
1662,0.3200942049998048
1663,0.3303640699996322
1664,0.33211583999946015
1665,0.32354271300027904
1666,0.30959901499954867
1667,0.32001840400062065
1668,0.3240125389993409
1669,0.3214433969997117
1670,0.3135914159993263
1671,0.3565887090007891
1672,0.31457602999944356
1673,0.3217962750004517
1674,0.3285025989998758
1675,0.3242485439996017
1676,0.3366741620002358
1677,0.34101515900056256
1678,0.3248058350000065
1679,0.31220599900007073
1680,0.31854933999966306
1681,0.31146582400015177
1682,0.3273886709994258
1683,0.3273457450004571
1684,0.32375856899943756
1685,0.3131502010000986
1686,0.31208775600043737
1687,0.311673917999542
1688,0.3273482750000767
1689,0.3234637579998889
1690,0.31769585800066125
1691,0.31757241300056194
1692,0.32134434199997486
1693,0.3231488370001898
1694,0.32248135400004685
1695,0.33113574199978757
1696,0.31540545300049416
1697,0.31922368399955303
1698,0.31539902800068376
1699,0.3236398429999099
1700,0.33531677900009527
1701,0.33974854400003096
1702,0.31670909300009953
1703,0.32492232299955504
1704,0.32942089199968905
1705,0.33087739200072974
1706,0.3360013940000499
1707,0.31506623099994613
1708,0.3356447920004939
1709,0.3095018740004889
1710,0.32393552199937403
1711,0.3222297639995304
1712,0.33183281399942643
1713,0.3116212879995146
1714,0.3119637600002534
1715,0.32656042399958096
1716,0.31175158400037617
1717,0.3180112000000008
1718,0.31592133899994224
1719,0.3145721760001834
1720,0.34087561500018637
1721,0.3388059050002994
1722,0.31739722800011805
1723,0.3283069250001063
1724,0.3154061630002616
