epoch,loss
0,0.7822320938110352
1,0.5763035297393799
2,0.4484998345375061
3,0.360252833366394
4,0.30902878046035764
5,0.262386816740036
6,0.2241554468870163
7,0.1814189910888672
8,0.14421553015708924
9,0.13081934601068496
10,0.11540756672620774
11,0.11527110040187835
12,0.10143607705831528
13,0.09634819328784942
14,0.08228766620159149
15,0.07849095016717911
16,0.07483893185853958
17,0.07063368558883668
18,0.06874268352985383
19,0.0689608134329319
20,0.06835027933120727
21,0.06217309162020683
22,0.06277797818183899
23,0.06413598135113716
24,0.05713489800691605
25,0.05721215903759003
26,0.055520103126764295
27,0.05943924114108086
28,0.0535276971757412
29,0.05237744301557541
30,0.05026961490511894
31,0.04877864569425583
32,0.051532411575317384
33,0.051122904568910596
34,0.052557974308729175
35,0.04961683079600334
36,0.04667010977864265
37,0.04958081245422363
38,0.045738871395587924
39,0.0453305833041668
40,0.047266365587711336
41,0.04614882618188858
42,0.04714514240622521
43,0.04480927512049675
44,0.050258801132440564
45,0.04952837079763413
46,0.04656940773129463
47,0.045379072427749634
48,0.04460312128067016
49,0.049138206988573074
50,0.04901583194732666
51,0.04519042372703552
52,0.042145217210054396
53,0.044367365539073944
54,0.044741939008235934
55,0.045257138460874556
56,0.043200797587633136
57,0.04716443940997124
58,0.04326107949018478
59,0.0421074315905571
60,0.042034832388162614
61,0.04359775558114052
62,0.04100540354847908
63,0.038183209300041196
64,0.04608442336320877
65,0.044461410492658615
66,0.0433723084628582
67,0.044978416711092
68,0.04498092830181122
69,0.04390999525785446
70,0.03800500631332397
71,0.041714905947446826
72,0.040646865218877795
73,0.041347922384738924
74,0.044332113862037656
75,0.04340948015451431
76,0.03967590481042862
77,0.03838071152567864
78,0.04117743670940399
79,0.03730047270655632
80,0.03762039616703987
81,0.04218912422657013
82,0.04189826026558876
83,0.04478177651762962
84,0.04269681572914123
85,0.04198051169514656
86,0.04344815313816071
87,0.03999098762869835
88,0.04002949669957161
89,0.03691899254918098
90,0.040392053127288816
91,0.03876491263508797
92,0.03966427743434906
93,0.040812138468027115
94,0.04002991989254952
95,0.0377342626452446
96,0.04264114797115326
97,0.04312966465950012
98,0.04029735177755356
99,0.04235783293843269
100,0.04071907997131348
101,0.03702457956969738
102,0.03981372267007828
103,0.03914748728275299
104,0.04048190340399742
105,0.035756897553801535
106,0.03466762229800224
107,0.03615623340010643
108,0.0381879597902298
109,0.03522047400474548
110,0.03576507046818733
111,0.03720188066363335
112,0.03770398646593094
113,0.036962523311376574
114,0.03719613328576088
115,0.03503952100872994
116,0.03756849318742752
117,0.03749121278524399
118,0.039320652931928636
119,0.03967611342668533
120,0.036556734889745715
121,0.0458330899477005
122,0.03936483189463615
123,0.037000518292188644
124,0.039829641580581665
125,0.038762257993221284
126,0.03908859193325043
127,0.03738654106855392
128,0.04054573327302933
129,0.03699343502521515
130,0.04055191799998283
131,0.0362802691757679
132,0.034187090769410136
133,0.03865186721086502
134,0.036253952980041505
135,0.03314324468374252
136,0.03515205532312393
137,0.03612191900610924
138,0.04029594585299492
139,0.03783615306019783
140,0.040067796409130094
141,0.03924049288034439
142,0.03926310762763023
143,0.04013509899377823
144,0.03594016954302788
145,0.03740006983280182
146,0.037189971655607224
147,0.03565564230084419
148,0.03723836839199066
149,0.03523301780223846
150,0.03305756524205208
151,0.036861694604158404
152,0.0390291903167963
153,0.040191666781902315
154,0.03468260988593101
155,0.039978699386119844
156,0.03987779021263123
157,0.03350922465324402
158,0.039323640614748
159,0.03817550241947174
160,0.03831761106848717
161,0.03649415448307991
162,0.034873757511377335
163,0.03573259189724922
164,0.03249784409999847
165,0.038367563486099245
166,0.03867658004164696
167,0.036986760795116425
168,0.03622074723243714
169,0.03414625525474548
170,0.03717036843299866
171,0.03875592201948166
172,0.03606395050883293
173,0.03678431883454323
174,0.034785521775484086
175,0.03896895423531532
176,0.03531625494360924
177,0.038790884613990786
178,0.033474433794617654
179,0.03406663537025452
180,0.03460506871342659
181,0.033861055970191956
182,0.036723559349775316
183,0.03436403647065163
184,0.0364921398460865
185,0.036388571560382846
186,0.033728770539164545
187,0.03630566149950028
188,0.0366739995777607
189,0.03696775063872337
190,0.03664708882570267
191,0.033359984308481215
192,0.034626614302396774
193,0.03620706349611282
194,0.03565713539719582
195,0.03331831470131874
196,0.03611821830272675
197,0.034062163531780244
198,0.034684055298566815
199,0.03537347614765167
200,0.034688618034124374
201,0.03591963052749634
202,0.032507022470235826
203,0.034899508208036424
204,0.03587529957294464
205,0.032703171297907827
206,0.032942159101367
207,0.035136642307043074
208,0.03335040435194969
209,0.03208786733448506
210,0.035662849247455594
211,0.03888019844889641
212,0.032823053747415544
213,0.03379355780780315
214,0.03687167391180992
215,0.04142367392778397
216,0.036348188668489455
217,0.03463060706853867
218,0.0324961319565773
219,0.03624806925654411
220,0.03342182636260986
221,0.03362290449440479
222,0.037761549651622775
223,0.037137674540281294
224,0.03302283212542534
225,0.036245477944612504
226,0.037460922822356225
227,0.034225521609187126
228,0.032288479059934615
229,0.03129661306738853
230,0.03070530332624912
231,0.032929249852895734
232,0.035819076001644135
233,0.03874319121241569
234,0.03264661505818367
235,0.03515390977263451
236,0.035326064378023145
237,0.034961509704589847
238,0.03317019082605839
239,0.03428896032273769
240,0.033138226717710495
241,0.034658095240592955
242,0.03558802232146263
243,0.03154815062880516
244,0.03303641229867935
245,0.0351482767611742
246,0.03703266456723213
247,0.03213645219802856
248,0.03503747284412384
249,0.03361687138676643
250,0.032493334263563156
251,0.031385813280940054
252,0.033861912041902545
253,0.03679036870598793
254,0.03342065662145614
255,0.03636935651302338
256,0.035980386286973955
257,0.0341797947883606
258,0.0343192033469677
259,0.03439617082476616
260,0.0361536480486393
261,0.03306213952600956
262,0.03392549902200699
263,0.03479306474328041
264,0.033655602112412454
265,0.032909271866083147
266,0.03355402648448944
267,0.032599165290594104
268,0.034677179902791976
269,0.03217236660420895
270,0.034523073211312295
271,0.03249146044254303
272,0.033287081867456436
273,0.03462058901786804
274,0.03622769117355347
275,0.03253541737794876
276,0.03651923760771751
277,0.033570455759763716
278,0.03337365388870239
279,0.033575291931629184
280,0.03603961877524853
281,0.03363367170095444
282,0.03297674432396889
283,0.03359655290842056
284,0.02951287552714348
285,0.03158396854996681
286,0.03485192134976387
287,0.032605739682912825
288,0.03125496581196785
289,0.03369746878743172
290,0.03147042915225029
291,0.03373814970254898
292,0.03642887175083161
293,0.03821286261081695
294,0.030860136449337005
295,0.033337251469492915
296,0.031941601634025575
297,0.03260276839137077
298,0.03243522495031357
299,0.0357923973351717
300,0.032838713750243186
301,0.032229363173246386
302,0.03475981764495373
303,0.03683734387159347
304,0.031160083413124085
305,0.03332567065954208
306,0.03690321370959282
307,0.0343052864074707
308,0.03348449617624283
309,0.03429271206259728
310,0.03569194003939628
311,0.034692960977554324
312,0.03441168442368507
313,0.032965635508298875
314,0.035305426269769666
315,0.0324295986443758
316,0.03302172794938087
317,0.03573908656835556
318,0.034211701899766925
