shot,category,round,rscin,n_images,image_auroc,image_f1_max,image_ap
4,bottle,0,w/o,83,0.9904761904761905,0.96875,0.9970843277114172
4,bottle,0,w,83,0.9896825396825396,0.975609756097561,0.9969749851708267
4,bottle,1,w/o,83,0.9873015873015873,0.9692307692307692,0.9960700240316138
4,bottle,1,w,83,0.9904761904761905,0.975609756097561,0.9971135553225103
4,bottle,2,w/o,83,0.9952380952380953,0.9841269841269841,0.998510316885578
4,bottle,2,w,83,0.996031746031746,0.9841269841269841,0.9987705302605454
4,bottle,3,w/o,83,0.9936507936507937,0.9841269841269841,0.998064684087004
4,bottle,3,w,83,0.9904761904761905,0.9841269841269841,0.9973176452460166
4,bottle,4,w/o,83,0.996031746031746,0.9843749999999999,0.9987434171186782
4,bottle,4,w,83,0.9944444444444445,0.9841269841269841,0.9982841748683913
4,bottle,5,w/o,83,0.9944444444444445,0.9841269841269841,0.9983248974619714
4,bottle,5,w,83,0.9936507936507937,0.9841269841269841,0.9981607457797932
4,bottle,6,w/o,83,0.9896825396825397,0.9692307692307692,0.9967483807685789
4,bottle,6,w,83,0.9920634920634921,0.9841269841269841,0.9977035221512838
4,bottle,7,w/o,83,0.9920634920634921,0.9767441860465117,0.9975416375518833
4,bottle,7,w,83,0.9968253968253968,0.9919999999999999,0.9990523572613124
4,bottle,8,w/o,83,0.9952380952380953,0.9841269841269841,0.998510316885578
4,bottle,8,w,83,0.9936507936507936,0.9841269841269841,0.9981117687322187
4,bottle,9,w/o,83,0.9920634920634921,0.9843749999999999,0.9974660452977708
4,bottle,9,w,83,0.9928571428571429,0.9763779527559054,0.9978329294680834
4,cable,0,w/o,150,0.8483883058470765,0.8426395939086293,0.9059575671658209
4,cable,0,w,150,0.8907421289355322,0.8627450980392156,0.9350042008683126
4,cable,1,w/o,150,0.7456896551724138,0.8055555555555556,0.7963739902722122
4,cable,1,w,150,0.780359820089955,0.820754716981132,0.8343763485433409
4,cable,2,w/o,150,0.8686281859070465,0.861878453038674,0.9132683544172153
4,cable,2,w,150,0.9051724137931034,0.8936170212765957,0.9379337832640471
4,cable,3,w/o,150,0.8549475262368815,0.8617021276595744,0.9027572027323808
4,cable,3,w,150,0.8873688155922038,0.8877005347593583,0.9292422555822457
4,cable,4,w/o,150,0.8751874062968515,0.855721393034826,0.9179582912691133
4,cable,4,w,150,0.9130434782608696,0.8823529411764706,0.9452785005162995
4,cable,5,w/o,150,0.8504497751124438,0.8307692307692308,0.9102684257229647
4,cable,5,w,150,0.8875562218890555,0.8673469387755101,0.934606396320789
4,cable,6,w/o,150,0.7466266866566716,0.8217821782178217,0.7732884229838758
4,cable,6,w,150,0.7550599700149925,0.8288288288288288,0.7825999747504437
4,cable,7,w/o,150,0.789167916041979,0.797872340425532,0.8641541790500455
4,cable,7,w,150,0.8135307346326835,0.8110599078341013,0.8835278394614152
4,cable,8,w/o,150,0.8313343328335832,0.8653846153846154,0.8719984322361274
4,cable,8,w,150,0.8577586206896552,0.8656716417910448,0.8931054296463388
4,cable,9,w/o,150,0.8794977511244378,0.8586956521739132,0.9140285481204501
4,cable,9,w,150,0.9046101949025487,0.8783068783068784,0.934116262019715
4,capsule,0,w/o,132,0.7479058635819705,0.9391304347826087,0.9079212444200573
4,capsule,0,w,132,0.7215795771838851,0.9432314410480349,0.8849427926457418
4,capsule,1,w/o,132,0.7267650578380535,0.9350649350649352,0.8949700340218794
4,capsule,1,w,132,0.7088153171120861,0.9391304347826087,0.8743262684534214
4,capsule,2,w/o,132,0.7391304347826088,0.9292035398230087,0.9153677677721994
4,capsule,2,w,132,0.7291583566015157,0.9396551724137931,0.9170756806931172
4,capsule,3,w/o,132,0.7546868767451137,0.9380530973451328,0.9110997045393394
4,capsule,3,w,132,0.7283605903470284,0.9427312775330396,0.8911282974644915
4,capsule,4,w/o,132,0.6641404068607898,0.9270386266094421,0.8728525691447523
4,capsule,4,w,132,0.6449940167530913,0.9356223175965666,0.8552248133765703
4,capsule,5,w/o,132,0.8404467491025129,0.9350649350649352,0.960655533175942
4,capsule,5,w,132,0.8197048264858398,0.9391304347826087,0.9544116344295723
4,capsule,6,w/o,132,0.8057439170323096,0.9333333333333333,0.942202007158515
4,capsule,6,w,132,0.7794176306342242,0.9473684210526315,0.9295347005697796
4,capsule,7,w/o,132,0.6876745113681692,0.9191489361702129,0.8820675185186773
4,capsule,7,w,132,0.6717191862784204,0.9224137931034483,0.8621568892624133
4,capsule,8,w/o,132,0.7012365376944555,0.9152542372881356,0.8885709174769811
4,capsule,8,w,132,0.6685281212604707,0.923076923076923,0.863465521025449
4,capsule,9,w/o,132,0.793777423214998,0.9385964912280701,0.9431988249322081
4,capsule,9,w,132,0.7730355005983247,0.9396551724137931,0.9362467232957217
4,carpet,0,w/o,117,0.9843499197431782,0.967032967032967,0.9950964551726398
4,carpet,0,w,117,0.9979935794542536,0.9944134078212291,0.9993614285125705
4,carpet,1,w/o,117,0.9779293739967897,0.9595375722543353,0.9934282558232932
4,carpet,1,w,117,0.9971910112359551,0.9944134078212291,0.9990954794363108
4,carpet,2,w/o,117,0.9819422150882824,0.9617486338797814,0.9942723796978388
4,carpet,2,w,117,0.9963884430176565,0.9944134078212291,0.9988230826416782
4,carpet,3,w/o,117,0.9791332263242375,0.9599999999999999,0.9940151841582575
4,carpet,3,w,117,0.9979935794542536,0.9944134078212291,0.9993614285125705
4,carpet,4,w/o,117,0.9731139646869983,0.9545454545454545,0.992166418132185
4,carpet,4,w,117,0.9975922953451043,0.9944134078212291,0.9992292408060273
4,carpet,5,w/o,117,0.9759229534510432,0.9717514124293786,0.9930327464470807
4,carpet,5,w,117,0.9963884430176565,0.9944134078212291,0.9988230826416782
4,carpet,6,w/o,117,0.9803370786516853,0.9772727272727273,0.9941261243671249
4,carpet,6,w,117,0.9971910112359551,0.9944134078212291,0.9990954794363108
4,carpet,7,w/o,117,0.9779293739967897,0.9595375722543353,0.9934298328055607
4,carpet,7,w,117,0.9987961476725522,0.9944134078212291,0.9996212280614505
4,carpet,8,w/o,117,0.9791332263242375,0.9550561797752809,0.9936856981818388
4,carpet,8,w,117,0.9975922953451043,0.9944134078212291,0.9992292408060273
4,carpet,9,w/o,117,0.9763242375601926,0.96045197740113,0.9930160182035468
4,carpet,9,w,117,0.9963884430176565,0.9944134078212291,0.9988230826416782
4,grid,0,w/o,78,0.8771929824561403,0.9056603773584905,0.9610348339216543
4,grid,0,w,78,0.9055973266499583,0.9142857142857143,0.9712036929317776
4,grid,1,w/o,78,0.7844611528822055,0.8666666666666667,0.9150682530774474
4,grid,1,w,78,0.8178780284043441,0.8636363636363636,0.9310590569981727
4,grid,2,w/o,78,0.8061821219715957,0.8793103448275862,0.9192841589358698
4,grid,2,w,78,0.8170426065162907,0.8793103448275862,0.9270483293738685
4,grid,3,w/o,78,0.8638262322472849,0.875,0.9539870495707932
4,grid,3,w,78,0.8955722639933166,0.8983050847457625,0.9632532690703013
4,grid,4,w/o,78,0.8888888888888888,0.9009009009009009,0.9583804519295658
4,grid,4,w,78,0.9197994987468672,0.9380530973451328,0.9690473497673651
4,grid,5,w/o,78,0.8262322472848789,0.8571428571428571,0.9373834311580469
4,grid,5,w,78,0.8446115288220551,0.8793103448275862,0.9424718312369733
4,grid,6,w/o,78,0.8989139515455306,0.9,0.9662853148909769
4,grid,6,w,78,0.9206349206349206,0.9166666666666667,0.9724605875287295
4,grid,7,w/o,78,0.835421888053467,0.8636363636363636,0.9394496275744806
4,grid,7,w,78,0.8387635756056809,0.8636363636363636,0.9404207615215976
4,grid,8,w/o,78,0.9047619047619049,0.9152542372881356,0.9665972336210533
4,grid,8,w,78,0.9014202172096909,0.9107142857142856,0.967846158713997
4,grid,9,w/o,78,0.8128654970760234,0.859504132231405,0.9295352961389118
4,grid,9,w,78,0.837092731829574,0.875,0.9405111025218564
4,hazelnut,0,w/o,110,0.9467857142857142,0.9154929577464788,0.9676765400459151
4,hazelnut,0,w,110,0.9625,0.9361702127659575,0.9788163341664802
4,hazelnut,1,w/o,110,0.9367857142857143,0.9103448275862068,0.9617170745854782
4,hazelnut,1,w,110,0.9546428571428571,0.9241379310344828,0.9755881099343773
4,hazelnut,2,w/o,110,0.9610714285714286,0.9428571428571428,0.9775349207902817
4,hazelnut,2,w,110,0.9778571428571429,0.943661971830986,0.9880202835422256
4,hazelnut,3,w/o,110,0.9846428571428572,0.962962962962963,0.9921708375008553
4,hazelnut,3,w,110,0.9921428571428572,0.9710144927536232,0.9957665006030987
4,hazelnut,4,w/o,110,0.9732142857142857,0.9361702127659575,0.9859435454663565
4,hazelnut,4,w,110,0.9832142857142857,0.9571428571428572,0.9903263740661761
4,hazelnut,5,w/o,110,0.9742857142857143,0.9420289855072465,0.9857766163868165
4,hazelnut,5,w,110,0.985,0.9558823529411765,0.9918214972948909
4,hazelnut,6,w/o,110,0.9628571428571429,0.9428571428571428,0.9808321875671044
4,hazelnut,6,w,110,0.98,0.9635036496350364,0.9899871911332114
4,hazelnut,7,w/o,110,0.9475,0.9189189189189189,0.9677707627061671
4,hazelnut,7,w,110,0.9625000000000001,0.9370629370629371,0.9787986591620217
4,hazelnut,8,w/o,110,0.9225,0.904109589041096,0.9555640753450922
4,hazelnut,8,w,110,0.9460714285714287,0.9115646258503401,0.9704189387437765
4,hazelnut,9,w/o,110,0.9771428571428572,0.9428571428571428,0.9879500120387219
4,hazelnut,9,w,110,0.9878571428571429,0.9645390070921985,0.9929768393076384
4,leather,0,w/o,124,1.0,1.0,1.0000000000000002
4,leather,0,w,124,1.0,1.0,1.0000000000000002
4,leather,1,w/o,124,0.9993206521739131,0.9945945945945946,0.9997649755066368
4,leather,1,w,124,1.0,1.0,1.0000000000000002
4,leather,2,w/o,124,0.9979619565217391,0.989010989010989,0.9993098495545063
4,leather,2,w,124,1.0,1.0,1.0000000000000002
4,leather,3,w/o,124,1.0,1.0,1.0000000000000002
4,leather,3,w,124,1.0,1.0,1.0000000000000002
4,leather,4,w/o,124,0.9993206521739131,0.9945945945945946,0.9997649755066368
4,leather,4,w,124,1.0,1.0,1.0000000000000002
4,leather,5,w/o,124,0.9996603260869565,0.9945945945945946,0.9998831229546519
4,leather,5,w,124,1.0,1.0,1.0000000000000002
4,leather,6,w/o,124,0.9979619565217391,0.989010989010989,0.9993133473585789
4,leather,6,w,124,1.0,1.0,1.0000000000000002
4,leather,7,w/o,124,0.9989809782608696,0.989247311827957,0.9996505852069342
4,leather,7,w,124,1.0,1.0,1.0000000000000002
4,leather,8,w/o,124,0.998641304347826,0.989247311827957,0.9995349785642527
4,leather,8,w,124,1.0,1.0,1.0000000000000002
4,leather,9,w/o,124,0.998641304347826,0.989247311827957,0.9995349785642527
4,leather,9,w,124,1.0,1.0,1.0000000000000002
4,metal_nut,0,w/o,115,0.9643206256109482,0.9502762430939227,0.9917976463852112
4,metal_nut,0,w,115,0.9731182795698924,0.9625668449197862,0.9940187389283908
4,metal_nut,1,w/o,115,0.9638318670576735,0.9489795918367347,0.9916392885312015
4,metal_nut,1,w,115,0.9682306940371456,0.962962962962963,0.9926886991235223
4,metal_nut,2,w/o,115,0.9222873900293255,0.9368421052631579,0.9809355014266203
4,metal_nut,2,w,115,0.9403714565004888,0.934065934065934,0.9866314313487549
4,metal_nut,3,w/o,115,0.9403714565004887,0.9368421052631579,0.9862882609740529
4,metal_nut,3,w,115,0.9579667644183772,0.9484536082474228,0.9903951907159834
4,metal_nut,4,w/o,115,0.9315738025415444,0.9473684210526316,0.9828038548005277
4,metal_nut,4,w,115,0.9496578690127078,0.9479166666666667,0.9882551094178307
4,metal_nut,5,w/o,115,0.9540566959921799,0.956989247311828,0.9892704083039758
4,metal_nut,5,w,115,0.9657869012707723,0.9625668449197862,0.9923039453511272
4,metal_nut,6,w/o,115,0.9545454545454546,0.9417989417989417,0.989325993022679
4,metal_nut,6,w,115,0.9682306940371457,0.956989247311828,0.9927059990483555
4,metal_nut,7,w/o,115,0.9530791788856304,0.9444444444444445,0.9890655158940156
4,metal_nut,7,w,115,0.9696969696969697,0.9578947368421052,0.9931382974471823
4,metal_nut,8,w/o,115,0.9227761485826002,0.9347826086956522,0.9809301691593101
4,metal_nut,8,w,115,0.9408602150537635,0.9411764705882354,0.9863923579120437
4,metal_nut,9,w/o,115,0.9222873900293256,0.9424083769633509,0.9809406127966864
4,metal_nut,9,w,115,0.9481915933528837,0.946808510638298,0.9883073976931663
4,pill,0,w/o,167,0.7422258592471358,0.9205298013245032,0.9446443553200794
4,pill,0,w,167,0.7855973813420621,0.9215686274509803,0.9555883548035387
4,pill,1,w/o,167,0.7615930169121659,0.9185667752442997,0.9489044915795024
4,pill,1,w,167,0.7945990180032734,0.923076923076923,0.9563231252058938
4,pill,2,w/o,167,0.7452264048008729,0.9185667752442997,0.9458011348317651
4,pill,2,w,167,0.7864157119476268,0.9185667752442997,0.9557327443563397
4,pill,3,w/o,167,0.7474086197490453,0.9155844155844156,0.9473681301822178
4,pill,3,w,167,0.7719585379159847,0.9185667752442997,0.9534055196298707
4,pill,4,w/o,167,0.715493726132024,0.9185667752442997,0.9366363322549536
4,pill,4,w,167,0.7585924713584289,0.9185667752442997,0.9483969931818956
4,pill,5,w/o,167,0.7054009819967266,0.9185667752442997,0.935296515227828
4,pill,5,w,167,0.7231314784506274,0.9155844155844156,0.9414267151786947
4,pill,6,w/o,167,0.734860883797054,0.9155844155844156,0.9410979343212764
4,pill,6,w,167,0.7779596290234588,0.9185667752442997,0.9538763063652299
4,pill,7,w/o,167,0.7253136933987998,0.9185667752442997,0.9384088425276769
4,pill,7,w,167,0.7555919258046918,0.9205298013245032,0.9460366228067307
4,pill,8,w/o,167,0.776595744680851,0.9235880398671096,0.9507652284452965
4,pill,8,w,167,0.8224222585924713,0.9189189189189189,0.9619303930571197
4,pill,9,w/o,167,0.7359519912711401,0.9215686274509803,0.944638491935109
4,pill,9,w,167,0.7640480087288598,0.9215686274509803,0.9519046054169036
4,screw,0,w/o,160,0.6333265013322402,0.8623188405797102,0.8340843918393168
4,screw,0,w,160,0.6411149825783972,0.8623188405797102,0.8279361443213393
4,screw,1,w/o,160,0.555031768805083,0.8654545454545455,0.7793831754420728
4,screw,1,w,160,0.5429391268702604,0.8634686346863469,0.774604091590944
4,screw,2,w/o,160,0.6880508300881328,0.8550185873605948,0.8563034418599458
4,screw,2,w,160,0.6847714695634353,0.8634686346863469,0.8621131957587634
4,screw,3,w/o,160,0.5765525722484115,0.856115107913669,0.8095744450427731
4,screw,3,w,160,0.5531871285099406,0.8592057761732852,0.7828030838663338
4,screw,4,w/o,160,0.4627997540479607,0.8613138686131386,0.7074383477946783
4,screw,4,w,160,0.4640295142447223,0.8644688644688645,0.6913087306196559
4,screw,5,w/o,160,0.6730887476941996,0.8654545454545455,0.8477657146425147
4,screw,5,w,160,0.6753433080549293,0.8644688644688645,0.8289537854080835
4,screw,6,w/o,160,0.5683541709366673,0.8625954198473282,0.7732710250588412
4,screw,6,w,160,0.5790120926419349,0.8686131386861314,0.7810205381234672
4,screw,7,w/o,160,0.5701988112318098,0.8646616541353385,0.7716542534625079
4,screw,7,w,160,0.5574912891986064,0.8686131386861314,0.7641975364920541
4,screw,8,w/o,160,0.509325681492109,0.8581818181818182,0.7750819653110608
4,screw,8,w,160,0.4878048780487805,0.8623188405797102,0.7589574661448926
4,screw,9,w/o,160,0.6985037917606066,0.8654545454545455,0.834103889717928
4,screw,9,w,160,0.7202295552367288,0.8669201520912547,0.8295251277169652
4,tile,0,w/o,117,0.9837662337662337,0.9759036144578312,0.9938965289232014
4,tile,0,w,117,0.9974747474747475,0.9940828402366864,0.9989831346503585
4,tile,1,w/o,117,0.9707792207792209,0.9518072289156626,0.9893586143087003
4,tile,1,w,117,0.9967532467532468,0.9940828402366864,0.9986759022002689
4,tile,2,w/o,117,0.9816017316017317,0.970059880239521,0.9934245590949946
4,tile,2,w,117,0.9996392496392497,0.9940828402366864,0.9998599439775908
4,tile,3,w/o,117,0.9805194805194806,0.9545454545454545,0.9923594188084213
4,tile,3,w,117,0.9967532467532468,0.9940828402366864,0.9986759022002689
4,tile,4,w/o,117,0.977994227994228,0.9540229885057472,0.9916132874906772
4,tile,4,w,117,0.998917748917749,0.9940828402366864,0.9995747897552594
4,tile,5,w/o,117,0.9841269841269841,0.970059880239521,0.993952398190127
4,tile,5,w,117,0.9978354978354979,0.9940828402366864,0.9991338278390264
4,tile,6,w/o,117,0.9870129870129871,0.9761904761904762,0.9951224727203609
4,tile,6,w,117,0.998917748917749,0.9940828402366864,0.9995747897552594
4,tile,7,w/o,117,0.9891774891774893,0.9704142011834319,0.995925244144864
4,tile,7,w,117,1.0,1.0,0.9999999999999998
4,tile,8,w/o,117,0.9830447330447332,0.9642857142857143,0.993544333494336
4,tile,8,w,117,0.9981962481962482,0.9940828402366864,0.9992826373628358
4,tile,9,w/o,117,0.9841269841269841,0.9651162790697674,0.9939062092240762
4,tile,9,w,117,0.9981962481962482,0.9940828402366864,0.9992826373628358
4,toothbrush,0,w/o,42,0.9444444444444445,0.9375,0.9775912119511898
4,toothbrush,0,w,42,0.9611111111111111,0.9523809523809523,0.9849046048037984
4,toothbrush,1,w/o,42,0.875,0.8823529411764706,0.9527040171803676
4,toothbrush,1,w,42,0.8888888888888888,0.9206349206349207,0.9558517573235193
4,toothbrush,2,w/o,42,0.8833333333333333,0.8955223880597014,0.9565177078361634
4,toothbrush,2,w,42,0.9027777777777778,0.9206349206349207,0.9617447011455249
4,toothbrush,3,w/o,42,0.9416666666666667,0.9310344827586207,0.9770337387282222
4,toothbrush,3,w,42,0.9666666666666667,0.967741935483871,0.9862487192389862
4,toothbrush,4,w/o,42,0.8805555555555555,0.90625,0.9544118031860008
4,toothbrush,4,w,42,0.8944444444444444,0.9090909090909091,0.9582477698459508
4,toothbrush,5,w/o,42,0.9222222222222223,0.912280701754386,0.970951355687822
4,toothbrush,5,w,42,0.9555555555555556,0.9310344827586207,0.983812329645663
4,toothbrush,6,w/o,42,0.9611111111111111,0.9310344827586207,0.9855468406543675
4,toothbrush,6,w,42,0.9638888888888889,0.9473684210526316,0.9871782339524275
4,toothbrush,7,w/o,42,0.8944444444444445,0.9032258064516129,0.9578374624593535
4,toothbrush,7,w,42,0.9361111111111111,0.9375,0.9710354152217677
4,toothbrush,8,w/o,42,0.9,0.9,0.9623883668860918
4,toothbrush,8,w,42,0.9166666666666667,0.8928571428571429,0.9700249131562424
4,toothbrush,9,w/o,42,0.8861111111111111,0.9090909090909091,0.9552885245529769
4,toothbrush,9,w,42,0.8916666666666667,0.9206349206349207,0.9565506198644871
4,transistor,0,w/o,100,0.8608333333333335,0.7826086956521738,0.8473910659284334
4,transistor,0,w,100,0.8616666666666666,0.7777777777777777,0.8445672974811782
4,transistor,1,w/o,100,0.8425,0.7727272727272727,0.7901673028099159
4,transistor,1,w,100,0.8408333333333333,0.7352941176470589,0.8028720571401533
4,transistor,2,w/o,100,0.8437499999999999,0.7380952380952381,0.8447314131603125
4,transistor,2,w,100,0.8579166666666668,0.7529411764705882,0.8541498335221185
4,transistor,3,w/o,100,0.8704166666666666,0.7848101265822786,0.8707159503331141
4,transistor,3,w,100,0.8833333333333333,0.7837837837837837,0.8694219415893274
4,transistor,4,w/o,100,0.8150000000000001,0.75,0.77358541861799
4,transistor,4,w,100,0.8266666666666667,0.717948717948718,0.7959480208421552
4,transistor,5,w/o,100,0.8820833333333333,0.7894736842105262,0.864370291927078
4,transistor,5,w,100,0.8870833333333334,0.7826086956521738,0.872890044091054
4,transistor,6,w/o,100,0.8725,0.7777777777777777,0.8552545085198566
4,transistor,6,w,100,0.88,0.7608695652173914,0.8622012833952538
4,transistor,7,w/o,100,0.87125,0.8266666666666667,0.8819039113056999
4,transistor,7,w,100,0.8795833333333334,0.8055555555555555,0.8760588634309323
4,transistor,8,w/o,100,0.8495833333333334,0.7901234567901235,0.8148371081069208
4,transistor,8,w,100,0.87375,0.7741935483870968,0.8421534609646998
4,transistor,9,w/o,100,0.84375,0.7594936708860761,0.8079259988540834
4,transistor,9,w,100,0.8454166666666667,0.7254901960784315,0.8128458996173467
4,wood,0,w/o,79,0.9824561403508771,0.9836065573770492,0.9941883687621568
4,wood,0,w,79,0.9912280701754386,0.9752066115702478,0.9972765757076884
4,wood,1,w/o,79,0.9921052631578947,0.975609756097561,0.9975393738119497
4,wood,1,w,79,0.993859649122807,0.9752066115702478,0.9981293993701955
4,wood,2,w/o,79,0.9921052631578947,0.9743589743589743,0.9975963261648747
4,wood,2,w,79,0.9929824561403509,0.9747899159663865,0.9978693958447241
4,wood,3,w/o,79,0.9929824561403509,0.975609756097561,0.9978169892415231
4,wood,3,w,79,0.9956140350877193,0.9833333333333333,0.9986805555555557
4,wood,4,w/o,79,0.987719298245614,0.975609756097561,0.9961222066994181
4,wood,4,w,79,0.993859649122807,0.9833333333333333,0.9981107133580104
4,wood,5,w/o,79,0.9859649122807018,0.9666666666666667,0.9956668886614827
4,wood,5,w,79,0.9929824561403509,0.9752066115702478,0.9978890147548111
4,wood,6,w/o,79,0.987719298245614,0.975609756097561,0.9960408313204697
4,wood,6,w,79,0.993859649122807,0.9833333333333333,0.9981107133580104
4,wood,7,w/o,79,0.987719298245614,0.967741935483871,0.9961383074019942
4,wood,7,w,79,0.993859649122807,0.9752066115702478,0.9981293993701955
4,wood,8,w/o,79,0.9903508771929824,0.975609756097561,0.9969869726256594
4,wood,8,w,79,0.993859649122807,0.9752066115702478,0.9981293993701955
4,wood,9,w/o,79,0.9947368421052631,0.9836065573770492,0.9983603619484108
4,wood,9,w,79,0.9956140350877193,0.9833333333333333,0.9986805555555557
4,zipper,0,w/o,151,0.9574579831932774,0.9620253164556962,0.9861115083672174
4,zipper,0,w,151,0.9690126050420168,0.9714285714285714,0.9899621602653337
4,zipper,1,w/o,151,0.9611344537815125,0.975,0.9865666111939121
4,zipper,1,w,151,0.9695378151260504,0.9747899159663865,0.9898632805539791
4,zipper,2,w/o,151,0.9516806722689075,0.9576271186440678,0.9838892354086812
4,zipper,2,w,151,0.9645483193277311,0.979253112033195,0.9884586454270817
4,zipper,3,w/o,151,0.9590336134453782,0.9672131147540983,0.9857158334584444
4,zipper,3,w,151,0.9653361344537815,0.9754098360655737,0.9884250508004392
4,zipper,4,w/o,151,0.9711134453781513,0.9672131147540983,0.9921143047943057
4,zipper,4,w,151,0.9887079831932772,0.975,0.9970184932843213
4,zipper,5,w/o,151,0.9627100840336135,0.9583333333333334,0.9897744560098634
4,zipper,5,w,151,0.985031512605042,0.9745762711864406,0.9960018964323346
4,zipper,6,w/o,151,0.9503676470588236,0.9539748953974896,0.9845137621373661
4,zipper,6,w,151,0.9653361344537815,0.9635627530364372,0.9890430460063822
4,zipper,7,w/o,151,0.9582457983193278,0.9661016949152542,0.9861436768611898
4,zipper,7,w,151,0.9695378151260504,0.9747899159663865,0.9902314163734613
4,zipper,8,w/o,151,0.9608718487394958,0.9666666666666667,0.9866748140850496
4,zipper,8,w,151,0.9653361344537815,0.9752066115702479,0.9886961430935268
4,zipper,9,w/o,151,0.9485294117647058,0.9620253164556962,0.9834776323041614
4,zipper,9,w,151,0.9627100840336135,0.9711934156378601,0.9878402230051142
2,bottle,0,w/o,83,0.9857142857142858,0.975609756097561,0.9958712651727357
2,bottle,0,w,83,0.9904761904761905,0.9763779527559054,0.9972638248847925
2,bottle,1,w/o,83,0.9984126984126984,0.9919999999999999,0.9995115995115993
2,bottle,1,w,83,1.0,1.0,0.9999999999999998
2,bottle,2,w/o,83,0.9984126984126984,0.9921259842519685,0.999500031494079
2,bottle,2,w,83,0.9992063492063492,0.9921259842519685,0.999751984126984
2,bottle,3,w/o,83,0.996031746031746,0.9843749999999999,0.998759551380519
2,bottle,3,w,83,0.996031746031746,0.9843749999999999,0.998759551380519
2,bottle,4,w/o,83,0.9984126984126984,0.9921259842519685,0.999500031494079
2,bottle,4,w,83,1.0,1.0,0.9999999999999998
2,bottle,5,w/o,83,0.9976190476190476,0.9921259842519685,0.9992440151090303
2,bottle,5,w,83,0.9976190476190476,0.9921259842519685,0.9992440151090303
2,bottle,6,w/o,83,0.9976190476190476,0.9921259842519685,0.9992440151090303
2,bottle,6,w,83,0.9984126984126984,0.9921259842519685,0.999500031494079
2,bottle,7,w/o,83,1.0,1.0,0.9999999999999998
2,bottle,7,w,83,0.9992063492063492,0.9921259842519685,0.999751984126984
2,bottle,8,w/o,83,1.0,1.0,0.9999999999999998
2,bottle,8,w,83,0.9992063492063492,0.9921259842519685,0.999751984126984
2,bottle,9,w/o,83,1.0,1.0,0.9999999999999998
2,bottle,9,w,83,1.0,1.0,0.9999999999999998
2,cable,0,w/o,150,0.6360569715142428,0.7698744769874477,0.7416156264660635
2,cable,0,w,150,0.6682908545727136,0.773109243697479,0.7813726790973154
2,cable,1,w/o,150,0.7157046476761619,0.7850467289719626,0.7994212114614522
2,cable,1,w,150,0.7415667166416792,0.7999999999999999,0.8142352887868943
2,cable,2,w/o,150,0.6673538230884558,0.7878787878787878,0.7416672424141326
2,cable,2,w,150,0.6834707646176911,0.7844827586206896,0.7639595708491203
2,cable,3,w/o,150,0.6645427286356821,0.7889908256880734,0.7132877402555948
2,cable,3,w,150,0.7040854572713643,0.8036529680365297,0.7486379756764896
2,cable,4,w/o,150,0.6444902548725637,0.7889908256880734,0.7208988643401815
2,cable,4,w,150,0.6694152923538231,0.7999999999999999,0.7385897724045846
2,cable,5,w/o,150,0.7582458770614693,0.8073394495412843,0.8237177271085678
2,cable,5,w,150,0.782608695652174,0.8292682926829267,0.8468881688992278
2,cable,6,w/o,150,0.7747376311844079,0.8127853881278538,0.8373489265662983
2,cable,6,w,150,0.8315217391304348,0.8235294117647057,0.8819424286307047
2,cable,7,w/o,150,0.76667916041979,0.8195121951219514,0.8216105816880924
2,cable,7,w,150,0.8071589205397302,0.8365384615384616,0.8605554195480785
2,cable,8,w/o,150,0.7520614692653674,0.8177339901477833,0.8131529682758574
2,cable,8,w,150,0.7942278860569715,0.8316831683168316,0.8505413834882547
2,cable,9,w/o,150,0.5967016491754124,0.7757009345794392,0.6627224894709147
2,cable,9,w,150,0.6266866566716642,0.8036529680365297,0.6762194744314043
2,capsule,0,w/o,132,0.7108097327483047,0.9270386266094421,0.8958016738649628
2,capsule,0,w,132,0.6844834463502194,0.9251101321585902,0.8702205873686579
2,capsule,1,w/o,132,0.7323494216194655,0.9375,0.8922650045882083
2,capsule,1,w,132,0.7140007977662545,0.9459459459459459,0.8698834719065626
2,capsule,2,w/o,132,0.7183885121659354,0.9196428571428571,0.8945180179492642
2,capsule,2,w,132,0.694854407658556,0.9224137931034483,0.8693290260577421
2,capsule,3,w/o,132,0.6633426406063023,0.9316239316239316,0.8708505525222592
2,capsule,3,w,132,0.6477861986437974,0.9298245614035089,0.8596405707442061
2,capsule,4,w/o,132,0.7235739928201036,0.9264069264069265,0.9074661220095412
2,capsule,4,w,132,0.731551655364978,0.9344978165938865,0.9065764730032978
2,capsule,5,w/o,132,0.5831671320303151,0.9083333333333334,0.8529173023821434
2,capsule,5,w,132,0.5628240925408855,0.9121338912133891,0.8373532495756604
2,capsule,6,w/o,132,0.7052253689668927,0.9437229437229437,0.8858495696174042
2,capsule,6,w,132,0.6697247706422018,0.9350649350649352,0.8640650444433684
2,capsule,7,w/o,132,0.7287594734742721,0.9304347826086957,0.9002278544581084
2,capsule,7,w,132,0.7060231352213802,0.9292035398230087,0.8769717657087738
2,capsule,8,w/o,132,0.6517750299162346,0.919831223628692,0.8683154092558848
2,capsule,8,w,132,0.6469884323893099,0.9292035398230087,0.8632353754568239
2,capsule,9,w/o,132,0.6641404068607898,0.9350649350649352,0.8684766732511067
2,capsule,9,w,132,0.6521739130434783,0.9391304347826087,0.8590072516384744
2,carpet,0,w/o,117,0.972712680577849,0.9659090909090908,0.9916901468592372
2,carpet,0,w,117,0.9951845906902087,0.9944134078212291,0.998401690429763
2,carpet,1,w/o,117,0.9602728731942215,0.9540229885057471,0.9882471597104951
2,carpet,1,w,117,0.9943820224719101,0.9888888888888888,0.9981355396018144
2,carpet,2,w/o,117,0.9831460674157303,0.967391304347826,0.9945077121605961
2,carpet,2,w,117,0.9963884430176565,0.9944134078212291,0.9988230826416782
2,carpet,3,w/o,117,0.963884430176565,0.9545454545454545,0.9901708818515536
2,carpet,3,w,117,0.9983948635634029,0.9944134078212291,0.9994920791527586
2,carpet,4,w/o,117,0.9682985553772071,0.9502762430939227,0.99067784634734
2,carpet,4,w,117,0.9947833065810594,0.9888888888888888,0.9983265155446515
2,carpet,5,w/o,117,0.9695024077046549,0.9599999999999999,0.9903715865455962
2,carpet,5,w,117,0.9951845906902087,0.9944134078212291,0.998401690429763
2,carpet,6,w/o,117,0.9606741573033707,0.96045197740113,0.9885343650040268
2,carpet,6,w,117,0.9935794542536116,0.9834254143646408,0.997911891267338
2,carpet,7,w/o,117,0.9570626003210272,0.9491525423728814,0.9878270010881612
2,carpet,7,w,117,0.9939807383627608,0.9887640449438202,0.9980995718255201
2,carpet,8,w/o,117,0.9530497592295344,0.9473684210526315,0.9868055597103119
2,carpet,8,w,117,0.9947833065810594,0.9887640449438202,0.9983259442080894
2,carpet,9,w/o,117,0.9662921348314606,0.9659090909090908,0.9892008407573736
2,carpet,9,w,117,0.9923756019261637,0.9944134078212291,0.9973522546273239
2,grid,0,w/o,78,0.8187134502923977,0.8907563025210085,0.9095641841496316
2,grid,0,w,78,0.8245614035087719,0.8947368421052632,0.9142346242596917
2,grid,1,w/o,78,0.7961570593149541,0.8444444444444443,0.9271696176954058
2,grid,1,w,78,0.8178780284043442,0.859504132231405,0.9371370052617307
2,grid,2,w/o,78,0.7510442773600668,0.8548387096774193,0.8896810392257843
2,grid,2,w,78,0.758563074352548,0.8549618320610687,0.8927372953324755
2,grid,3,w/o,78,0.7117794486215538,0.8507462686567165,0.8716546154726184
2,grid,3,w,78,0.7343358395989975,0.8479999999999999,0.8793257207885004
2,grid,4,w/o,78,0.6591478696741855,0.8444444444444443,0.8585183842430306
2,grid,4,w,78,0.6892230576441103,0.8444444444444443,0.8768913002856784
2,grid,5,w/o,78,0.758563074352548,0.859375,0.8883987431799889
2,grid,5,w,78,0.7552213868003342,0.859375,0.8973994148774469
2,grid,6,w/o,78,0.7736006683375104,0.8571428571428571,0.8989510890975605
2,grid,6,w,78,0.8103592314118631,0.8780487804878049,0.9181710547704611
2,grid,7,w/o,78,0.7869674185463659,0.8648648648648649,0.9142338794475848
2,grid,7,w,78,0.8011695906432749,0.8617886178861788,0.9231248230180624
2,grid,8,w/o,78,0.8304093567251462,0.8869565217391304,0.9246857568467703
2,grid,8,w,78,0.8654970760233919,0.8965517241379309,0.9422873531976697
2,grid,9,w/o,78,0.7886382623224728,0.8813559322033898,0.9009773361636941
2,grid,9,w,78,0.8187134502923977,0.8870967741935484,0.9233408089078539
2,hazelnut,0,w/o,110,0.9560714285714285,0.9178082191780822,0.9752523989004236
2,hazelnut,0,w,110,0.9782142857142857,0.9361702127659575,0.9881044480199159
2,hazelnut,1,w/o,110,0.9789285714285715,0.9444444444444445,0.9885079974050224
2,hazelnut,1,w,110,0.9928571428571429,0.9722222222222222,0.9958206546927002
2,hazelnut,2,w/o,110,0.9689285714285715,0.9295774647887323,0.9847578528120575
2,hazelnut,2,w,110,0.9917857142857143,0.9790209790209791,0.9947285319088406
2,hazelnut,3,w/o,110,0.9503571428571429,0.9150326797385622,0.9723477742265185
2,hazelnut,3,w,110,0.9700000000000001,0.9261744966442954,0.9832779254328274
2,hazelnut,4,w/o,110,0.9403571428571429,0.8985507246376812,0.9667428646305973
2,hazelnut,4,w,110,0.9610714285714286,0.9275362318840579,0.9793044324067461
2,hazelnut,5,w/o,110,0.9585714285714285,0.9166666666666667,0.977450821819837
2,hazelnut,5,w,110,0.979642857142857,0.943661971830986,0.9890576721963622
2,hazelnut,6,w/o,110,0.97,0.9565217391304348,0.9863597217145399
2,hazelnut,6,w,110,0.9939285714285715,0.9722222222222222,0.9965318928910687
2,hazelnut,7,w/o,110,0.9567857142857144,0.9295774647887323,0.974797536418553
2,hazelnut,7,w,110,0.9746428571428573,0.9402985074626866,0.9866651071373789
2,hazelnut,8,w/o,110,0.9628571428571429,0.9370629370629371,0.9789329410194003
2,hazelnut,8,w,110,0.9832142857142857,0.9510489510489512,0.9904272319864282
2,hazelnut,9,w/o,110,0.9835714285714285,0.9510489510489512,0.9910544101234371
2,hazelnut,9,w,110,0.9928571428571429,0.9655172413793104,0.9959850548878657
2,leather,0,w/o,124,1.0,1.0,1.0000000000000002
2,leather,0,w,124,1.0,1.0,1.0000000000000002
2,leather,1,w/o,124,1.0,1.0,1.0000000000000002
2,leather,1,w,124,1.0,1.0,1.0000000000000002
2,leather,2,w/o,124,1.0,1.0,1.0000000000000002
2,leather,2,w,124,1.0,1.0,1.0000000000000002
2,leather,3,w/o,124,1.0,1.0,1.0000000000000002
2,leather,3,w,124,1.0,1.0,1.0000000000000002
2,leather,4,w/o,124,1.0,1.0,1.0000000000000002
2,leather,4,w,124,1.0,1.0,1.0000000000000002
2,leather,5,w/o,124,0.9989809782608695,0.9945945945945946,0.9996455297350171
2,leather,5,w,124,1.0,1.0,1.0000000000000002
2,leather,6,w/o,124,0.9983016304347826,0.989247311827957,0.9994155327926331
2,leather,6,w,124,1.0,1.0,1.0000000000000002
2,leather,7,w/o,124,0.9989809782608695,0.9945945945945946,0.9996455297350171
2,leather,7,w,124,1.0,1.0,1.0000000000000002
2,leather,8,w/o,124,1.0,1.0,1.0000000000000002
2,leather,8,w,124,1.0,1.0,1.0000000000000002
2,leather,9,w/o,124,1.0,1.0,1.0000000000000002
2,leather,9,w,124,1.0,1.0,1.0000000000000002
2,metal_nut,0,w/o,115,0.9569892473118279,0.9473684210526316,0.9899706913035925
2,metal_nut,0,w,115,0.9687194525904204,0.9528795811518325,0.9928949004818994
2,metal_nut,1,w/o,115,0.9740957966764419,0.9555555555555556,0.9941733660805883
2,metal_nut,1,w,115,0.978494623655914,0.967032967032967,0.9952162392996995
2,metal_nut,2,w/o,115,0.9838709677419355,0.972972972972973,0.9964805280012966
2,metal_nut,2,w,115,0.9789833822091887,0.9787234042553192,0.9953838085475402
2,metal_nut,3,w/o,115,0.9516129032258065,0.9574468085106383,0.9873112208033268
2,metal_nut,3,w,115,0.9652981427174976,0.9633507853403142,0.9916865396883577
2,metal_nut,4,w/o,115,0.9066471163245357,0.9304812834224598,0.9781744305020805
2,metal_nut,4,w,115,0.9281524926686217,0.9312169312169313,0.983943390348025
2,metal_nut,5,w/o,115,0.9393939393939393,0.9528795811518325,0.9849359995509487
2,metal_nut,5,w,115,0.9657869012707722,0.9625668449197862,0.9918117953474037
2,metal_nut,6,w/o,115,0.9252199413489736,0.9230769230769231,0.982742130053829
2,metal_nut,6,w,115,0.9349951124144672,0.9347826086956522,0.9850108000702706
2,metal_nut,7,w/o,115,0.9296187683284457,0.9326424870466321,0.9831181315952338
2,metal_nut,7,w,115,0.9452590420332356,0.9393939393939393,0.9874975198391893
2,metal_nut,8,w/o,115,0.9305962854349951,0.9417989417989417,0.9831546501218145
2,metal_nut,8,w,115,0.939882697947214,0.9325842696629214,0.9865960670984297
2,metal_nut,9,w/o,115,0.9252199413489737,0.9361702127659575,0.9830039184956957
2,metal_nut,9,w,115,0.9345063538611925,0.9361702127659575,0.9850314566929311
2,pill,0,w/o,167,0.6246590289143481,0.9155844155844156,0.9099587944230076
2,pill,0,w,167,0.6530278232405892,0.9155844155844156,0.9193617215394247
2,pill,1,w/o,167,0.7201309328968903,0.9155844155844156,0.936429875793889
2,pill,1,w,167,0.7523186033824331,0.9194630872483222,0.9461141898554869
2,pill,2,w/o,167,0.6732133115111839,0.9155844155844156,0.9232217447383143
2,pill,2,w,167,0.7206764866339334,0.9240924092409241,0.9366617833452376
2,pill,3,w/o,167,0.644026186579378,0.9155844155844156,0.9173470882061758
2,pill,3,w,167,0.6582105837424985,0.9155844155844156,0.9236081947118453
2,pill,4,w/o,167,0.6153846153846154,0.9185667752442997,0.9048938382502535
2,pill,4,w,167,0.6099290780141844,0.9185667752442997,0.906954544698931
2,pill,5,w/o,167,0.6437534097108565,0.9155844155844156,0.9148085306908975
2,pill,5,w,167,0.6865793780687398,0.9155844155844156,0.9288977345254037
2,pill,6,w/o,167,0.6306601200218221,0.9185667752442997,0.9065303516289676
2,pill,6,w,167,0.6633933442444081,0.9185667752442997,0.9204493124671175
2,pill,7,w/o,167,0.6601200218221495,0.9185667752442997,0.9230285381604098
2,pill,7,w,167,0.6972176759410802,0.9185667752442997,0.9350658587009674
2,pill,8,w/o,167,0.6691216584833607,0.9185667752442997,0.9254736860673771
2,pill,8,w,167,0.701582105837425,0.9215686274509803,0.9339556205710561
2,pill,9,w/o,167,0.721494817239498,0.9185667752442997,0.9378920134380688
2,pill,9,w,167,0.759138025095472,0.9185667752442997,0.9475318204965031
2,screw,0,w/o,160,0.5681492109038737,0.8592057761732852,0.7666183062368247
2,screw,0,w,160,0.5509325681492109,0.8592057761732852,0.7379496108087529
2,screw,1,w/o,160,0.6138552982168478,0.8623188405797102,0.7968760654932266
2,screw,1,w,160,0.6202090592334495,0.8654545454545455,0.7817298347262649
2,screw,2,w/o,160,0.5130149620823939,0.8530465949820789,0.7583107770149704
2,screw,2,w,160,0.5408895265423243,0.8530465949820789,0.7685507079835472
2,screw,3,w/o,160,0.6124205779872924,0.8717948717948718,0.8150217879744621
2,screw,3,w,160,0.607501537200246,0.8750000000000001,0.8048555378655036
2,screw,4,w/o,160,0.5281820045091208,0.8530465949820789,0.7620665386998218
2,screw,4,w,160,0.5523672883787661,0.8530465949820789,0.7662830485216835
2,screw,5,w/o,160,0.5995080959212953,0.8613138686131386,0.8297133317728684
2,screw,5,w,160,0.5976634556261529,0.8613138686131386,0.828445092737026
2,screw,6,w/o,160,0.49108423857347816,0.8613138686131386,0.7579292517768865
2,screw,6,w,160,0.48555031768805074,0.8654545454545455,0.7529079236938873
2,screw,7,w/o,160,0.4867800778848125,0.8592057761732852,0.7326923280864082
2,screw,7,w,160,0.47960647673703627,0.8623188405797102,0.7123475456956132
2,screw,8,w/o,160,0.4601352736216438,0.856115107913669,0.71048458397896
2,screw,8,w,160,0.4492723918835827,0.8613138686131386,0.6988548113759852
2,screw,9,w/o,160,0.5124000819840131,0.8530465949820789,0.7425848929779895
2,screw,9,w,160,0.5164992826398853,0.8623188405797102,0.7350116858262723
2,tile,0,w/o,117,0.9819624819624819,0.9710982658959537,0.9925105708746218
2,tile,0,w,117,0.9978354978354979,0.9940828402366864,0.9991338278390264
2,tile,1,w/o,117,0.990981240981241,0.9764705882352942,0.996672182111847
2,tile,1,w,117,0.9989177489177489,0.9940119760479043,0.999589490968801
2,tile,2,w/o,117,0.9841269841269842,0.9647058823529412,0.9937781902175777
2,tile,2,w,117,0.9971139971139971,0.9880952380952381,0.9988633748302367
2,tile,3,w/o,117,0.9938672438672439,0.9767441860465117,0.9975458860370989
2,tile,3,w,117,0.9996392496392497,0.9940828402366864,0.9998599439775908
2,tile,4,w/o,117,0.9877344877344877,0.9707602339181286,0.9951554365033073
2,tile,4,w,117,0.9996392496392497,0.9940828402366864,0.9998599439775908
2,tile,5,w/o,117,0.9848484848484849,0.9647058823529412,0.9940007930962773
2,tile,5,w,117,0.9974747474747475,0.9880952380952381,0.9990285402133139
2,tile,6,w/o,117,0.9920634920634921,0.9880952380952381,0.9965573776891041
2,tile,6,w,117,0.998917748917749,0.9940828402366864,0.9995747897552594
2,tile,7,w/o,117,0.9913419913419914,0.9710982658959537,0.9965927117546665
2,tile,7,w,117,0.9996392496392497,0.9940828402366864,0.9998599439775908
2,tile,8,w/o,117,0.9859307359307359,0.970059880239521,0.9943266571201694
2,tile,8,w,117,0.9985569985569985,0.9940828402366864,0.9994296097320305
2,tile,9,w/o,117,0.9927849927849928,0.9824561403508771,0.997085422784892
2,tile,9,w,117,0.9996392496392497,0.9940828402366864,0.9998599439775908
2,toothbrush,0,w/o,42,0.8,0.8571428571428571,0.9256518011743885
2,toothbrush,0,w,42,0.8222222222222223,0.8571428571428571,0.9380525057803291
2,toothbrush,1,w/o,42,0.8777777777777778,0.8823529411764706,0.9542477401837679
2,toothbrush,1,w,42,0.8638888888888889,0.8852459016393444,0.950340300960423
2,toothbrush,2,w/o,42,0.9777777777777779,0.9666666666666667,0.9913928508823708
2,toothbrush,2,w,42,0.9916666666666666,0.9836065573770492,0.9966641947843282
2,toothbrush,3,w/o,42,0.8777777777777778,0.888888888888889,0.9538718264854249
2,toothbrush,3,w,42,0.8944444444444444,0.9206349206349207,0.9581502964641637
2,toothbrush,4,w/o,42,0.9388888888888889,0.9375,0.974541933197201
2,toothbrush,4,w,42,0.9611111111111111,0.9523809523809523,0.9840847827672541
2,toothbrush,5,w/o,42,0.7805555555555556,0.8529411764705883,0.9202209350343671
2,toothbrush,5,w,42,0.7972222222222223,0.8405797101449275,0.930056735263474
2,toothbrush,6,w/o,42,0.9083333333333333,0.9090909090909091,0.9642837894124126
2,toothbrush,6,w,42,0.9472222222222222,0.9310344827586207,0.981657329598506
2,toothbrush,7,w/o,42,0.8861111111111111,0.9206349206349207,0.9538938092061509
2,toothbrush,7,w,42,0.9055555555555557,0.9375,0.9616271519018034
2,toothbrush,8,w/o,42,0.7472222222222222,0.8405797101449275,0.9060167753451904
2,toothbrush,8,w,42,0.775,0.8333333333333333,0.9183116513330385
2,toothbrush,9,w/o,42,0.861111111111111,0.90625,0.9463488194421339
2,toothbrush,9,w,42,0.8638888888888889,0.8955223880597014,0.9468084001174009
2,transistor,0,w/o,100,0.8191666666666667,0.7297297297297296,0.7952620591784164
2,transistor,0,w,100,0.8225,0.7297297297297296,0.8048029974297907
2,transistor,1,w/o,100,0.8891666666666667,0.7848101265822786,0.8810107031358394
2,transistor,1,w,100,0.9004166666666666,0.7954545454545454,0.8865203426811451
2,transistor,2,w/o,100,0.8229166666666666,0.7346938775510204,0.7921389783792101
2,transistor,2,w,100,0.82125,0.7252747252747253,0.7940534724768045
2,transistor,3,w/o,100,0.8170833333333334,0.7042253521126761,0.8125783513276001
2,transistor,3,w,100,0.7854166666666667,0.6913580246913581,0.7939322975264529
2,transistor,4,w/o,100,0.86375,0.7654320987654322,0.8462724450377347
2,transistor,4,w,100,0.8733333333333334,0.7640449438202247,0.8538196683803219
2,transistor,5,w/o,100,0.7816666666666667,0.6976744186046512,0.7480120404008672
2,transistor,5,w,100,0.7737500000000002,0.6842105263157895,0.7512765224813227
2,transistor,6,w/o,100,0.7475,0.708860759493671,0.7094150592560182
2,transistor,6,w,100,0.7300000000000001,0.6451612903225807,0.707828269156247
2,transistor,7,w/o,100,0.8391666666666666,0.7526881720430108,0.7977223467301324
2,transistor,7,w,100,0.8445833333333332,0.7901234567901235,0.8121149198850657
2,transistor,8,w/o,100,0.8433333333333333,0.8048780487804876,0.8384840057572472
2,transistor,8,w,100,0.8358333333333333,0.7631578947368423,0.8370123823113755
2,transistor,9,w/o,100,0.8,0.7123287671232875,0.7890722222737787
2,transistor,9,w,100,0.7916666666666666,0.6933333333333334,0.7714870850548574
2,wood,0,w/o,79,0.999122807017544,0.9917355371900827,0.9997267759562843
2,wood,0,w,79,0.999122807017544,0.9917355371900827,0.9997267759562843
2,wood,1,w/o,79,0.9956140350877192,0.9833333333333333,0.9986460855528653
2,wood,1,w,79,0.9964912280701754,0.9915966386554621,0.9989583333333335
2,wood,2,w/o,79,0.9982456140350878,0.9917355371900827,0.9994489981785065
2,wood,2,w,79,0.999122807017544,0.9917355371900827,0.9997267759562843
2,wood,3,w/o,79,0.9973684210526316,0.9836065573770492,0.9991845878136202
2,wood,3,w,79,0.9982456140350877,0.9915966386554621,0.999462365591398
2,wood,4,w/o,79,0.9938596491228069,0.9833333333333333,0.9980663315702075
2,wood,4,w,79,0.999122807017544,0.9917355371900827,0.9997267759562843
2,wood,5,w/o,79,0.9982456140350878,0.9917355371900827,0.9994489981785065
2,wood,5,w,79,0.999122807017544,0.9917355371900827,0.9997267759562843
2,wood,6,w/o,79,0.999122807017544,0.9917355371900827,0.9997267759562843
2,wood,6,w,79,0.999122807017544,0.9917355371900827,0.9997267759562843
2,wood,7,w/o,79,0.9982456140350878,0.9917355371900827,0.9994489981785065
2,wood,7,w,79,0.999122807017544,0.9917355371900827,0.9997267759562843
2,wood,8,w/o,79,0.999122807017544,0.9917355371900827,0.9997267759562843
2,wood,8,w,79,0.999122807017544,0.9917355371900827,0.9997267759562843
2,wood,9,w/o,79,0.999122807017544,0.9917355371900827,0.9997267759562843
2,wood,9,w,79,1.0,1.0,1.0
2,zipper,0,w/o,151,0.8931197478991596,0.9285714285714285,0.9507878084516339
2,zipper,0,w,151,0.9154411764705882,0.9444444444444444,0.965078575044597
2,zipper,1,w/o,151,0.8786764705882353,0.9260700389105059,0.9510963375898205
2,zipper,1,w,151,0.8999474789915967,0.9365079365079365,0.962789544079687
2,zipper,2,w/o,151,0.9209558823529412,0.946938775510204,0.959226597972718
2,zipper,2,w,151,0.9296218487394958,0.9711934156378601,0.9693364034356564
2,zipper,3,w/o,151,0.9128151260504201,0.9421487603305786,0.9552290103259131
2,zipper,3,w,151,0.9241071428571429,0.9626556016597511,0.9680830580188714
2,zipper,4,w/o,151,0.8902310924369747,0.9365079365079365,0.9518897687439594
2,zipper,4,w,151,0.9051995798319328,0.9520000000000001,0.9623409326418108
2,zipper,5,w/o,151,0.9164915966386554,0.9495798319327731,0.9576664474043652
2,zipper,5,w,151,0.9298844537815126,0.9626556016597511,0.9687397491568459
2,zipper,6,w/o,151,0.9128151260504201,0.9495798319327731,0.9573965458095097
2,zipper,6,w,151,0.9243697478991597,0.9586776859504134,0.9678595350563515
2,zipper,7,w/o,151,0.9225315126050421,0.9554655870445343,0.9605764070814007
2,zipper,7,w,151,0.9227941176470589,0.9672131147540983,0.9671834458575308
2,zipper,8,w/o,151,0.9178046218487395,0.9554655870445343,0.961222712336167
2,zipper,8,w,151,0.930672268907563,0.9672131147540983,0.9699383171358849
2,zipper,9,w/o,151,0.9196428571428572,0.946938775510204,0.957511200547021
2,zipper,9,w,151,0.9272584033613446,0.962962962962963,0.9688334168944596
8,bottle,0,w/o,83,0.996031746031746,0.9843749999999999,0.9987434171186782
8,bottle,0,w,83,0.9968253968253968,0.9843749999999999,0.9990036304936458
8,bottle,1,w/o,83,0.9976190476190476,0.9843749999999999,0.9992596468786943
8,bottle,1,w,83,0.9992063492063492,0.9921259842519685,0.999751984126984
8,bottle,2,w/o,83,1.0,1.0,0.9999999999999998
8,bottle,2,w,83,1.0,1.0,0.9999999999999998
8,bottle,3,w/o,83,0.996031746031746,0.9921259842519685,0.9987192514695127
8,bottle,3,w,83,0.9976190476190476,0.9921259842519685,0.9992440151090303
8,bottle,4,w/o,83,0.9952380952380953,0.9921259842519685,0.9984502173021734
8,bottle,4,w,83,0.9976190476190476,0.9921259842519685,0.9992440151090303
8,bottle,5,w/o,83,1.0,1.0,0.9999999999999998
8,bottle,5,w,83,1.0,1.0,0.9999999999999998
8,bottle,6,w/o,83,1.0,1.0,0.9999999999999998
8,bottle,6,w,83,1.0,1.0,0.9999999999999998
8,bottle,7,w/o,83,0.9984126984126984,0.9921259842519685,0.999500031494079
8,bottle,7,w,83,0.9992063492063492,0.9921259842519685,0.999751984126984
8,bottle,8,w/o,83,0.9968253968253968,0.9921259842519685,0.9989838017340629
8,bottle,8,w,83,0.9976190476190476,0.9921259842519685,0.9992440151090303
8,bottle,9,w/o,83,0.9976190476190476,0.9921259842519685,0.9992440151090303
8,bottle,9,w,83,0.9976190476190476,0.9921259842519685,0.9992440151090303
8,cable,0,w/o,150,0.7766116941529235,0.8235294117647057,0.8153448033325341
8,cable,0,w,150,0.797976011994003,0.8262910798122066,0.837898434707308
8,cable,1,w/o,150,0.8348950524737632,0.8272251308900525,0.8816339979255463
8,cable,1,w,150,0.8620689655172414,0.8677248677248677,0.9037540217042352
8,cable,2,w/o,150,0.8482008995502248,0.852791878172589,0.8981820667235016
8,cable,2,w,150,0.8678785607196402,0.8502415458937198,0.9143482249819589
8,cable,3,w/o,150,0.8015367316341829,0.8411214953271028,0.8516069455265105
8,cable,3,w,150,0.8125937031484258,0.8374384236453201,0.8677907933933482
8,cable,4,w/o,150,0.76667916041979,0.8425925925925927,0.7765530069460935
8,cable,4,w,150,0.7685532233883059,0.8310502283105022,0.7892279821893786
8,cable,5,w/o,150,0.8315217391304348,0.8356807511737089,0.8855856345168964
8,cable,5,w,150,0.8690029985007497,0.8673469387755101,0.9136658462844924
8,cable,6,w/o,150,0.8433283358320839,0.849056603773585,0.8766017214685353
8,cable,6,w,150,0.8705022488755623,0.8585365853658536,0.9080656312557338
8,cable,7,w/o,150,0.8255247376311844,0.8369565217391305,0.8733692301822908
8,cable,7,w,150,0.8598200899550225,0.8820512820512821,0.8993915871720648
8,cable,8,w/o,150,0.7827961019490255,0.8476190476190476,0.7932409419144747
8,cable,8,w,150,0.8024737631184408,0.8529411764705882,0.8129061285655079
8,cable,9,w/o,150,0.839767616191904,0.8258706467661693,0.9003759422675407
8,cable,9,w,150,0.8883058470764618,0.8617021276595744,0.9318545941169426
8,capsule,0,w/o,132,0.7554846429996012,0.9469026548672567,0.9015858598180067
8,capsule,0,w,132,0.7283605903470283,0.9464285714285715,0.8766578861970753
8,capsule,1,w/o,132,0.7814120462704428,0.9310344827586207,0.927923188358055
8,capsule,1,w,132,0.7610690067810132,0.9350649350649352,0.9180732026332323
8,capsule,2,w/o,132,0.8049461507778221,0.9432314410480349,0.939213651900541
8,capsule,2,w,132,0.7666533705624252,0.9356223175965666,0.926316011567301
8,capsule,3,w/o,132,0.8177104108496211,0.9380530973451328,0.9442619452247107
8,capsule,3,w,132,0.7758276824890307,0.9344978165938865,0.9282237149394567
8,capsule,4,w/o,132,0.7826086956521738,0.9264069264069265,0.9335796884649212
8,capsule,4,w,132,0.7383326685281213,0.9391304347826087,0.917748764987959
8,capsule,5,w/o,132,0.7949740725967293,0.9427312775330396,0.936172446521168
8,capsule,5,w,132,0.7674511368169127,0.9473684210526315,0.9282061035018518
8,capsule,6,w/o,132,0.8256880733944955,0.9375,0.9488036213686062
8,capsule,6,w,132,0.775428799361787,0.9391304347826087,0.9282551702312707
8,capsule,7,w/o,132,0.8141204627044276,0.9478260869565218,0.9399398569659332
8,capsule,7,w,132,0.7945751894694855,0.9469026548672567,0.9351881926706077
8,capsule,8,w/o,132,0.788193059433586,0.9391304347826087,0.9305483827173686
8,capsule,8,w,132,0.7351416035101714,0.9427312775330396,0.9047330098973447
8,capsule,9,w/o,132,0.8540087754287994,0.9396551724137931,0.9568053449844443
8,capsule,9,w,132,0.8236936577582767,0.9396551724137931,0.9472166507304229
8,carpet,0,w/o,117,0.9887640449438202,0.9723756906077348,0.9965587906098702
8,carpet,0,w,117,0.9995987158908507,0.9944134078212291,0.9998751560549315
8,carpet,1,w/o,117,0.9835473515248797,0.9608938547486034,0.9950081582343748
8,carpet,1,w,117,0.9979935794542536,0.9944134078212291,0.9993614285125705
8,carpet,2,w/o,117,0.9807383627608346,0.9599999999999999,0.9943112387602926
8,carpet,2,w,117,0.9979935794542536,0.9944134078212291,0.9993614285125705
8,carpet,3,w/o,117,0.9811396468699839,0.9655172413793103,0.9944807750221872
8,carpet,3,w,117,0.9987961476725522,0.9944134078212291,0.9996212280614505
8,carpet,4,w/o,117,0.9843499197431781,0.9666666666666667,0.9953402172665781
8,carpet,4,w,117,0.9979935794542536,0.9944134078212291,0.9993614285125705
8,carpet,5,w/o,117,0.9851524879614768,0.9662921348314607,0.9953311397132373
8,carpet,5,w,117,0.9967897271268058,0.9944134078212291,0.9989601064838267
8,carpet,6,w/o,117,0.987158908507223,0.9777777777777779,0.9960017997671093
8,carpet,6,w,117,0.9975922953451043,0.9944134078212291,0.9992292408060273
8,carpet,7,w/o,117,0.9871589085072231,0.9777777777777779,0.9958382185290089
8,carpet,7,w,117,0.9963884430176565,0.9944134078212291,0.9988230826416782
8,carpet,8,w/o,117,0.9851524879614767,0.9717514124293786,0.9955180871045078
8,carpet,8,w,117,0.9983948635634029,0.9944134078212291,0.9994920791527586
8,carpet,9,w/o,117,0.9867576243980738,0.967032967032967,0.9958821373738143
8,carpet,9,w,117,0.9987961476725522,0.9944134078212291,0.9996212280614505
8,grid,0,w/o,78,0.8913951545530492,0.8971962616822429,0.9657755594868755
8,grid,0,w,78,0.913951545530493,0.918918918918919,0.9737590385689272
8,grid,1,w/o,78,0.9005847953216374,0.9107142857142856,0.966794297136085
8,grid,1,w,78,0.9223057644110275,0.9272727272727272,0.9763578539353361
8,grid,2,w/o,78,0.9273182957393483,0.9464285714285715,0.9758907236628747
8,grid,2,w,78,0.9515455304928989,0.9391304347826087,0.983909548930439
8,grid,3,w/o,78,0.9314954051796157,0.9203539823008849,0.9776571244918977
8,grid,3,w,78,0.9365079365079365,0.9272727272727272,0.9791409290534061
8,grid,4,w/o,78,0.9147869674185464,0.9298245614035088,0.9720468494220931
8,grid,4,w,78,0.9156223893065998,0.9158878504672898,0.9738953703632569
8,grid,5,w/o,78,0.924812030075188,0.9174311926605504,0.9743309999834728
8,grid,5,w,78,0.9440267335004177,0.9259259259259259,0.9818861990028498
8,grid,6,w/o,78,0.9298245614035088,0.918918918918919,0.9751267202039509
8,grid,6,w,78,0.9490392648287386,0.9298245614035088,0.9830768490860802
8,grid,7,w/o,78,0.9131161236424394,0.8990825688073394,0.9697038820317949
8,grid,7,w,78,0.9314954051796157,0.9122807017543859,0.9768657575440038
8,grid,8,w/o,78,0.910609857978279,0.9137931034482759,0.9685615999129724
8,grid,8,w,78,0.9365079365079365,0.9203539823008849,0.9788688607282969
8,grid,9,w/o,78,0.9256474519632414,0.9174311926605504,0.9745523642296139
8,grid,9,w,78,0.9431913116123642,0.9259259259259259,0.9814746174830584
8,hazelnut,0,w/o,110,0.9710714285714286,0.943661971830986,0.9841049251389697
8,hazelnut,0,w,110,0.9910714285714286,0.9645390070921985,0.9950067923113719
8,hazelnut,1,w/o,110,0.9746428571428571,0.9428571428571428,0.9849512872802682
8,hazelnut,1,w,110,0.9889285714285714,0.9655172413793104,0.9938112324099675
8,hazelnut,2,w/o,110,0.975,0.9428571428571428,0.9865945609072992
8,hazelnut,2,w,110,0.9871428571428571,0.9577464788732395,0.9931513861522494
8,hazelnut,3,w/o,110,0.9367857142857142,0.9014084507042254,0.9635636534778271
8,hazelnut,3,w,110,0.9560714285714285,0.9261744966442954,0.9740993179331747
8,hazelnut,4,w/o,110,0.9757142857142858,0.9370629370629371,0.9871105213051101
8,hazelnut,4,w,110,0.9974999999999999,0.9929078014184397,0.9985281377003632
8,hazelnut,5,w/o,110,0.9839285714285715,0.9503546099290779,0.9909340640402544
8,hazelnut,5,w,110,0.9942857142857143,0.9722222222222222,0.9967421963890808
8,hazelnut,6,w/o,110,0.9814285714285715,0.9496402877697843,0.9898863077189435
8,hazelnut,6,w,110,0.9932142857142857,0.9722222222222222,0.9961653243909567
8,hazelnut,7,w/o,110,0.9771428571428571,0.9370629370629371,0.9874131444861034
8,hazelnut,7,w,110,0.9953571428571428,0.971830985915493,0.9974044638208062
8,hazelnut,8,w/o,110,0.9792857142857143,0.943661971830986,0.9887485594300551
8,hazelnut,8,w,110,0.9924999999999999,0.9655172413793104,0.9958113872462064
8,hazelnut,9,w/o,110,0.9728571428571429,0.9428571428571428,0.9850369855853081
8,hazelnut,9,w,110,0.9914285714285714,0.9722222222222222,0.9951622700491713
8,leather,0,w/o,124,1.0,1.0,1.0000000000000002
8,leather,0,w,124,1.0,1.0,1.0000000000000002
8,leather,1,w/o,124,1.0,1.0,1.0000000000000002
8,leather,1,w,124,1.0,1.0,1.0000000000000002
8,leather,2,w/o,124,1.0,1.0,1.0000000000000002
8,leather,2,w,124,1.0,1.0,1.0000000000000002
8,leather,3,w/o,124,1.0,1.0,1.0000000000000002
8,leather,3,w,124,1.0,1.0,1.0000000000000002
8,leather,4,w/o,124,1.0,1.0,1.0000000000000002
8,leather,4,w,124,1.0,1.0,1.0000000000000002
8,leather,5,w/o,124,1.0,1.0,1.0000000000000002
8,leather,5,w,124,1.0,1.0,1.0000000000000002
8,leather,6,w/o,124,1.0,1.0,1.0000000000000002
8,leather,6,w,124,1.0,1.0,1.0000000000000002
8,leather,7,w/o,124,1.0,1.0,1.0000000000000002
8,leather,7,w,124,1.0,1.0,1.0000000000000002
8,leather,8,w/o,124,1.0,1.0,1.0000000000000002
8,leather,8,w,124,1.0,1.0,1.0000000000000002
8,leather,9,w/o,124,1.0,1.0,1.0000000000000002
8,leather,9,w,124,1.0,1.0,1.0000000000000002
8,metal_nut,0,w/o,115,0.9921798631476051,0.9782608695652174,0.9981921675790953
8,metal_nut,0,w,115,0.9912023460410557,0.989247311827957,0.9980259628972884
8,metal_nut,1,w/o,115,0.9872922776148583,0.9735449735449735,0.9970207518246816
8,metal_nut,1,w,115,0.9863147605083089,0.9732620320855615,0.9969576508309943
8,metal_nut,2,w/o,115,0.9956011730205279,0.9891304347826088,0.999008763355113
8,metal_nut,2,w,115,0.9926686217008798,0.989247311827957,0.9984204625950089
8,metal_nut,3,w/o,115,0.9755620723362659,0.9617486338797814,0.9945520656205011
8,metal_nut,3,w,115,0.9872922776148583,0.9837837837837837,0.9972698423514452
8,metal_nut,4,w/o,115,0.9916911045943304,0.978494623655914,0.9980939974235179
8,metal_nut,4,w,115,0.9921798631476051,0.983957219251337,0.9983111001465108
8,metal_nut,5,w/o,115,0.9833822091886608,0.972972972972973,0.9963378878785724
8,metal_nut,5,w,115,0.9794721407624633,0.9735449735449735,0.9954129020605025
8,metal_nut,6,w/o,115,0.9814271749755621,0.9726775956284154,0.9959162586033052
8,metal_nut,6,w,115,0.9858260019550341,0.978494623655914,0.9968974943370703
8,metal_nut,7,w/o,115,0.987781036168133,0.9732620320855615,0.9972521800003069
8,metal_nut,7,w,115,0.9863147605083089,0.9735449735449735,0.9967946131128833
8,metal_nut,8,w/o,115,0.9853372434017595,0.9735449735449735,0.9965507915954244
8,metal_nut,8,w,115,0.9872922776148583,0.9787234042553192,0.9971764122673571
8,metal_nut,9,w/o,115,0.9750733137829912,0.9625668449197862,0.9943361796152057
8,metal_nut,9,w,115,0.9765395894428152,0.9735449735449735,0.9946072133766186
8,pill,0,w/o,167,0.7520458265139116,0.9155844155844156,0.945373424725966
8,pill,0,w,167,0.7785051827605018,0.9205298013245032,0.9520492405945935
8,pill,1,w/o,167,0.7855973813420621,0.9266666666666667,0.9520843082149815
8,pill,1,w,167,0.8207855973813419,0.9271523178807947,0.9623635661982819
8,pill,2,w/o,167,0.7793235133660665,0.9185667752442997,0.951992419367396
8,pill,2,w,167,0.8082378614293508,0.9205298013245032,0.9600301417013442
8,pill,3,w/o,167,0.7624113475177304,0.9220338983050848,0.9447486065486435
8,pill,3,w,167,0.7940534642662302,0.9333333333333335,0.9556307761955203
8,pill,4,w/o,167,0.7435897435897436,0.9194630872483222,0.9374231301858339
8,pill,4,w,167,0.7673213311511183,0.9297658862876255,0.9473471110796343
8,pill,5,w/o,167,0.8106928532460447,0.9256756756756758,0.9565489700259171
8,pill,5,w,167,0.834697217675941,0.9266666666666667,0.9654585198734444
8,pill,6,w/o,167,0.8016912165848336,0.9235880398671096,0.9547562256909108
8,pill,6,w,167,0.8273322422258591,0.9292929292929293,0.9641350516215195
8,pill,7,w/o,167,0.803873431533006,0.9328859060402686,0.9543725357767261
8,pill,7,w,167,0.8306055646481177,0.9283276450511945,0.9634420470136676
8,pill,8,w/o,167,0.7937806873977087,0.9266666666666667,0.953242910673872
8,pill,8,w,167,0.8254228041462084,0.9333333333333335,0.9624025164716347
8,pill,9,w/o,167,0.7534097108565193,0.9215686274509803,0.943642377809135
8,pill,9,w,167,0.7779596290234588,0.9245901639344262,0.9524569253427791
8,screw,0,w/o,160,0.6788276286124206,0.8581818181818182,0.847664899542518
8,screw,0,w,160,0.7271981963517113,0.8530465949820789,0.8671212096254532
8,screw,1,w/o,160,0.624103299856528,0.856115107913669,0.8206278560102099
8,screw,1,w,160,0.6099610575937692,0.8623188405797102,0.8050480478013085
8,screw,2,w/o,160,0.6659151465464235,0.8624535315985129,0.8574073695477208
8,screw,2,w,160,0.667144906743185,0.8656716417910447,0.8593267365772398
8,screw,3,w/o,160,0.6273826603812256,0.855072463768116,0.8175582237872016
8,screw,3,w,160,0.6343513014962082,0.8540145985401458,0.8212488968906851
8,screw,4,w/o,160,0.6995285919245746,0.8530465949820789,0.8564352956956036
8,screw,4,w,160,0.742980118876819,0.8669201520912547,0.8758451322473043
8,screw,5,w/o,160,0.6509530641524903,0.856115107913669,0.8351141804141947
8,screw,5,w,160,0.6452141832342693,0.856115107913669,0.8281546206032478
8,screw,6,w/o,160,0.6566919450707113,0.8623188405797102,0.8658099272897214
8,screw,6,w,160,0.662020905923345,0.8654545454545455,0.8693312299697702
8,screw,7,w/o,160,0.7003484320557491,0.860377358490566,0.8769573599721822
8,screw,7,w,160,0.7253535560565689,0.8634686346863469,0.8850265856509509
8,screw,8,w/o,160,0.7056773929083828,0.8581818181818182,0.8734868866119097
8,screw,8,w,160,0.7173601147776184,0.8644688644688645,0.8845138651211342
8,screw,9,w/o,160,0.5634351301496208,0.8624535315985129,0.7643821199519543
8,screw,9,w,160,0.5742980118876819,0.8654545454545455,0.7599968119797651
8,tile,0,w/o,117,0.996031746031746,0.9764705882352942,0.9984872840241441
8,tile,0,w,117,1.0,1.0,0.9999999999999998
8,tile,1,w/o,117,0.9956709956709957,0.9820359281437125,0.9983482645177402
8,tile,1,w,117,1.0,1.0,0.9999999999999998
8,tile,2,w/o,117,0.996031746031746,0.9822485207100591,0.9984666883240444
8,tile,2,w,117,1.0,1.0,0.9999999999999998
8,tile,3,w/o,117,0.9956709956709956,0.9822485207100591,0.9983506380570896
8,tile,3,w,117,1.0,1.0,0.9999999999999998
8,tile,4,w/o,117,0.9938672438672439,0.9764705882352942,0.9976097807252222
8,tile,4,w,117,1.0,1.0,0.9999999999999998
8,tile,5,w/o,117,0.996031746031746,0.9822485207100591,0.9984666883240444
8,tile,5,w,117,1.0,1.0,0.9999999999999998
8,tile,6,w/o,117,0.9981962481962482,0.9940119760479043,0.9993311931514177
8,tile,6,w,117,1.0,1.0,0.9999999999999998
8,tile,7,w/o,117,0.9953102453102454,0.9767441860465117,0.9982044992840708
8,tile,7,w,117,1.0,1.0,0.9999999999999998
8,tile,8,w/o,117,0.9974747474747475,0.9879518072289156,0.9990435920668477
8,tile,8,w,117,1.0,1.0,0.9999999999999998
8,tile,9,w/o,117,0.9963924963924964,0.9822485207100591,0.9985943696315009
8,tile,9,w,117,1.0,1.0,0.9999999999999998
8,toothbrush,0,w/o,42,0.9694444444444444,0.9491525423728815,0.988979542966612
8,toothbrush,0,w,42,0.9555555555555555,0.9285714285714286,0.9836976911976911
8,toothbrush,1,w/o,42,0.9277777777777778,0.912280701754386,0.9737621332533613
8,toothbrush,1,w,42,0.9277777777777778,0.912280701754386,0.9739460272527951
8,toothbrush,2,w/o,42,0.9777777777777779,0.9508196721311476,0.9915879922603079
8,toothbrush,2,w,42,0.9722222222222222,0.9523809523809523,0.9893236241727621
8,toothbrush,3,w/o,42,0.9777777777777779,0.9666666666666667,0.992183908045977
8,toothbrush,3,w,42,0.9805555555555555,0.9655172413793104,0.9930875576036866
8,toothbrush,4,w/o,42,0.9805555555555556,0.9666666666666667,0.9933333333333333
8,toothbrush,4,w,42,0.9694444444444444,0.9655172413793104,0.9895424836601308
8,toothbrush,5,w/o,42,0.9361111111111111,0.912280701754386,0.9774943471354803
8,toothbrush,5,w,42,0.9111111111111111,0.8955223880597014,0.9689524733033862
8,toothbrush,6,w/o,42,0.9722222222222222,0.9473684210526316,0.9898908730158731
8,toothbrush,6,w,42,0.9555555555555555,0.9285714285714286,0.9836976911976911
8,toothbrush,7,w/o,42,0.9777777777777779,0.9666666666666667,0.9913928508823708
8,toothbrush,7,w,42,0.9805555555555556,0.9666666666666667,0.9922841164795188
8,toothbrush,8,w/o,42,0.9916666666666667,0.983050847457627,0.996969696969697
8,toothbrush,8,w,42,0.9944444444444445,0.9836065573770492,0.9978136200716845
8,toothbrush,9,w/o,42,0.9527777777777778,0.9333333333333333,0.9830127345039625
8,toothbrush,9,w,42,0.9416666666666667,0.9180327868852459,0.9794744627398844
8,transistor,0,w/o,100,0.9375,0.8266666666666667,0.913793818273041
8,transistor,0,w,100,0.9320833333333334,0.8192771084337349,0.9100601795071729
8,transistor,1,w/o,100,0.8741666666666668,0.7777777777777777,0.8641722425483898
8,transistor,1,w,100,0.87125,0.7692307692307693,0.8636568675228813
8,transistor,2,w/o,100,0.8883333333333333,0.7605633802816901,0.8583948012651861
8,transistor,2,w,100,0.86875,0.7605633802816901,0.8457230162020528
8,transistor,3,w/o,100,0.9533333333333334,0.8611111111111113,0.9407283410857454
8,transistor,3,w,100,0.9525000000000001,0.8571428571428571,0.9349181072038717
8,transistor,4,w/o,100,0.8908333333333334,0.8000000000000002,0.8599024019960868
8,transistor,4,w,100,0.8820833333333332,0.7727272727272727,0.8488493399417272
8,transistor,5,w/o,100,0.9345833333333333,0.8461538461538461,0.9049190622403649
8,transistor,5,w,100,0.93875,0.8705882352941177,0.9081317795982176
8,transistor,6,w/o,100,0.8570833333333332,0.7466666666666666,0.8053292426792068
8,transistor,6,w,100,0.8425,0.7272727272727274,0.8001650786837757
8,transistor,7,w/o,100,0.8820833333333333,0.7945205479452054,0.8411946597514102
8,transistor,7,w,100,0.865,0.7435897435897436,0.8273476065393908
8,transistor,8,w/o,100,0.9016666666666666,0.7948717948717949,0.8755483740473555
8,transistor,8,w,100,0.8983333333333332,0.7901234567901235,0.8730735738482088
8,transistor,9,w/o,100,0.9045833333333333,0.8266666666666667,0.8954175387981147
8,transistor,9,w,100,0.8958333333333334,0.7894736842105262,0.88288223069302
8,wood,0,w/o,79,0.9947368421052631,0.9836065573770492,0.9983460753064209
8,wood,0,w,79,0.999122807017544,0.9917355371900827,0.9997267759562843
8,wood,1,w/o,79,0.9929824561403509,0.975609756097561,0.9978300553959009
8,wood,1,w,79,0.9964912280701754,0.9915966386554621,0.9989583333333335
8,wood,2,w/o,79,0.9964912280701754,0.9836065573770492,0.998902101937914
8,wood,2,w,79,0.9964912280701754,0.9915966386554621,0.9989583333333335
8,wood,3,w/o,79,0.9956140350877192,0.983050847457627,0.9986599011189178
8,wood,3,w,79,0.9964912280701754,0.9915966386554621,0.9989583333333335
8,wood,4,w/o,79,0.9956140350877193,0.9836065573770492,0.9986147456160749
8,wood,4,w,79,0.999122807017544,0.9917355371900827,0.9997267759562843
8,wood,5,w/o,79,0.9947368421052631,0.975609756097561,0.9983774152432116
8,wood,5,w,79,0.9982456140350877,0.9915966386554621,0.999462365591398
8,wood,6,w/o,79,0.9938596491228069,0.975609756097561,0.9981043455633621
8,wood,6,w,79,0.9973684210526315,0.9915966386554621,0.9992063492063493
8,wood,7,w/o,79,0.9956140350877192,0.9833333333333333,0.9986460855528653
8,wood,7,w,79,0.9973684210526315,0.9915966386554621,0.9992063492063493
8,wood,8,w/o,79,0.9956140350877192,0.9833333333333333,0.9986460855528653
8,wood,8,w,79,0.9982456140350877,0.9915966386554621,0.999462365591398
8,wood,9,w/o,79,0.9964912280701754,0.9833333333333333,0.9989285714285715
8,wood,9,w,79,0.9964912280701754,0.9915966386554621,0.9989583333333335
8,zipper,0,w/o,151,0.936186974789916,0.9435483870967741,0.9801047179711386
8,zipper,0,w,151,0.9613970588235294,0.9495798319327731,0.9888014378797008
8,zipper,1,w/o,151,0.9154411764705883,0.9311740890688258,0.973862955309591
8,zipper,1,w,151,0.9532563025210083,0.9416666666666667,0.9867748156963427
8,zipper,2,w/o,151,0.9424894957983193,0.9421487603305786,0.9810347057952367
8,zipper,2,w,151,0.9740021008403361,0.9655172413793104,0.9920766631089204
8,zipper,3,w/o,151,0.9435399159663865,0.943089430894309,0.9815100895655354
8,zipper,3,w,151,0.9669117647058824,0.9558232931726908,0.9899791349002525
8,zipper,4,w/o,151,0.9382878151260505,0.9402390438247011,0.9794461248723396
8,zipper,4,w,151,0.9642857142857143,0.9551020408163267,0.9891076279391035
8,zipper,5,w/o,151,0.9422268907563025,0.9520000000000001,0.9804592209881743
8,zipper,5,w,151,0.9598214285714286,0.959349593495935,0.987951530689889
8,zipper,6,w/o,151,0.9227941176470589,0.9359999999999999,0.9749148349851946
8,zipper,6,w,151,0.9503676470588236,0.9477911646586346,0.9857420913977939
8,zipper,7,w/o,151,0.9382878151260504,0.9477911646586346,0.9792645234663626
8,zipper,7,w,151,0.9550945378151261,0.9516129032258065,0.9867058492028602
8,zipper,8,w/o,151,0.930672268907563,0.9365079365079365,0.9778906592037989
8,zipper,8,w,151,0.95640756302521,0.9477911646586346,0.9873439846949204
8,zipper,9,w/o,151,0.9382878151260505,0.9402390438247011,0.9792521942314918
8,zipper,9,w,151,0.9653361344537815,0.959349593495935,0.989397345235147
