image_path,label,score_before,score_after
/home/test/data/mvtec/carpet/test/color/000.png,1,0.6632924675941467,0.5509552955627441
/home/test/data/mvtec/carpet/test/color/001.png,1,0.5202721953392029,0.35209178924560547
/home/test/data/mvtec/carpet/test/color/002.png,1,0.4055766463279724,0.2415231615304947
/home/test/data/mvtec/carpet/test/color/003.png,1,0.43742960691452026,0.31921935081481934
/home/test/data/mvtec/carpet/test/color/004.png,1,0.5896366238594055,0.48846855759620667
/home/test/data/mvtec/carpet/test/color/005.png,1,0.4655399024486542,0.26735934615135193
/home/test/data/mvtec/carpet/test/color/006.png,1,0.29701533913612366,0.17113761603832245
/home/test/data/mvtec/carpet/test/color/007.png,1,0.5662257671356201,0.3829326629638672
/home/test/data/mvtec/carpet/test/color/008.png,1,0.7339974641799927,0.6125497817993164
/home/test/data/mvtec/carpet/test/color/009.png,1,0.4176713228225708,0.308546781539917
/home/test/data/mvtec/carpet/test/color/010.png,1,0.4741416275501251,0.35309720039367676
/home/test/data/mvtec/carpet/test/color/011.png,1,0.500617265701294,0.3259025514125824
/home/test/data/mvtec/carpet/test/color/012.png,1,0.44414496421813965,0.31160834431648254
/home/test/data/mvtec/carpet/test/color/013.png,1,0.4972018897533417,0.33646902441978455
/home/test/data/mvtec/carpet/test/color/014.png,1,0.25693151354789734,0.09294044226408005
/home/test/data/mvtec/carpet/test/color/015.png,1,0.3344342112541199,0.12653005123138428
/home/test/data/mvtec/carpet/test/color/016.png,1,0.37571507692337036,0.16660350561141968
/home/test/data/mvtec/carpet/test/color/017.png,1,0.25413522124290466,0.1332598179578781
/home/test/data/mvtec/carpet/test/color/018.png,1,0.46535971760749817,0.2244376540184021
/home/test/data/mvtec/carpet/test/cut/000.png,1,0.8370360136032104,0.730839729309082
/home/test/data/mvtec/carpet/test/cut/001.png,1,0.6436593532562256,0.5613804459571838
/home/test/data/mvtec/carpet/test/cut/002.png,1,0.6682212352752686,0.6364195942878723
/home/test/data/mvtec/carpet/test/cut/003.png,1,0.6559866070747375,0.583824098110199
/home/test/data/mvtec/carpet/test/cut/004.png,1,0.4782828986644745,0.35596510767936707
/home/test/data/mvtec/carpet/test/cut/005.png,1,0.6912729144096375,0.4864542782306671
/home/test/data/mvtec/carpet/test/cut/006.png,1,0.7781755328178406,0.6564974784851074
/home/test/data/mvtec/carpet/test/cut/007.png,1,0.466124027967453,0.38520824909210205
/home/test/data/mvtec/carpet/test/cut/008.png,1,0.40589243173599243,0.37538817524909973
/home/test/data/mvtec/carpet/test/cut/009.png,1,0.6479473114013672,0.5723720788955688
/home/test/data/mvtec/carpet/test/cut/010.png,1,0.4964650869369507,0.44861486554145813
/home/test/data/mvtec/carpet/test/cut/011.png,1,0.7366474866867065,0.6176362633705139
/home/test/data/mvtec/carpet/test/cut/012.png,1,0.8400005102157593,0.8122632503509521
/home/test/data/mvtec/carpet/test/cut/013.png,1,0.6030829548835754,0.4876037836074829
/home/test/data/mvtec/carpet/test/cut/014.png,1,0.651057243347168,0.5291311144828796
/home/test/data/mvtec/carpet/test/cut/015.png,1,0.8723282814025879,0.8313615918159485
/home/test/data/mvtec/carpet/test/cut/016.png,1,0.5849146246910095,0.5198401808738708
/home/test/data/mvtec/carpet/test/good/000.png,0,0.28158044815063477,0.07992508262395859
/home/test/data/mvtec/carpet/test/good/001.png,0,0.2369467169046402,0.03969075158238411
/home/test/data/mvtec/carpet/test/good/002.png,0,0.24261416494846344,0.041618991643190384
/home/test/data/mvtec/carpet/test/good/003.png,0,0.3092224597930908,0.10321549326181412
/home/test/data/mvtec/carpet/test/good/004.png,0,0.2653844952583313,0.052929311990737915
/home/test/data/mvtec/carpet/test/good/005.png,0,0.28421637415885925,0.08456209301948547
/home/test/data/mvtec/carpet/test/good/006.png,0,0.2957421839237213,0.09427285194396973
/home/test/data/mvtec/carpet/test/good/007.png,0,0.25152140855789185,0.041037723422050476
/home/test/data/mvtec/carpet/test/good/008.png,0,0.25760963559150696,0.04705743491649628
/home/test/data/mvtec/carpet/test/good/009.png,0,0.2620808780193329,0.049844443798065186
/home/test/data/mvtec/carpet/test/good/010.png,0,0.255568265914917,0.048701148480176926
/home/test/data/mvtec/carpet/test/good/011.png,0,0.28013432025909424,0.06849906593561172
/home/test/data/mvtec/carpet/test/good/012.png,0,0.30400994420051575,0.07979362457990646
/home/test/data/mvtec/carpet/test/good/013.png,0,0.2593136131763458,0.06730847805738449
/home/test/data/mvtec/carpet/test/good/014.png,0,0.3157539665699005,0.09155496954917908
/home/test/data/mvtec/carpet/test/good/015.png,0,0.29517999291419983,0.08751028776168823
/home/test/data/mvtec/carpet/test/good/016.png,0,0.26932793855667114,0.0731281116604805
/home/test/data/mvtec/carpet/test/good/017.png,0,0.3097250163555145,0.08758211135864258
/home/test/data/mvtec/carpet/test/good/018.png,0,0.26513510942459106,0.06392659991979599
/home/test/data/mvtec/carpet/test/good/019.png,0,0.4257039427757263,0.17745478451251984
/home/test/data/mvtec/carpet/test/good/020.png,0,0.24834927916526794,0.054739952087402344
/home/test/data/mvtec/carpet/test/good/021.png,0,0.30169764161109924,0.0796220600605011
/home/test/data/mvtec/carpet/test/good/022.png,0,0.30807456374168396,0.09389963001012802
/home/test/data/mvtec/carpet/test/good/023.png,0,0.278358519077301,0.07432203739881516
/home/test/data/mvtec/carpet/test/good/024.png,0,0.22245000302791595,0.030344560742378235
/home/test/data/mvtec/carpet/test/good/025.png,0,0.28693297505378723,0.06259099394083023
/home/test/data/mvtec/carpet/test/good/026.png,0,0.29525241255760193,0.07495518773794174
/home/test/data/mvtec/carpet/test/good/027.png,0,0.2584803104400635,0.059501856565475464
/home/test/data/mvtec/carpet/test/hole/000.png,1,0.5470091700553894,0.3855745792388916
/home/test/data/mvtec/carpet/test/hole/001.png,1,0.3481634259223938,0.119315505027771
/home/test/data/mvtec/carpet/test/hole/002.png,1,0.5701857209205627,0.5199270844459534
/home/test/data/mvtec/carpet/test/hole/003.png,1,0.5796935558319092,0.4778517186641693
/home/test/data/mvtec/carpet/test/hole/004.png,1,0.8476298451423645,0.6550747752189636
/home/test/data/mvtec/carpet/test/hole/005.png,1,0.768714189529419,0.5474005341529846
/home/test/data/mvtec/carpet/test/hole/006.png,1,0.8005286455154419,0.7849779725074768
/home/test/data/mvtec/carpet/test/hole/007.png,1,0.9965340495109558,0.9649568200111389
/home/test/data/mvtec/carpet/test/hole/008.png,1,0.9742769002914429,0.9557233452796936
/home/test/data/mvtec/carpet/test/hole/009.png,1,0.6972119212150574,0.5893263220787048
/home/test/data/mvtec/carpet/test/hole/010.png,1,0.723365843296051,0.6779877543449402
/home/test/data/mvtec/carpet/test/hole/011.png,1,0.709305465221405,0.6717033386230469
/home/test/data/mvtec/carpet/test/hole/012.png,1,0.6099316477775574,0.33148565888404846
/home/test/data/mvtec/carpet/test/hole/013.png,1,0.7787829637527466,0.622200071811676
/home/test/data/mvtec/carpet/test/hole/014.png,1,1.0,0.8198218941688538
/home/test/data/mvtec/carpet/test/hole/015.png,1,0.6629064679145813,0.5444024205207825
/home/test/data/mvtec/carpet/test/hole/016.png,1,0.5770488381385803,0.3810786008834839
/home/test/data/mvtec/carpet/test/metal_contamination/000.png,1,0.28272339701652527,0.21804974973201752
/home/test/data/mvtec/carpet/test/metal_contamination/001.png,1,0.3044587969779968,0.16083979606628418
/home/test/data/mvtec/carpet/test/metal_contamination/002.png,1,0.4064114987850189,0.3333187699317932
/home/test/data/mvtec/carpet/test/metal_contamination/003.png,1,0.5857511162757874,0.46041789650917053
/home/test/data/mvtec/carpet/test/metal_contamination/004.png,1,0.6566332578659058,0.51332026720047
/home/test/data/mvtec/carpet/test/metal_contamination/005.png,1,0.69254469871521,0.5764613747596741
/home/test/data/mvtec/carpet/test/metal_contamination/006.png,1,0.653451681137085,0.5393088459968567
/home/test/data/mvtec/carpet/test/metal_contamination/007.png,1,0.4728911221027374,0.41218486428260803
/home/test/data/mvtec/carpet/test/metal_contamination/008.png,1,0.6390910148620605,0.47671476006507874
/home/test/data/mvtec/carpet/test/metal_contamination/009.png,1,0.4279128909111023,0.24282841384410858
/home/test/data/mvtec/carpet/test/metal_contamination/010.png,1,0.7216181755065918,0.589236319065094
/home/test/data/mvtec/carpet/test/metal_contamination/011.png,1,0.5457432270050049,0.3376495838165283
/home/test/data/mvtec/carpet/test/metal_contamination/012.png,1,0.6383024454116821,0.48316916823387146
/home/test/data/mvtec/carpet/test/metal_contamination/013.png,1,0.9253612160682678,0.692392110824585
/home/test/data/mvtec/carpet/test/metal_contamination/014.png,1,0.3854609429836273,0.2696933448314667
/home/test/data/mvtec/carpet/test/metal_contamination/015.png,1,0.5409901738166809,0.4347658157348633
/home/test/data/mvtec/carpet/test/metal_contamination/016.png,1,0.42179280519485474,0.2742110788822174
/home/test/data/mvtec/carpet/test/thread/000.png,1,0.8391003608703613,0.6864824891090393
/home/test/data/mvtec/carpet/test/thread/001.png,1,0.39791011810302734,0.22084295749664307
/home/test/data/mvtec/carpet/test/thread/002.png,1,0.591797947883606,0.47946324944496155
/home/test/data/mvtec/carpet/test/thread/003.png,1,0.7874894738197327,0.5494070649147034
/home/test/data/mvtec/carpet/test/thread/004.png,1,0.5715951919555664,0.5614696145057678
/home/test/data/mvtec/carpet/test/thread/005.png,1,0.966342568397522,0.6125360131263733
/home/test/data/mvtec/carpet/test/thread/006.png,1,0.824445366859436,0.7475206255912781
/home/test/data/mvtec/carpet/test/thread/007.png,1,0.7601328492164612,0.6442201137542725
/home/test/data/mvtec/carpet/test/thread/008.png,1,0.896536111831665,0.7729435563087463
/home/test/data/mvtec/carpet/test/thread/009.png,1,0.29729539155960083,0.10783631354570389
/home/test/data/mvtec/carpet/test/thread/010.png,1,0.6183158755302429,0.5524478554725647
/home/test/data/mvtec/carpet/test/thread/011.png,1,0.5615676641464233,0.3002452254295349
/home/test/data/mvtec/carpet/test/thread/012.png,1,0.9463256597518921,0.7636170983314514
/home/test/data/mvtec/carpet/test/thread/013.png,1,0.7886959314346313,0.7600614428520203
/home/test/data/mvtec/carpet/test/thread/014.png,1,0.4954681992530823,0.2419523000717163
/home/test/data/mvtec/carpet/test/thread/015.png,1,0.2776232957839966,0.13496547937393188
/home/test/data/mvtec/carpet/test/thread/016.png,1,0.5463911890983582,0.3649602234363556
/home/test/data/mvtec/carpet/test/thread/017.png,1,0.8525356650352478,0.6980398297309875
/home/test/data/mvtec/carpet/test/thread/018.png,1,0.26705676317214966,0.10822504013776779
