image_path,label,score,sha256
/home/test/data/mvtec/cable/test/bent_wire/000.png,1,0.7114770690858767,4aa2490bd1227dce17dcccba7dcd21c1297a9a858d295f114cb72c2c0f98aa06
/home/test/data/mvtec/cable/test/bent_wire/001.png,1,0.7932030660274532,6f906f05817d54a62532add0da5f56314a5508babd5849d5a3fa571001ad1a88
/home/test/data/mvtec/cable/test/bent_wire/002.png,1,0.7380999215838102,b4236bbfb6e09fb5e9daa2b973e7cf897e21cbe4117f1c7f9a107b26e61deabe
/home/test/data/mvtec/cable/test/bent_wire/003.png,1,0.6549803666093652,3fca90a1c05ba97cadf5d8c944a927377396c958f14faae9780d6d7ec4af226d
/home/test/data/mvtec/cable/test/bent_wire/004.png,1,0.7378838739605549,f6741462e12ea91951ab44fa0225736f571ab9dc445976577d75e8d68a2744dd
/home/test/data/mvtec/cable/test/bent_wire/005.png,1,0.837753443771614,f87e5b4f7be87b2518820c3ee8815c15d88d48cfbfeadf3dbb0770d90099fa34
/home/test/data/mvtec/cable/test/bent_wire/006.png,1,0.7751643055384907,3c084b2f94c17ac7de2e706c7516a454a6578b448f4abb7b2f347908a2b4f00b
/home/test/data/mvtec/cable/test/bent_wire/007.png,1,0.7972357626810175,76b7f7a0716340f5ad7cac2030dcad418efa04cb1d58d896306235f820191971
/home/test/data/mvtec/cable/test/bent_wire/008.png,1,0.6997429891866892,17bc5f06d2a6a4f4f63a3ffc23672bbdadfaff82b125287f870789ef49fe29d6
/home/test/data/mvtec/cable/test/bent_wire/009.png,1,0.7241713870168047,62b9e2dd24de571b003dd6c2e190a66308102352dea58ba5aa89f8da5427298c
/home/test/data/mvtec/cable/test/bent_wire/010.png,1,0.7261026576359284,1e344942536a6870df770498d4b5c75bf6a2c93f8020113aa54eaeedaeeecd8c
/home/test/data/mvtec/cable/test/bent_wire/011.png,1,0.7929112998420729,8f46af648cd3dfe2d8508a1ef1b1e6c069deedf5501b15c96aa0e23056de044d
/home/test/data/mvtec/cable/test/bent_wire/012.png,1,0.7953065571837609,178f7bdd60c9ac5496077f8a037aac32b060e5b46ddc6467184b65c6d2506677
/home/test/data/mvtec/cable/test/cable_swap/000.png,1,0.46504692332121145,f1a44cb231cdc1c276367f1f85561c82c5fb47b82fd87a355d8af3e631a0e212
/home/test/data/mvtec/cable/test/cable_swap/001.png,1,0.6427839009713272,9c5b15181f9c119a1b647123cb29c40d6d3cea8eabf51875b0f3921969b3b55e
/home/test/data/mvtec/cable/test/cable_swap/002.png,1,0.4809147984066589,713eef338fc884dd59d0ae225a5e4c843bbac68eead1e53736041d2b78b7eb2f
/home/test/data/mvtec/cable/test/cable_swap/003.png,1,0.45211480188770925,a1041d11e254d45c00d7d48bdeea3efcd27c69d2b0c635166c095457eeb87fa0
/home/test/data/mvtec/cable/test/cable_swap/004.png,1,0.42640992422102536,5bd227c33d3136bd5ffe4f54d54dfa7db57011120c95876162594e5718fa48ec
/home/test/data/mvtec/cable/test/cable_swap/005.png,1,0.3684389624799914,eb024779107804bdc3aae14308d1b1021c2166a5dd8d3150f794f28d4309f87a
/home/test/data/mvtec/cable/test/cable_swap/006.png,1,0.50825202292539,8bca508db4180ef69b41f10ac4839541aa1a8a4ed155aa9251e7e280d3fb513b
/home/test/data/mvtec/cable/test/cable_swap/007.png,1,0.7331132157420761,a34f5525d0d20baebee7536225cee4ad40b426b02c9b61ef32ae9cfcaee8fdc2
/home/test/data/mvtec/cable/test/cable_swap/008.png,1,0.5266373427384536,04e9f7df4691c06d2e61287f6b6a0d37a4ddb81a4fc1f847d986c6340ee32bc9
/home/test/data/mvtec/cable/test/cable_swap/009.png,1,0.5138225429063417,3ae6ba7b02b81a2b8a4169f946f7613b11c6e1d784572150ffd6f85ce14cd1a9
/home/test/data/mvtec/cable/test/cable_swap/010.png,1,0.6471247877649036,428b4e5c34800c4295790e447490bb26c68a668c464bff133c91ec623db0bf7b
/home/test/data/mvtec/cable/test/cable_swap/011.png,1,0.4490188290535167,998659e71235581a359307c79457baef36f08c3883a299d42785e32adace4736
/home/test/data/mvtec/cable/test/combined/000.png,1,0.8730694949626923,47ed695bc2eaee856eb30ec91aa93f06eec2213b38466a2f311ac14e9af96e52
/home/test/data/mvtec/cable/test/combined/001.png,1,0.7869936684920708,64e892cb2f119af3702948232bf7d1fc8c6d061a8e76198ede7cd1c0c1c336ae
/home/test/data/mvtec/cable/test/combined/002.png,1,0.5435196345410684,8dac01f7ff5bd41be773365134cde220f08212916dda9a92bbc011a6facb2332
/home/test/data/mvtec/cable/test/combined/003.png,1,0.7469530971779772,b4614ac063f691472f38c58e337badcda6667cca4891a98791b258946ef06cef
/home/test/data/mvtec/cable/test/combined/004.png,1,0.5563576633973206,c9ace07049c9ac493b86a2d44442d121fea62237434f03495e23382300f6a340
/home/test/data/mvtec/cable/test/combined/005.png,1,0.49246830773992145,8979ff24c5576a25f26195af9c1766d89218b8c7cad6d3edbada25bef94f0aa0
/home/test/data/mvtec/cable/test/combined/006.png,1,0.8589899706747095,2c725ae3c4986561ebbea178b6c20b41cac468e4a98ef7b5c439db600393d72b
/home/test/data/mvtec/cable/test/combined/007.png,1,0.8333163188839817,43a8ef9b9f23723199406783b8b6d3ae5751ec24249fdc7868f96ba7e323bbcb
/home/test/data/mvtec/cable/test/combined/008.png,1,0.7559122464869517,a5dcf1c9d4a00966d2f81c655750db204ad3a720a1bf9d4adae19440a1e8be91
/home/test/data/mvtec/cable/test/combined/009.png,1,0.684199637132769,abbb79f4c4e7b7f1eb6e98b29f1ed442265a833e40ba26ba800c95036b5a39ff
/home/test/data/mvtec/cable/test/combined/010.png,1,0.6013396493209487,6660c18956d671384efff2d17c951a12b701d40b83a87cf4c2de68905403200c
/home/test/data/mvtec/cable/test/cut_inner_insulation/000.png,1,0.6320050126508392,d733dea95e98ac6d1a500cfb569e2b5f76f4375030817b0aba200e26aa46572f
/home/test/data/mvtec/cable/test/cut_inner_insulation/001.png,1,0.6685369087470061,04a079931955582c5dbf2159863bf67b7569e53f160d1299dc9b2aee8370b168
/home/test/data/mvtec/cable/test/cut_inner_insulation/002.png,1,0.7060316286094207,ae4e18abefaa126ceb6615239ed4a41e70bd00ce11709c54ca04ecb9ab640c72
/home/test/data/mvtec/cable/test/cut_inner_insulation/003.png,1,0.7793252175919188,130b191586bdbc4351bc8217e8958a2bf03a06d54fe1d948b26f2a0788a4aecc
/home/test/data/mvtec/cable/test/cut_inner_insulation/004.png,1,0.7345153143146811,1462b9c3674a0042d1ff36a757130bc093feda07d20f18e792e632fb4d08785d
/home/test/data/mvtec/cable/test/cut_inner_insulation/005.png,1,0.750398775046095,bd7ce414f5b3ce554a1e15da87835f56836ba5bde9ab46eb36680c6399552c7e
/home/test/data/mvtec/cable/test/cut_inner_insulation/006.png,1,0.6568521237058028,f70bc339088ce7701710f9939391cf3d1ab7353f0b50ffcfe58dae0728afdff3
/home/test/data/mvtec/cable/test/cut_inner_insulation/007.png,1,0.5925484608828531,0ec256138b6a23bc0c4c789db6813b71a6e4fdf1f62b84df06845702644b7fed
/home/test/data/mvtec/cable/test/cut_inner_insulation/008.png,1,0.6980733298670185,ac349ba86298334277e42e2423c9c275444dd09a4423b865cd70757aea235761
/home/test/data/mvtec/cable/test/cut_inner_insulation/009.png,1,0.8325305584816299,98ed1d33b4f93c537f6506980b8219a8472f4cf21fde01a51997bbc57b5abaf0
/home/test/data/mvtec/cable/test/cut_inner_insulation/010.png,1,0.7058928236132282,9547f7d098250babaf2f085f27b795e6c3e057db41c0e5eaa3a8362f01af5003
/home/test/data/mvtec/cable/test/cut_inner_insulation/011.png,1,0.7285877960934799,d447e539ee5d9fc8fc0299b362556f3ee8c5b09e2872ba731fe328e381fe0c12
/home/test/data/mvtec/cable/test/cut_inner_insulation/012.png,1,0.7116908615747739,8221d48235e1748e05b49bdd808f879ff6a357f21dfa312ce8e101bb7d3e2df6
/home/test/data/mvtec/cable/test/cut_inner_insulation/013.png,1,0.7683080912548974,d3b166250cc9390c15ca87cc86e76c0dc0699f0127581e5fd6452544082bc3b1
/home/test/data/mvtec/cable/test/cut_outer_insulation/000.png,1,0.5022763971675909,67fec8d02a4d85bc3b7d314cd5de2de00c1b49f4defb345f3739bfa730892132
/home/test/data/mvtec/cable/test/cut_outer_insulation/001.png,1,0.5166583337927872,b8a993944c26832f0fb1dc6d4a55bff2abb880d13956b0e63ccccd733aced1e7
/home/test/data/mvtec/cable/test/cut_outer_insulation/002.png,1,0.698774027327014,970f586e3c0a4df201b1e52e7bf14d901d0f269d131e75a1ee1ff1c2cbaff5fe
/home/test/data/mvtec/cable/test/cut_outer_insulation/003.png,1,0.6750796785419564,e02c87400b8c0566f54a3c43f49d4723ce8e6ddc4c55d9bdd7ffcb57c0d1b92d
/home/test/data/mvtec/cable/test/cut_outer_insulation/004.png,1,0.4296336479365984,ffdfc77dadef2da53a91054187ec91d40e80574aee6a482639b618d60f9c0708
/home/test/data/mvtec/cable/test/cut_outer_insulation/005.png,1,0.4447863407178502,63cd1e7c2795a707ddb9834c3e2c0416c8a1f3e5f4b96889560624c78254f863
/home/test/data/mvtec/cable/test/cut_outer_insulation/006.png,1,0.4466604327403143,e8776f468ba0eaec953a8d92aa40b205afae4f06df41b16df565d65dec295fd9
/home/test/data/mvtec/cable/test/cut_outer_insulation/007.png,1,0.6564999125599469,2455f41de7f44704594fb15b388fb9f7dcd69c8b8c3cd391384081df3015e063
/home/test/data/mvtec/cable/test/cut_outer_insulation/008.png,1,0.6302015193259277,7b7c9949abcbef131aeb7b7f64f41450eb7fe71a331d61020b9909fa9f9710e5
/home/test/data/mvtec/cable/test/cut_outer_insulation/009.png,1,0.4833682169405208,9407b81c0af87767efc5219e0a44e484d5dbe03acf2cfd9fa936fd716c94cad8
/home/test/data/mvtec/cable/test/good/000.png,0,0.41316315183835756,89132397ea130312c961d447deb33216f14ec133c4ef62793b4ba817696e48cb
/home/test/data/mvtec/cable/test/good/001.png,0,0.4641417208325135,c9f4e885d36c3d5ea584709dabf756e92e032af97b3b078f9ef25604d3db6d8d
/home/test/data/mvtec/cable/test/good/002.png,0,0.6696846950683487,ec968ad7f60bf4b9537a6711e55035faea78a465ce4ff7ff074b16e5d7a08c34
/home/test/data/mvtec/cable/test/good/003.png,0,0.5736556025594117,032241a0906b66efd2ed0f0eb3501a775b417c4a0a135002fe5ebaf818114824
/home/test/data/mvtec/cable/test/good/004.png,0,0.4346839943741206,7850c5cc2ee6fe50d5d241ed06cadcf74caee2e62efb1014c9cce381659b3f56
/home/test/data/mvtec/cable/test/good/005.png,0,0.5229042202087415,393232d10df0376627750858991e3895e73e1291c299f36bd6910786b1b8d9fc
/home/test/data/mvtec/cable/test/good/006.png,0,0.4542433130792837,3c7eee197661c70834dfe93811053f4b00b78fa2efed2002c1e4d4cd97e66655
/home/test/data/mvtec/cable/test/good/007.png,0,0.6028952192989168,58520808633f344223adfa4ca238da7e4dba708029302fc56b7da9c619eafbd7
/home/test/data/mvtec/cable/test/good/008.png,0,0.49293789523164,95aeb051d43affc5bc18688dce4b11eddbc2a7e83dc8685c1ab5a4bec60bd755
/home/test/data/mvtec/cable/test/good/009.png,0,0.41852346367032967,620db08ca72896d35a6b84eb41577d4f270db068fa3ac22d273e1bc1db7a68f7
/home/test/data/mvtec/cable/test/good/010.png,0,0.4995263335468807,3546cd9f98fefe04d77401068fcc5b05c99bc44a16299d2d646ff2f460a3abc4
/home/test/data/mvtec/cable/test/good/011.png,0,0.617679238054087,2afc83087d9e7780b4d25c31a33f97c6c6733cf5ab3cb83ef21bd7c6918a7f67
/home/test/data/mvtec/cable/test/good/012.png,0,0.3732702789032805,6d07ab68ea3ccb441accde1d4aee138f2599aa5bd22a4bb2e0f2c918098a7909
/home/test/data/mvtec/cable/test/good/013.png,0,0.5815951486286249,2135e38f1cf2ee48f2c71d5cce21c874d59bf638f3731e1aa8ffb46d717b6bb4
/home/test/data/mvtec/cable/test/good/014.png,0,0.7210087842538133,54c03ffe81afc397c21063a21d3d8d10f10b08434e8a6cbb9f8eb916cd320b2c
/home/test/data/mvtec/cable/test/good/015.png,0,0.48553763017674756,7997c14a50a87224415b15846c488812644b77093c55ffcc4117353db4ef5d2d
/home/test/data/mvtec/cable/test/good/016.png,0,0.608613107959403,cce76ead500f127452485e9fae47a400f8dac04c83207f37e070d1db8572fde1
/home/test/data/mvtec/cable/test/good/017.png,0,0.47947532124366055,2fd384698478bd258435fe55e33bc016b5ae5b3fed7619817eb89b835a9abedb
/home/test/data/mvtec/cable/test/good/018.png,0,0.5880164427116132,34a4385615fdd2f3b7c4b8f27d8942901da6e1edba4f832067a478ad8ab2547d
/home/test/data/mvtec/cable/test/good/019.png,0,0.46375333455615925,e193e77e2e2c120d24fddd9a739834f3a72b2170d61fb8922b15833c89d74166
/home/test/data/mvtec/cable/test/good/020.png,0,0.6800511933515826,68ecb9d9cbb6ac88df6fc23804579e4a9bf219d3d30e678645cc7934e5b11600
/home/test/data/mvtec/cable/test/good/021.png,0,0.35737825273239654,6599879ae6bee453258a42c8c295e3e3b20eeb82522c3df4000476e8ffb1072c
/home/test/data/mvtec/cable/test/good/022.png,0,0.7602919132927808,e5d3d90a3b1f4db6f15e667303dd199761ef548d1aca5b9407ad0bf83f7f1593
/home/test/data/mvtec/cable/test/good/023.png,0,0.5461679818819449,0777bfef91c93311d3941d5827b69d19a9f489310d0fe9b2074173fa15174a37
/home/test/data/mvtec/cable/test/good/024.png,0,0.47413500443661993,d9fb6b561b81fbd96c04d7e2b825c253342bbc0652544547b364888f71e969e7
/home/test/data/mvtec/cable/test/good/025.png,0,0.5259305358200157,17798ad5cb616ec9cd91c42556a66545fc54d78f320e0fa2927cdea21c7715e6
/home/test/data/mvtec/cable/test/good/026.png,0,0.5586511488530063,71e5425aa2fe6bff0effd3d9085e983e880f2a28edbc08f8aed64df3fe1c398c
/home/test/data/mvtec/cable/test/good/027.png,0,0.601373296402329,798dc798ed1d9890e579ad679df0f730a0d4d1d71eda976c72239666a7b3dca6
/home/test/data/mvtec/cable/test/good/028.png,0,0.5862757197688861,6a5d8ee50ac2c7f741c5623dbeecb57eeac9f7feebde5a0689e62390fb3bb0be
/home/test/data/mvtec/cable/test/good/029.png,0,0.5696548246724462,8c797fc28b4ddb2b84619905f5dab54572030ecb5c906a8b21697993d5b946e7
/home/test/data/mvtec/cable/test/good/030.png,0,0.6348816901820562,cd586ad6175594534e81de830e787eb6665bbad073d622c3deb0516897788a7b
/home/test/data/mvtec/cable/test/good/031.png,0,0.5897344074299524,6731818ec3bbc4ce1db23fb180c52ed009203f0bae340ff6d546edce976c4ef6
/home/test/data/mvtec/cable/test/good/032.png,0,0.4837590712905264,385483d3ee165ceef26b285bdf9224c86fb97c4caecafd84ac39dbf47f5dafee
/home/test/data/mvtec/cable/test/good/033.png,0,0.5106260638044149,b737becc34d9855076d82c1f12bd0cd9f64ff4aaab5a68e118a936d699f80db2
/home/test/data/mvtec/cable/test/good/034.png,0,0.43030887911242177,d0708a0e35c2100dfd01aec9dcfd3609fa1364434af9ff516589a7ef1395371b
/home/test/data/mvtec/cable/test/good/035.png,0,0.4362216944062892,c0ea66bb742375ab0f6639a88459bf9d4de5267385bfe70deca237449ced926e
/home/test/data/mvtec/cable/test/good/036.png,0,0.46811358276792076,2b682a891ec39b83c985d3959c8c2ab63c8b10373e6b0f6c27e080e7a48f9f09
/home/test/data/mvtec/cable/test/good/037.png,0,0.4574828352111059,2e5e4c86b98a1adc6e9fd40f31b0aabff16a797974742c7a23f6a30f41108225
/home/test/data/mvtec/cable/test/good/038.png,0,0.5836873079789936,ff1a574e60a85d74eb9ee2e09d2185bdadb12a877f9dd442f70c301d55f2a2e6
/home/test/data/mvtec/cable/test/good/039.png,0,0.4816140023739952,8ca732d409644920b613a9bfc89644079719c911d6f1049d3aac56c4e6e581bf
/home/test/data/mvtec/cable/test/good/040.png,0,0.4271738870827665,5dd06dddb6aee435e9de22266ff854cfd7465f548201a236be0c5f4122794c2e
/home/test/data/mvtec/cable/test/good/041.png,0,0.4609829908901934,7a3fb1e33584e7a53cc3fe243f0f9ce262ea5b2f210fecdcd68331e69c6a95bf
/home/test/data/mvtec/cable/test/good/042.png,0,0.4083572474259827,cde36183abea265777cb8eeaf79344f4b90004733efbe35f95f66fd4e36ecc1d
/home/test/data/mvtec/cable/test/good/043.png,0,0.4877757875950432,45e01e0feb9ddfb35103512d567ede78db60b2dd61d714383153322cbc9bed58
/home/test/data/mvtec/cable/test/good/044.png,0,0.6276487957400219,5f35340cfa3011c3aa5b752cf5f438dc13b8e01374ee971a108dd2c1b9e005ad
/home/test/data/mvtec/cable/test/good/045.png,0,0.46857830947057083,701d1cb01b0017c44cab01c89589ca1971071ba6e7a29788dfea4da995ab15c0
/home/test/data/mvtec/cable/test/good/046.png,0,0.5127241671235067,438312c18eb80d3c60403cb2fb7cbf4382a84ff3d1ce24a71c0008f3d4663687
/home/test/data/mvtec/cable/test/good/047.png,0,0.576527810607387,d2dd9d070ff31f19ed196eaaafeb3cb813ab29ead741007346eb0c4a42793167
/home/test/data/mvtec/cable/test/good/048.png,0,0.28588833370487415,c6eec4f5ad7bc99597fe388848ea04f4a4ae8885bda27a28cbd2beac193ba102
/home/test/data/mvtec/cable/test/good/049.png,0,0.6127621696647578,4282929f55add6939b8315635bfc1e46c6c5936d3598b3fa556ad9bb195fb1b0
/home/test/data/mvtec/cable/test/good/050.png,0,0.447798335349584,653da904fc28d7eee4af05cf5581187169d3f0888211d10c0a0cd0cce6cd1fd3
/home/test/data/mvtec/cable/test/good/051.png,0,0.3975753217418845,a3b521ff3d30e4ad5d321c49126ef2b9474a5ec990275008fbc6159b08d323cc
/home/test/data/mvtec/cable/test/good/052.png,0,0.38483850847851075,19a4ee2776a7f635dd33439dd805790edc0041b3486f0ea762fd28e6dd39855d
/home/test/data/mvtec/cable/test/good/053.png,0,0.3744252340732094,d1b90eaccb9c64579414daf4cd50d45cd4cb8ac4a8cbe3792acdaccddd2f9354
/home/test/data/mvtec/cable/test/good/054.png,0,0.3961011044524724,be84796041d08072f1d1c5446dff642bee5c7c2d9d41f92e3eaf7bc69bc98021
/home/test/data/mvtec/cable/test/good/055.png,0,0.5063377692141672,53bc1a3f1805af8c79690a78dec6f8482e813c1c07473a22c6e5488ec1a4eaa5
/home/test/data/mvtec/cable/test/good/056.png,0,0.5004230457301104,32cfd7c85a310ce323c8c2d593ef1e7cbf1b82e4e05731f511c965de48561140
/home/test/data/mvtec/cable/test/good/057.png,0,0.4025564189647489,afe6089417fe57e1895154184a474ac8e2f27d0cea1239fa1f5a66220294d2ef
/home/test/data/mvtec/cable/test/missing_cable/000.png,1,0.7670309104916846,c6d4fa84b74e7bfa12418c9cf916ff3320218a311bfe715b29e0449f6bd6fcda
/home/test/data/mvtec/cable/test/missing_cable/001.png,1,0.48246131339526416,7d43355ba841b95cec5d3a90bdb79dd2b576d425f5bf1f5a7c03c7891598dace
/home/test/data/mvtec/cable/test/missing_cable/002.png,1,0.7397273482566314,2793114a3284fb3150c8b02c32b109b898e9facf0198ab3f8080ae32b3ec8715
/home/test/data/mvtec/cable/test/missing_cable/003.png,1,0.6079616278339901,2e9982cc95ae19716658af500099f83b38cccca880e526db875b8ad8f75ccdc5
/home/test/data/mvtec/cable/test/missing_cable/004.png,1,0.7346982953084075,743565aae35c24988caa77968f11031a8323f01fe3503afc8c44e39c9d83e3e7
/home/test/data/mvtec/cable/test/missing_cable/005.png,1,0.6514948878435374,96b6699515a91d9a05e6e23a63a1283a32f27ed48585263ed70fa07d0a9bed6f
/home/test/data/mvtec/cable/test/missing_cable/006.png,1,0.281088262796402,04d987271bede1add81c3d3f52c7c927c044fc645a994ceb696047471bd6c95c
/home/test/data/mvtec/cable/test/missing_cable/007.png,1,0.5928991237429166,754a195ba346e4d20b079e05e10b6afc18f4f00d9b98fcc337ef203a4242f25b
/home/test/data/mvtec/cable/test/missing_cable/008.png,1,0.7054852713473938,4830272c1b98ec2525bac183e60100d1e5acfc94a17c56553167b82292619b32
/home/test/data/mvtec/cable/test/missing_cable/009.png,1,0.8229838428387122,e38d96a1e99e3a775a3c6b4a32e13f9361c2ae198828b79902df86a0c248f3e8
/home/test/data/mvtec/cable/test/missing_cable/010.png,1,0.5646143183914567,a8abffd628f20788096ca189fd81d0732a4c9c9c11b95587c512985801ebae4a
/home/test/data/mvtec/cable/test/missing_cable/011.png,1,0.6255693558910427,825575de33268167c51c1479fd00dbf51fe7e30a94682cef60cf12f3a7e109c0
/home/test/data/mvtec/cable/test/missing_wire/000.png,1,0.41277362237303594,c838f7782fe11b6a9d9cdc36990ea393ca3d200b75be6b5af360815bd1b12bbf
/home/test/data/mvtec/cable/test/missing_wire/001.png,1,0.4067643722640203,6c97f15033f0c945c76d1b6a6b11c266ef7ea904e74c3cb1d6345b70b029b9f1
/home/test/data/mvtec/cable/test/missing_wire/002.png,1,0.4937851105317647,7f19c08f1ad867523720815cfd8378130df3527013153bad8e93df01b7f6d0e2
/home/test/data/mvtec/cable/test/missing_wire/003.png,1,0.8667019458251082,6993b9c7ebb2578ed7c255f79a51f4bda5f5e8214ed9a48b4d573bf86cf7661e
/home/test/data/mvtec/cable/test/missing_wire/004.png,1,0.6737308097898036,ddf9a5c38d924f6894ada3aa38a2696d16578caa855a31fe9890c2d3b04e9244
/home/test/data/mvtec/cable/test/missing_wire/005.png,1,0.7270945534240857,9e106de34c09cf7f45481d7ceebe341e7d0b624f8c4993d95068653899e198e6
/home/test/data/mvtec/cable/test/missing_wire/006.png,1,0.48945763279705456,2689caa03f551127abc04a35b08331ee48bf439f2abd955ecd956d2a99ef422c
/home/test/data/mvtec/cable/test/missing_wire/007.png,1,0.4246001796808709,a8883a442a7ed353f289a1f2e57ba08342db5300326a5a23572f7cc5feba86fb
/home/test/data/mvtec/cable/test/missing_wire/008.png,1,0.558739432754136,c4f6fa26dbfe6acdaca9f367c17a21eadf69464b1b858629b86301e65a6dd1c1
/home/test/data/mvtec/cable/test/missing_wire/009.png,1,0.51514667144738,290f19cbd78f37645b9e1020153e85e75d5c0034d02c5f44297cba8d0ceeec11
/home/test/data/mvtec/cable/test/poke_insulation/000.png,1,0.5378261648398608,b387e485ef56bf124dc3ef52633520d0332a84b396fa3baaf5d6716a1d3799f8
/home/test/data/mvtec/cable/test/poke_insulation/001.png,1,0.6000944755332818,be9567b15a3a093ec7af14ea3c67d46833ecadb863aa62da6f9d4fa6b0e25f66
/home/test/data/mvtec/cable/test/poke_insulation/002.png,1,0.44203744546017487,618424048561854db963446a85a14fd7ec7137d3ad9eafdeee340731970badd9
/home/test/data/mvtec/cable/test/poke_insulation/003.png,1,0.5672793139130794,570d81dee47e05bd6e30beaac95616c934c5369a5f74917e8e37da9b691d19de
/home/test/data/mvtec/cable/test/poke_insulation/004.png,1,0.6245270198160378,ede07cbe25fff9c0e439ef43ccdbb7c36965f778afe8b864ceee79a69a32faf2
/home/test/data/mvtec/cable/test/poke_insulation/005.png,1,0.6118187672122964,ec14971c23cc8d9a25721e19832ca804aed5b7af1ef66236828f1baccd356f46
/home/test/data/mvtec/cable/test/poke_insulation/006.png,1,0.4512058084765609,3a4e8ec1fab486ffe16b334409585c7861ac1f743ef4c08a1070de8aab686698
/home/test/data/mvtec/cable/test/poke_insulation/007.png,1,0.4292224740181293,565bcc0659d7a05dfe42a531a6a1bca63877921b4f4712641724f6a4920e4157
/home/test/data/mvtec/cable/test/poke_insulation/008.png,1,0.614582095343384,9adbbc7479d387b47db1eebda6dd2510aee380e17c7735cc869d467228ce7ec4
/home/test/data/mvtec/cable/test/poke_insulation/009.png,1,0.46195401411598863,1b43c28280f070f96222f0177210872c34c748b0b17895bdbccc1460f5ca7c03
