image_path,label,score
/home/test/data/mvtec/transistor/test/bent_lead/000.png,1,12150.21875
/home/test/data/mvtec/transistor/test/bent_lead/001.png,1,15215.205078125
/home/test/data/mvtec/transistor/test/bent_lead/002.png,1,18860.63671875
/home/test/data/mvtec/transistor/test/bent_lead/003.png,1,18765.494140625
/home/test/data/mvtec/transistor/test/bent_lead/004.png,1,16378.0517578125
/home/test/data/mvtec/transistor/test/bent_lead/005.png,1,14950.4453125
/home/test/data/mvtec/transistor/test/bent_lead/006.png,1,15865.01953125
/home/test/data/mvtec/transistor/test/bent_lead/007.png,1,18030.900390625
/home/test/data/mvtec/transistor/test/bent_lead/008.png,1,11229.5048828125
/home/test/data/mvtec/transistor/test/bent_lead/009.png,1,16417.5625
/home/test/data/mvtec/transistor/test/cut_lead/000.png,1,14907.912109375
/home/test/data/mvtec/transistor/test/cut_lead/001.png,1,12405.16796875
/home/test/data/mvtec/transistor/test/cut_lead/002.png,1,16377.4873046875
/home/test/data/mvtec/transistor/test/cut_lead/003.png,1,16268.41015625
/home/test/data/mvtec/transistor/test/cut_lead/004.png,1,20336.56640625
/home/test/data/mvtec/transistor/test/cut_lead/005.png,1,17674.69921875
/home/test/data/mvtec/transistor/test/cut_lead/006.png,1,20328.59375
/home/test/data/mvtec/transistor/test/cut_lead/007.png,1,14497.041015625
/home/test/data/mvtec/transistor/test/cut_lead/008.png,1,15983.068359375
/home/test/data/mvtec/transistor/test/cut_lead/009.png,1,23030.345703125
/home/test/data/mvtec/transistor/test/damaged_case/000.png,1,18811.4296875
/home/test/data/mvtec/transistor/test/damaged_case/001.png,1,16610.65625
/home/test/data/mvtec/transistor/test/damaged_case/002.png,1,18722.37109375
/home/test/data/mvtec/transistor/test/damaged_case/003.png,1,16979.35546875
/home/test/data/mvtec/transistor/test/damaged_case/004.png,1,14798.232421875
/home/test/data/mvtec/transistor/test/damaged_case/005.png,1,26289.896484375
/home/test/data/mvtec/transistor/test/damaged_case/006.png,1,22220.470703125
/home/test/data/mvtec/transistor/test/damaged_case/007.png,1,16473.310546875
/home/test/data/mvtec/transistor/test/damaged_case/008.png,1,15798.5205078125
/home/test/data/mvtec/transistor/test/damaged_case/009.png,1,16822.052734375
/home/test/data/mvtec/transistor/test/good/000.png,0,15745.318359375
/home/test/data/mvtec/transistor/test/good/001.png,0,16269.7119140625
/home/test/data/mvtec/transistor/test/good/002.png,0,27901.896484375
/home/test/data/mvtec/transistor/test/good/003.png,0,12302.41015625
/home/test/data/mvtec/transistor/test/good/004.png,0,15016.9326171875
/home/test/data/mvtec/transistor/test/good/005.png,0,13653.060546875
/home/test/data/mvtec/transistor/test/good/006.png,0,15488.24609375
/home/test/data/mvtec/transistor/test/good/007.png,0,20599.814453125
/home/test/data/mvtec/transistor/test/good/008.png,0,18745.87890625
/home/test/data/mvtec/transistor/test/good/009.png,0,16762.890625
/home/test/data/mvtec/transistor/test/good/010.png,0,20218.267578125
/home/test/data/mvtec/transistor/test/good/011.png,0,14544.421875
/home/test/data/mvtec/transistor/test/good/012.png,0,14475.03515625
/home/test/data/mvtec/transistor/test/good/013.png,0,14059.2734375
/home/test/data/mvtec/transistor/test/good/014.png,0,16973.765625
/home/test/data/mvtec/transistor/test/good/015.png,0,12718.7060546875
/home/test/data/mvtec/transistor/test/good/016.png,0,13519.150390625
/home/test/data/mvtec/transistor/test/good/017.png,0,14801.048828125
/home/test/data/mvtec/transistor/test/good/018.png,0,19712.294921875
/home/test/data/mvtec/transistor/test/good/019.png,0,13367.6953125
/home/test/data/mvtec/transistor/test/good/020.png,0,13917.2568359375
/home/test/data/mvtec/transistor/test/good/021.png,0,19382.46875
/home/test/data/mvtec/transistor/test/good/022.png,0,13185.8115234375
/home/test/data/mvtec/transistor/test/good/023.png,0,18060.51953125
/home/test/data/mvtec/transistor/test/good/024.png,0,19398.900390625
/home/test/data/mvtec/transistor/test/good/025.png,0,14091.65625
/home/test/data/mvtec/transistor/test/good/026.png,0,24751.13671875
/home/test/data/mvtec/transistor/test/good/027.png,0,21293.107421875
/home/test/data/mvtec/transistor/test/good/028.png,0,17858.19921875
/home/test/data/mvtec/transistor/test/good/029.png,0,17030.8515625
/home/test/data/mvtec/transistor/test/good/030.png,0,15003.232421875
/home/test/data/mvtec/transistor/test/good/031.png,0,17299.298828125
/home/test/data/mvtec/transistor/test/good/032.png,0,14939.671875
/home/test/data/mvtec/transistor/test/good/033.png,0,13445.29296875
/home/test/data/mvtec/transistor/test/good/034.png,0,16610.54296875
/home/test/data/mvtec/transistor/test/good/035.png,0,15972.11328125
/home/test/data/mvtec/transistor/test/good/036.png,0,12820.1650390625
/home/test/data/mvtec/transistor/test/good/037.png,0,18087.787109375
/home/test/data/mvtec/transistor/test/good/038.png,0,14538.67578125
/home/test/data/mvtec/transistor/test/good/039.png,0,11185.6875
/home/test/data/mvtec/transistor/test/good/040.png,0,22788.416015625
/home/test/data/mvtec/transistor/test/good/041.png,0,16608.60546875
/home/test/data/mvtec/transistor/test/good/042.png,0,13119.20703125
/home/test/data/mvtec/transistor/test/good/043.png,0,17244.6796875
/home/test/data/mvtec/transistor/test/good/044.png,0,18735.927734375
/home/test/data/mvtec/transistor/test/good/045.png,0,15411.0078125
/home/test/data/mvtec/transistor/test/good/046.png,0,18777.759765625
/home/test/data/mvtec/transistor/test/good/047.png,0,14382.3662109375
/home/test/data/mvtec/transistor/test/good/048.png,0,18000.80859375
/home/test/data/mvtec/transistor/test/good/049.png,0,13055.912109375
/home/test/data/mvtec/transistor/test/good/050.png,0,24101.94140625
/home/test/data/mvtec/transistor/test/good/051.png,0,19642.0546875
/home/test/data/mvtec/transistor/test/good/052.png,0,14963.748046875
/home/test/data/mvtec/transistor/test/good/053.png,0,16581.919921875
/home/test/data/mvtec/transistor/test/good/054.png,0,13220.96484375
/home/test/data/mvtec/transistor/test/good/055.png,0,14731.1142578125
/home/test/data/mvtec/transistor/test/good/056.png,0,12382.0615234375
/home/test/data/mvtec/transistor/test/good/057.png,0,11494.671875
/home/test/data/mvtec/transistor/test/good/058.png,0,18580.8828125
/home/test/data/mvtec/transistor/test/good/059.png,0,16644.0625
/home/test/data/mvtec/transistor/test/misplaced/000.png,1,21945.8359375
/home/test/data/mvtec/transistor/test/misplaced/001.png,1,24631.11328125
/home/test/data/mvtec/transistor/test/misplaced/002.png,1,18171.572265625
/home/test/data/mvtec/transistor/test/misplaced/003.png,1,43163.2109375
/home/test/data/mvtec/transistor/test/misplaced/004.png,1,21189.03515625
/home/test/data/mvtec/transistor/test/misplaced/005.png,1,30521.43359375
/home/test/data/mvtec/transistor/test/misplaced/006.png,1,14017.77734375
/home/test/data/mvtec/transistor/test/misplaced/007.png,1,21114.04296875
/home/test/data/mvtec/transistor/test/misplaced/008.png,1,15073.84375
/home/test/data/mvtec/transistor/test/misplaced/009.png,1,14557.5546875
