epoch,loss,n_batches,seconds
1,2.707732830215339,199,33.94225149600004
2,1.3970669669721594,199,32.931623371
3,1.153622372665597,199,33.02205914000001
4,1.030055747858843,199,33.02396488800002
5,0.9499561061811208,199,33.03643008900008
6,0.8924842503801662,199,33.042522976999976
7,0.8491183279746741,199,32.742774635000046
8,0.8139856577518597,199,33.160135399999945
9,0.7865073803681225,199,33.319602992
10,0.7614307205880707,199,32.926640976000044
11,0.7418815984797837,199,32.78914362800003
12,0.7228112741930401,199,32.90948172800006
13,0.7068119797874336,199,33.09662398800003
14,0.6924421050440726,199,33.0589873790002
15,0.6793492172830667,199,33.251052672000014
