image_path,label,score_before,score_after,sha256
/home/test/data/VisA_20220922/chewinggum/Data/Images/Normal/352.JPG,0,0.46101680397987366,0.17147951,5938970329c93a6d493ec8169a7c2477bf4999f5681be59d214454b6e164db55
/home/test/data/VisA_20220922/chewinggum/Data/Images/Normal/104.JPG,0,0.43782350420951843,0.13906486,2e89b017c354dc39555f646dbb26dad298f8e4dbd1ae14193ac11b970fd9e0ac
/home/test/data/VisA_20220922/chewinggum/Data/Images/Normal/337.JPG,0,0.37022536993026733,0.073312044,86cee199031d50236be6ebb2e3a4d73d0f2a9509ac498ef41bd01566b7d8f83f
/home/test/data/VisA_20220922/chewinggum/Data/Images/Normal/213.JPG,0,0.41869691014289856,0.13486658,a13cf904a0b3f42ebb3817f4dcfe521f2de4fbfb8232c4681d946fb7337d8a19
/home/test/data/VisA_20220922/chewinggum/Data/Images/Normal/276.JPG,0,0.4263215959072113,0.15153435,e8532143b4bce4c4aa7298fa3c664bd1c439130d6f7ee7dc359f1630a7a52251
/home/test/data/VisA_20220922/chewinggum/Data/Images/Normal/402.JPG,0,0.44167301058769226,0.14092498,64c6fe0b36f6e80749157b4b9fce15fa198b8e1cae7e609d84971c5745f57826
/home/test/data/VisA_20220922/chewinggum/Data/Images/Normal/166.JPG,0,0.41869691014289856,0.13377567,21676fef1e8a79ab0f51946b099ccb96842ecf04c2019d95d4cbca0d99a5154f
/home/test/data/VisA_20220922/chewinggum/Data/Images/Normal/013.JPG,0,0.37387582659721375,0.07796771,5ae0cd4a9c6badd03709f2b9f567474f5069f003b9b073ed6b00c93aaf48118e
/home/test/data/VisA_20220922/chewinggum/Data/Images/Normal/050.JPG,0,0.37387582659721375,0.07824556,ad96d1884c9368807caa57a36880abb7c0de37f76a54281109c881546bc80a8f
/home/test/data/VisA_20220922/chewinggum/Data/Images/Normal/400.JPG,0,0.45713675022125244,0.18369772,7bddf632a183542c7e39d073e946e67ddf436e2d3b8a2f198fc40d7f7388ce93
/home/test/data/VisA_20220922/chewinggum/Data/Images/Normal/461.JPG,0,0.4035668969154358,0.12555443,29250e8cd7e863cf1efcc7b3347f4ec9b6ffc93a435f17a0aecadf92e1a30807
/home/test/data/VisA_20220922/chewinggum/Data/Images/Normal/377.JPG,0,0.4455295503139496,0.14728384,46cbf6cdf0ddf607d53914918aeed4d6a8e3a3c44c2f30b06aa88fd477065dee
/home/test/data/VisA_20220922/chewinggum/Data/Images/Normal/006.JPG,0,0.4148988127708435,0.098336965,0744bba52b948a7f30051e1633bb2b1e1e88e11c56c8c24acd5fac347a165172
/home/test/data/VisA_20220922/chewinggum/Data/Images/Normal/148.JPG,0,0.4687906503677368,0.2157849,7a640f61d9ea9ec28e6eda5f70bd4dc7a965f1cb7de24f7a894c64ebb98c5127
/home/test/data/VisA_20220922/chewinggum/Data/Images/Normal/384.JPG,0,0.39606815576553345,0.087492086,295baff280c681719e9360bbc1dc9e0a088ff95f51299a6d42e35c833593557d
/home/test/data/VisA_20220922/chewinggum/Data/Images/Normal/228.JPG,0,0.39606815576553345,0.110541664,e6c078d64db157dc6e510b92ca9a3f8785de01944549f292aa747d1f636e1aff
/home/test/data/VisA_20220922/chewinggum/Data/Images/Normal/260.JPG,0,0.3923368453979492,0.09793476,25ca6b9e7dacb933246ebcb8667bdc88c9df266cb0860815bb5c5c8f50d43afe
/home/test/data/VisA_20220922/chewinggum/Data/Images/Normal/435.JPG,0,0.3923368453979492,0.09547603,cfc212a26d172ee355322392902312fa44cd5d07b11462421ef9c04d68b7e2dd
/home/test/data/VisA_20220922/chewinggum/Data/Images/Normal/405.JPG,0,0.3849121630191803,0.08455505,e435eb83acd21b69044f75debfcb789d6a33a8e54106a11be8fae51dc4b3f716
/home/test/data/VisA_20220922/chewinggum/Data/Images/Normal/087.JPG,0,0.44167301058769226,0.1358873,0dd3b78b0bf61d37423cb5a27d87754b7c8ce3b8e4b63208a0736f86b3b57593
/home/test/data/VisA_20220922/chewinggum/Data/Images/Normal/324.JPG,0,0.4035668969154358,0.09941709,0cf0fd704c149c068e8c029f3a6adcb0bcecb07aa5c8f4f82ad53b4d83a986d9
/home/test/data/VisA_20220922/chewinggum/Data/Images/Normal/130.JPG,0,0.3923368453979492,0.0893589,08f28f520c7e2bbec8353c84a3fb569756b9c304999854ae56983fd753f595e2
/home/test/data/VisA_20220922/chewinggum/Data/Images/Normal/392.JPG,0,0.4073334336280823,0.11335733,f2212df1ec02a4c8662418832cfaa713904e5150231f84d7a7f9ba7e82dfb6fa
/home/test/data/VisA_20220922/chewinggum/Data/Images/Normal/467.JPG,0,0.5078118443489075,0.23959298,90d914badc4d3adfde5792ad0824c1292b2a1b987199b30bfcc680add4d5c801
/home/test/data/VisA_20220922/chewinggum/Data/Images/Normal/143.JPG,0,0.38861799240112305,0.08265284,e251e8c621362e598b33a3f031ac024c8cf5bfa0b33ae17331490fe79db5a0f7
/home/test/data/VisA_20220922/chewinggum/Data/Images/Normal/389.JPG,0,0.4073334336280823,0.119353265,30034185675972e867710dff5435fd5ae3786e50823f9e657f1814e138a5f5a4
/home/test/data/VisA_20220922/chewinggum/Data/Images/Normal/181.JPG,0,0.45713675022125244,0.17444588,9ec1c1dbde155ac70c1fd83cc3708253daa20c4d152e38d1c4d6a95844bde006
/home/test/data/VisA_20220922/chewinggum/Data/Images/Normal/309.JPG,0,0.3775406777858734,0.095565625,d5b468b1eb93ab43c89abbfd36a6e717eb703e4db4b497f4aed35f7926fd0809
/home/test/data/VisA_20220922/chewinggum/Data/Images/Normal/012.JPG,0,0.39981165528297424,0.09260022,e4cd61bf9e689c6cc1ca6cf148a93db0afdb3db045ebe8db4a6a643cb403aaae
/home/test/data/VisA_20220922/chewinggum/Data/Images/Normal/367.JPG,0,0.43014732003211975,0.15099168,389eb645e2357cb669aeb56401dda0707dfc2ea1053d2d31e6896bb2c71da274
/home/test/data/VisA_20220922/chewinggum/Data/Images/Normal/344.JPG,0,0.3923368453979492,0.092930995,9a4d2854c7cc57bd1698af5ad8dd73fdce70e85bc9d6cf80c93216c4dff040ed
/home/test/data/VisA_20220922/chewinggum/Data/Images/Normal/486.JPG,0,0.39981165528297424,0.1203041,3095ae3e77e23cc58a1a819d14e488748d0a0288c32d57e2675b70f6c674e70c
/home/test/data/VisA_20220922/chewinggum/Data/Images/Normal/089.JPG,0,0.39981165528297424,0.108605884,1282286569ec48920d9edb7de48f956435f45b83372a2b224f154cc9eafd5b53
/home/test/data/VisA_20220922/chewinggum/Data/Images/Normal/398.JPG,0,0.46490156650543213,0.18359369,f5de8448fb721942d5bcb90aef60e19be4945f1c2fd986f8344c33163554baf1
/home/test/data/VisA_20220922/chewinggum/Data/Images/Normal/460.JPG,0,0.4073334336280823,0.11101127,0d674d7823a28c5d158dcd5b82955a369008aebfe45e7d5252155e38443b9677
/home/test/data/VisA_20220922/chewinggum/Data/Images/Normal/239.JPG,0,0.4148988127708435,0.111448295,a347df192e85044046e36c6c74045565772c2b4f6b4db6027826d06681e1dce5
/home/test/data/VisA_20220922/chewinggum/Data/Images/Normal/342.JPG,0,0.41111084818840027,0.115158856,ff1818f5d5f95c4d8d36064026dcf9bf9ea6a4978a433df3ebe2f468e2723eb1
/home/test/data/VisA_20220922/chewinggum/Data/Images/Normal/369.JPG,0,0.4035668969154358,0.12381059,e8206305849dd893128e0e0b8517926098f41398d133776282e29d41e73d4d05
/home/test/data/VisA_20220922/chewinggum/Data/Images/Normal/284.JPG,0,0.3812195658683777,0.061246324,7db6ad0b627f0cf3bdb5c4edfe05c14903a81111ad902eb8b4c2f0f0ae5cad18
/home/test/data/VisA_20220922/chewinggum/Data/Images/Normal/098.JPG,0,0.3812195658683777,0.08528218,44cf4c303f26252acff7b0b36a8fd8409bf708574dd109db6f8324afc62b4ca5
/home/test/data/VisA_20220922/chewinggum/Data/Images/Normal/446.JPG,0,0.37022536993026733,0.08280792,64931256a7a59938ba32cd826fdea9be9c7a4bef4f2569e741e7ba47e44b6c2e
/home/test/data/VisA_20220922/chewinggum/Data/Images/Normal/482.JPG,0,0.41111084818840027,0.131041,f00dfe435fbb67b9fbfc8856634a05260a1114812bcea0e1cb27ab66329118ed
/home/test/data/VisA_20220922/chewinggum/Data/Images/Normal/093.JPG,0,0.38861799240112305,0.08000236,b712b34d4ab2d25e9bbad1e8d4421b6f1d180380a2b4c2b797fc48264006565b
/home/test/data/VisA_20220922/chewinggum/Data/Images/Normal/244.JPG,0,0.39981165528297424,0.10140548,ac5b7d0f06023c833e904a8a4ce645dc9cc1ff0a901eae1699ace803da9fde8b
/home/test/data/VisA_20220922/chewinggum/Data/Images/Normal/497.JPG,0,0.39606815576553345,0.09115819,c96aed53c80301e222173839973b5a44f6ccd37c47ce923e42ae3a37c188a526
/home/test/data/VisA_20220922/chewinggum/Data/Images/Normal/272.JPG,0,0.4455295503139496,0.14230223,d89e021e1a8469aea05baecc51f98ec95b509f2a9e85bad56714d269b78a0881
/home/test/data/VisA_20220922/chewinggum/Data/Images/Normal/307.JPG,0,0.3486451506614685,0.050343495,8f57745f329ef7ba6bea29dcbcbcf18a309b4b96f7d9a448e55b42b1090ba269
/home/test/data/VisA_20220922/chewinggum/Data/Images/Normal/487.JPG,0,0.42250463366508484,0.13600542,04e2e3e6ee06f9a68d732a51af67127f3f37d251bb373509df594a40e2aafe72
/home/test/data/VisA_20220922/chewinggum/Data/Images/Normal/245.JPG,0,0.39981165528297424,0.09408752,7a4ce420e43e6d332b7779e5164590e1c29c5dff9b93423b2dce2a6684cfb832
/home/test/data/VisA_20220922/chewinggum/Data/Images/Normal/084.JPG,0,0.4532618820667267,0.18767346,3e75aa4a0e911a836e66d28f9a3ba2500d8f5da7d5b523f4755b30af0998198a
/home/test/data/VisA_20220922/chewinggum/Data/Images/Anomaly/000.JPG,1,0.815232515335083,0.85526776,cf54dc3b8aee8cc4c60b83553a5934d847e9f8fcf94406c359fe2fea17810dd9
/home/test/data/VisA_20220922/chewinggum/Data/Images/Anomaly/001.JPG,1,0.5926666259765625,0.44741514,e47e6d72e8f55160d0d47273ae6f7670b5b308e53c1ccf601726b4daf2d24ada
/home/test/data/VisA_20220922/chewinggum/Data/Images/Anomaly/002.JPG,1,0.7606506943702698,0.55843395,f0d4830cb1dd27f9d77414c6fb8319eb2e67477ac19c0e6f176afc69e0b92b23
/home/test/data/VisA_20220922/chewinggum/Data/Images/Anomaly/003.JPG,1,0.6150878667831421,0.45275554,b0cec5aacc5d50c470f62af1a463556a3eba279c4d08e39681332a75075e1029
/home/test/data/VisA_20220922/chewinggum/Data/Images/Anomaly/004.JPG,1,0.837619960308075,0.8601136,7e4273f341bf58d008036ac9f187d4835ea628560e597872f95c34b1e3bc292f
/home/test/data/VisA_20220922/chewinggum/Data/Images/Anomaly/005.JPG,1,0.7690802216529846,0.7872655,0926c26d4c1fe7d469bab6377c6e10b0d4b17e453b202cf3f7247713771b98ce
/home/test/data/VisA_20220922/chewinggum/Data/Images/Anomaly/006.JPG,1,0.8774768114089966,0.92725176,b81a85941ba79e2767f90bf712c6b6a09871dc960a78b1e7030aaae82d6c4320
/home/test/data/VisA_20220922/chewinggum/Data/Images/Anomaly/007.JPG,1,0.7310585379600525,0.70558,57f4b52a9b4c21091c9721ef57a4bff32492d883301f7af62919537f50eaca8e
/home/test/data/VisA_20220922/chewinggum/Data/Images/Anomaly/008.JPG,1,0.709019124507904,0.6314698,fa13eeaa151cdf492ca4081e669d4e1c977b7323e8c126499893fc891cd5dc4d
/home/test/data/VisA_20220922/chewinggum/Data/Images/Anomaly/009.JPG,1,0.8723474144935608,0.9226999,b507be60980e0ea3fdd190b40ada3a34e8156014bf4009f846a85b0d4144d874
/home/test/data/VisA_20220922/chewinggum/Data/Images/Anomaly/010.JPG,1,0.7577943801879883,0.6350003,a0b0c3b9b754bfd769b60e3b32eba021d4950bfd1e0ea1eb5ff9b0bcb916c4db
/home/test/data/VisA_20220922/chewinggum/Data/Images/Anomaly/011.JPG,1,0.7154240012168884,0.69575256,eb48b31101be60e052eea1d8a0960d54858b0643baa0c8ae08b927c3c5f7b507
/home/test/data/VisA_20220922/chewinggum/Data/Images/Anomaly/012.JPG,1,0.7981867790222168,0.84611535,9abf3e797963cd1085a50ba4d9e5df311867ecd0ad1972641550b83aba8fd7ac
/home/test/data/VisA_20220922/chewinggum/Data/Images/Anomaly/013.JPG,1,0.6619228720664978,0.5823359,3328d59953cbb9ed64c24ab5a1e9053613e4cb349549785196aa7546e4ce6e43
/home/test/data/VisA_20220922/chewinggum/Data/Images/Anomaly/014.JPG,1,0.8807970285415649,0.9349721,46261ca099c0d8a150e7a616704391462e2b3c04f084a29d80d837dc83b46e91
/home/test/data/VisA_20220922/chewinggum/Data/Images/Anomaly/015.JPG,1,0.7853085398674011,0.76354593,00831be0b21b0f48f9c09950caf0811e0fa245e229ad548fda3b8008fcfa77f8
/home/test/data/VisA_20220922/chewinggum/Data/Images/Anomaly/016.JPG,1,0.6926419734954834,0.5197511,438435e9c59aa0c69157eaf3b529130455281675012d992b8aedbc2c31ac8ad1
/home/test/data/VisA_20220922/chewinggum/Data/Images/Anomaly/017.JPG,1,0.6548947095870972,0.63688326,7ec1939dc343044ad21dafea4f7ab051e9c13956a18038099e2b20683e645263
/home/test/data/VisA_20220922/chewinggum/Data/Images/Anomaly/018.JPG,1,0.7853085398674011,0.7647483,9a62bbfa7d7804cb640157976fffc2c45fa85a83d2e249f250b6a4f786a4c53c
/home/test/data/VisA_20220922/chewinggum/Data/Images/Anomaly/019.JPG,1,0.7826625108718872,0.7950392,f68f48bc074475956b0342aefa919bce077ba1185cda8bd84abeb186991dd095
/home/test/data/VisA_20220922/chewinggum/Data/Images/Anomaly/020.JPG,1,0.7185943722724915,0.64636,9615ceccb567682c8b69fa87bea18b6bee42f195eb3c43bea836ace7bc47cd9a
/home/test/data/VisA_20220922/chewinggum/Data/Images/Anomaly/021.JPG,1,0.8438951373100281,0.8857152,9d9ef290f8a3b70806fa8cfdb443cc826a712bf814695ccd10e6235bf97442e5
/home/test/data/VisA_20220922/chewinggum/Data/Images/Anomaly/022.JPG,1,0.5926666259765625,0.42676476,ead0183f4d239e83567f8652215cdbbf822211ae43841d84f78acf63d03a8395
/home/test/data/VisA_20220922/chewinggum/Data/Images/Anomaly/023.JPG,1,0.562176525592804,0.3362957,5a52df5b316fb675c809223d8438e9b1ac836919b8e4a6bad5931bf2ef1ab56a
/home/test/data/VisA_20220922/chewinggum/Data/Images/Anomaly/024.JPG,1,0.7520125508308411,0.7108217,e2c005d8f51d5a3656a540acec32bfe1f91edb287356b57b6bed47c015acd05c
/home/test/data/VisA_20220922/chewinggum/Data/Images/Anomaly/025.JPG,1,0.4148988127708435,0.12092417,64d56b13e3b3aaeda358c2613c74cc582f13ee1f25501d7a01b7a1f974b348dc
/home/test/data/VisA_20220922/chewinggum/Data/Images/Anomaly/026.JPG,1,0.4843800961971283,0.19585216,cc69846dfd4e39d84dc2c4423b07917888766de76588ee8cdc9d903242091ee9
/home/test/data/VisA_20220922/chewinggum/Data/Images/Anomaly/027.JPG,1,0.4073334336280823,0.20229006,97e7c5d9177751241147ebdba09ae3b4e5bc86bd3eec2ea719c79b22f99e44bf
/home/test/data/VisA_20220922/chewinggum/Data/Images/Anomaly/028.JPG,1,0.4148988127708435,0.11844019,5743dc16f7dc1f1539d4902c4c9670f2c695e4b9a407e6cdc5b014abcc619649
/home/test/data/VisA_20220922/chewinggum/Data/Images/Anomaly/029.JPG,1,0.4687906503677368,0.18544362,f00d91a16624ab3b4fd485f5f91cd99213f4dbc519c3db4a9446ba43bee36e09
/home/test/data/VisA_20220922/chewinggum/Data/Images/Anomaly/030.JPG,1,0.562176525592804,0.404598,9d6aa064a227c44d22c90340a7b2adbad19236fffccccd9a80df0e1e158119f9
/home/test/data/VisA_20220922/chewinggum/Data/Images/Anomaly/031.JPG,1,0.4493926465511322,0.16333574,8b7ebfd7420c3946bc78ed8632e79a557177c0d55277175cb45aa24255e229ff
/home/test/data/VisA_20220922/chewinggum/Data/Images/Anomaly/032.JPG,1,0.4532618820667267,0.16986614,e2d478026faeb2436c97d55adf37db0a96ddafcca630ff1af604e3557946b691
/home/test/data/VisA_20220922/chewinggum/Data/Images/Anomaly/033.JPG,1,0.38861799240112305,0.08318264,9c0b8e16d180e75546c9adc9615ae010850ed22e8e0af6057c85f7b653c20ea7
/home/test/data/VisA_20220922/chewinggum/Data/Images/Anomaly/034.JPG,1,0.4532618820667267,0.16156705,0af3af1b6af3f46de86317a5efc27a6fc1be1a55faf05a9cb08d4cb7b287a22d
/home/test/data/VisA_20220922/chewinggum/Data/Images/Anomaly/035.JPG,1,0.4532618820667267,0.14577739,fc7654bb37811246aba72b99656b5bffb0791e490246dec337c5edce6ff02371
/home/test/data/VisA_20220922/chewinggum/Data/Images/Anomaly/036.JPG,1,0.596433162689209,0.40816888,e82da6e617eb4f5df0f9a427e5ab89d9ec262b85acde9980665d9fb36f6726a2
/home/test/data/VisA_20220922/chewinggum/Data/Images/Anomaly/037.JPG,1,0.4073334336280823,0.110139824,fe73199d499805fe9e3a0848b6a883b7af314fb944f64b87a342b30dfac9e926
/home/test/data/VisA_20220922/chewinggum/Data/Images/Anomaly/038.JPG,1,0.581303060054779,0.3421267,f0f1bd1c13831abb4a85936dd68541d72465cd9e4ee3bb7356b8c482db573ece
/home/test/data/VisA_20220922/chewinggum/Data/Images/Anomaly/039.JPG,1,0.4804786741733551,0.16999148,f1a314b3e79b4d67f3642e832975cfd9480324ee847176b727ccd79a6e40021f
/home/test/data/VisA_20220922/chewinggum/Data/Images/Anomaly/040.JPG,1,0.6791787147521973,0.6344547,d2f4a72a58458b620e8e53a95dfc864cf86cde86f7978eb5427a01348cc0d6b8
/home/test/data/VisA_20220922/chewinggum/Data/Images/Anomaly/041.JPG,1,0.6261242032051086,0.5078996,b77823a8c8ae83f3ffaa046b0b081c34addc03a930ff5bc5d78b98dad4754437
/home/test/data/VisA_20220922/chewinggum/Data/Images/Anomaly/042.JPG,1,0.5774953961372375,0.4331263,5e3fac552fb22e2f69d4afe594c02a1e9e447699ab91c54630d7326cf8787797
/home/test/data/VisA_20220922/chewinggum/Data/Images/Anomaly/043.JPG,1,0.7371581792831421,0.7005057,85068e102eb56f46bf5e67355e8e1321f2140458764ae8facea516c0a8adc834
/home/test/data/VisA_20220922/chewinggum/Data/Images/Anomaly/044.JPG,1,0.6076632142066956,0.4933966,6d350930cc9c57921ea06534f229b53dc9d6e760df15515fc0e6ca94e158e0a7
/home/test/data/VisA_20220922/chewinggum/Data/Images/Anomaly/045.JPG,1,0.7461389899253845,0.69469804,bfdc5e2c0592dd805680c7955a7180538f1cdc2429e833207cffcbb89447ae27
/home/test/data/VisA_20220922/chewinggum/Data/Images/Anomaly/046.JPG,1,0.7690802216529846,0.72381836,52a6616b73d87632ade0cb57942c8b56ce30ee18e6cb8cc590a3222fb120469f
/home/test/data/VisA_20220922/chewinggum/Data/Images/Anomaly/047.JPG,1,0.581303060054779,0.555605,780ca71c967832799575a1365c22fe884cbd8fa2f698c1b3392e5eee08115b13
/home/test/data/VisA_20220922/chewinggum/Data/Images/Anomaly/048.JPG,1,0.7279754281044006,0.68215054,e69dfd1fd8e12537fd45955109f4309100da4a327c3c20b5bdbff2fd0ede1f78
/home/test/data/VisA_20220922/chewinggum/Data/Images/Anomaly/049.JPG,1,0.6893056035041809,0.6405831,ce697f14ebf94ff7ab68aafd1c0fd033893021c53504051de8595a2a952dbafa
/home/test/data/VisA_20220922/chewinggum/Data/Images/Anomaly/050.JPG,1,0.6757646203041077,0.6241977,42fed712555376761b8c14182c0aa99cc6a307a3d0d06864ecb34f413261d60c
/home/test/data/VisA_20220922/chewinggum/Data/Images/Anomaly/051.JPG,1,0.7981867790222168,0.72468406,9564167c70caabef9bf3415b153c0e885d23b1b283ec8d8885b2c368a378cbd6
/home/test/data/VisA_20220922/chewinggum/Data/Images/Anomaly/052.JPG,1,0.7154240012168884,0.66417474,a92b025d0e1a5a6bb6aebf951077601708fc56b97b8e4baf301a1f08c0d02d4b
/home/test/data/VisA_20220922/chewinggum/Data/Images/Anomaly/053.JPG,1,0.793105959892273,0.8062866,1f490f56a701b58080fc5af12e2a7ec901e61b46ac2d98d1edccc78d50db1d2b
/home/test/data/VisA_20220922/chewinggum/Data/Images/Anomaly/054.JPG,1,0.6113819479942322,0.550713,65f4be0362b2ca3fae482efa598fd409c38fb7665f71bb0f1101a6c9a0c6acaa
/home/test/data/VisA_20220922/chewinggum/Data/Images/Anomaly/055.JPG,1,0.581303060054779,0.54632443,51c61c33f78c060c638a401560950116a50015f7aa823139f3f335af793e9b6f
/home/test/data/VisA_20220922/chewinggum/Data/Images/Anomaly/056.JPG,1,0.6893056035041809,0.61938983,87b3161d7f9e7d318610d841b8917ce370f2a49783594646b6396f9c83cbacfb
/home/test/data/VisA_20220922/chewinggum/Data/Images/Anomaly/057.JPG,1,0.793105959892273,0.8278796,70cb1c721caa548b359a865b6860196ff108e691f36a8aab396c54deb0a18974
/home/test/data/VisA_20220922/chewinggum/Data/Images/Anomaly/058.JPG,1,0.6334102749824524,0.6102029,aee76fb8b46988be09be5958cba31785124377041c96e59472552f8ae88773ef
/home/test/data/VisA_20220922/chewinggum/Data/Images/Anomaly/059.JPG,1,0.7745833992958069,0.8195885,a2fbde5fe940480bf703d59ba3ceedeb138e7e20414eab75293187e2f8f5f5f5
/home/test/data/VisA_20220922/chewinggum/Data/Images/Anomaly/060.JPG,1,0.8056321740150452,0.83644384,0e0cfa7aff1a0df18f343620224fb8e7c135d53395cccc4d7e095ee16164be09
/home/test/data/VisA_20220922/chewinggum/Data/Images/Anomaly/061.JPG,1,0.8104788661003113,0.81188965,1a0749f79e85a552d78da9ca9d3b04bf788d5d87d483b62658841a9529ae7831
/home/test/data/VisA_20220922/chewinggum/Data/Images/Anomaly/062.JPG,1,0.6959583163261414,0.66341645,8c5e1096fc23386468c52a2e5b8453d829dd5a3dfc9b3ec824f78f4d1dfc7064
/home/test/data/VisA_20220922/chewinggum/Data/Images/Anomaly/063.JPG,1,0.740174412727356,0.73927623,0b4104eb712b377a298b49f3d4add85167d68158fddfdcfb618ad9afbd6360d0
/home/test/data/VisA_20220922/chewinggum/Data/Images/Anomaly/064.JPG,1,0.7217432260513306,0.71509653,2a1350c2f8f91d44b06273df91c2839e8ab3d3c5e5a2471bc8e7fddb6948ae67
/home/test/data/VisA_20220922/chewinggum/Data/Images/Anomaly/065.JPG,1,0.562176525592804,0.36949214,2e75e13a34c8921e5f8c786d46254793747cfe662e192d7f0fea44051c19349d
/home/test/data/VisA_20220922/chewinggum/Data/Images/Anomaly/066.JPG,1,0.5888891220092773,0.3759121,cdef8cf2b6b64aa36e7763f019f45a9b2e085da7777f1fa5f47fec3af6fac0ca
/home/test/data/VisA_20220922/chewinggum/Data/Images/Anomaly/067.JPG,1,0.5926666259765625,0.39976275,68818c27ae66bcd4aee993b0bb19cf12226efb77e54114ac4af69295f44df886
/home/test/data/VisA_20220922/chewinggum/Data/Images/Anomaly/068.JPG,1,0.46490156650543213,0.22156298,3ce0f3e42125d6cc3a08e8c9333cd9c7d3075c504ac41cb88fa58f5bc7752a67
/home/test/data/VisA_20220922/chewinggum/Data/Images/Anomaly/069.JPG,1,0.5156199336051941,0.2605698,4e168af94bc17da900449a8658e4cfcb589b5752a6b8178f4afeeb16ebb2eaf0
/home/test/data/VisA_20220922/chewinggum/Data/Images/Anomaly/070.JPG,1,0.5039061903953552,0.321161,085bf1931c80651ce31c066b7415e9e41bd93a153eca5c875204280d0f1ec4ee
/home/test/data/VisA_20220922/chewinggum/Data/Images/Anomaly/071.JPG,1,0.5039061903953552,0.23660906,557259b07037152af53c8c6976950dde121bdee9f116aecefd1e7f8ff14910ec
/home/test/data/VisA_20220922/chewinggum/Data/Images/Anomaly/072.JPG,1,0.43014732003211975,0.18211114,c0bc30c58f0985f8e30b34ac4284deed8a85d52b45689551ec81a77a3002ec83
/home/test/data/VisA_20220922/chewinggum/Data/Images/Anomaly/073.JPG,1,0.4339814782142639,0.1433042,3c11d989b5c84b4606235ea80a98044c9658333b494d17b073a3c74665ac2bbd
/home/test/data/VisA_20220922/chewinggum/Data/Images/Anomaly/074.JPG,1,0.531209409236908,0.28792533,8765af5e09c593b0fd56d1f5100e66d641a7e8fd294673dfa714aec58a820823
/home/test/data/VisA_20220922/chewinggum/Data/Images/Anomaly/075.JPG,1,0.5273165106773376,0.36581504,1d854e719dbbc7c5bba8f9b0bd93022c956fd1b4daf34ffcdc12ab3f562732fc
/home/test/data/VisA_20220922/chewinggum/Data/Images/Anomaly/076.JPG,1,0.740174412727356,0.61570174,914bce5b250e3928e16f147374f8e55629caf63082a972ce5cf773e0c0676783
/home/test/data/VisA_20220922/chewinggum/Data/Images/Anomaly/077.JPG,1,0.6076632142066956,0.49842966,13e84be859a6e4a3e197cb0e2e355701151226259bee8b9f6dc42c3d00369493
/home/test/data/VisA_20220922/chewinggum/Data/Images/Anomaly/078.JPG,1,0.6297746300697327,0.502548,35754241b659ceef9e3e6827099627fd829707a81433eeb930cad8869df39dda
/home/test/data/VisA_20220922/chewinggum/Data/Images/Anomaly/079.JPG,1,0.5698526501655579,0.40436128,8b6d6b310c17712bfb382439ca7d3ce5183d8a1cfbac3b098d338c7ef4ae5689
/home/test/data/VisA_20220922/chewinggum/Data/Images/Anomaly/080.JPG,1,0.5350984334945679,0.36047578,0db8450ef6a7cd4dd9a7d6755bc847a01b775a92cb59f366b1e963496c2c1670
/home/test/data/VisA_20220922/chewinggum/Data/Images/Anomaly/081.JPG,1,0.6442251205444336,0.51293546,0705521994f3d32442b63ad6be7d4bb1f8ed2c74ebf98223c7462946ecc9e33b
/home/test/data/VisA_20220922/chewinggum/Data/Images/Anomaly/082.JPG,1,0.5389832258224487,0.35709128,3ab16eea64147181e8d950da802ca0d8181838f6b08f3b77fb74dfbf9cce3a21
/home/test/data/VisA_20220922/chewinggum/Data/Images/Anomaly/083.JPG,1,0.637030839920044,0.52279145,ad2e4d173597fc1bc09dd4c73b99a766c1a52aa78b8ab77ca5f8f4d9958c5714
/home/test/data/VisA_20220922/chewinggum/Data/Images/Anomaly/084.JPG,1,0.5851011276245117,0.39973602,7542b60ea6425c2ec12682ed6b6f5ee291926682cdf7152e13bef0d83159752e
/home/test/data/VisA_20220922/chewinggum/Data/Images/Anomaly/085.JPG,1,0.5888891220092773,0.43429002,138ce067f8b2cf9b7d06f35734d26ae165567bf99cf39795384a02d48ef1ed7a
/home/test/data/VisA_20220922/chewinggum/Data/Images/Anomaly/086.JPG,1,0.5736784338951111,0.38154697,1b4a1879acb4ebc6cd5fe22072cc2df6341ebc8caf1db866c3872de5782cf4fa
/home/test/data/VisA_20220922/chewinggum/Data/Images/Anomaly/087.JPG,1,0.6442251205444336,0.549059,efe20cfc65a60f70a157fc5710d42f708797163869c51de6b834c62268863526
/home/test/data/VisA_20220922/chewinggum/Data/Images/Anomaly/088.JPG,1,0.6584175229072571,0.5514136,cf3a3d78b9f97639927063ffdd832b2b9beb2e7c7dc5cb25b12ecade4ad60762
/home/test/data/VisA_20220922/chewinggum/Data/Images/Anomaly/089.JPG,1,0.49609383940696716,0.30613247,1dbd72c588de4510c6acc5ba5cf2e237c205e6022cca07bb110573c20ffad622
/home/test/data/VisA_20220922/chewinggum/Data/Images/Anomaly/090.JPG,1,0.7154240012168884,0.5670988,c3a9e70314569e89ac5cb5e96e8db1396cb641f39d913238d6c427806d44c535
/home/test/data/VisA_20220922/chewinggum/Data/Images/Anomaly/091.JPG,1,0.5350984334945679,0.30233034,e6247fcf3929002695cf0dceccc3ca050db4d2f9a3263b4d706f1c527b59033c
/home/test/data/VisA_20220922/chewinggum/Data/Images/Anomaly/092.JPG,1,0.5117166042327881,0.26291314,9224d618fea6d292ca9c4f959303751304d32a63a2cd56465534a2f15452fb54
/home/test/data/VisA_20220922/chewinggum/Data/Images/Anomaly/093.JPG,1,0.7310585379600525,0.61318773,a930873aae6d225aad123d8079b750e3669cdb3e3056c7bd3d4e3d5201fc31c2
/home/test/data/VisA_20220922/chewinggum/Data/Images/Anomaly/094.JPG,1,0.6001883149147034,0.4407619,835a3ea99474bbba90d0f07cf5cf4cbddb2906fb6d8e17e914aaadfc9b4588d1
/home/test/data/VisA_20220922/chewinggum/Data/Images/Anomaly/095.JPG,1,0.5583269596099854,0.43596897,6d49de58c1b72093cd959dcb4605bcb342ecf9781dd208ece15fd375a86fd62f
/home/test/data/VisA_20220922/chewinggum/Data/Images/Anomaly/096.JPG,1,0.5389832258224487,0.3250591,f6ab9b92c6df04961f07c9ca1865736360f1b435cebf1f5fabbbe109a0034439
/home/test/data/VisA_20220922/chewinggum/Data/Images/Anomaly/097.JPG,1,0.5583269596099854,0.3052926,88709f2b9550041f51e9ea3b321a5aa39242306f336eee934e988c4503a28b42
/home/test/data/VisA_20220922/chewinggum/Data/Images/Anomaly/098.JPG,1,0.6619228720664978,0.49314618,7d1f3f7d39fabb1075fcaf806eb317b01d5062038294b462a90fe7b18284d9fb
/home/test/data/VisA_20220922/chewinggum/Data/Images/Anomaly/099.JPG,1,0.5156199336051941,0.25287887,2714d0b0e4eee98f8e4419c8f7f4b476469d7b207d219308cc9b6c57dcb740a6
