image_path,label,score
/home/test/data/mvtec/toothbrush/test/defective/000.png,1,17134.908203125
/home/test/data/mvtec/toothbrush/test/defective/001.png,1,7088.46484375
/home/test/data/mvtec/toothbrush/test/defective/002.png,1,12259.8115234375
/home/test/data/mvtec/toothbrush/test/defective/003.png,1,8261.755859375
/home/test/data/mvtec/toothbrush/test/defective/004.png,1,7293.14306640625
/home/test/data/mvtec/toothbrush/test/defective/005.png,1,21579.74609375
/home/test/data/mvtec/toothbrush/test/defective/006.png,1,5962.234375
/home/test/data/mvtec/toothbrush/test/defective/007.png,1,7063.3203125
/home/test/data/mvtec/toothbrush/test/defective/008.png,1,10254.6455078125
/home/test/data/mvtec/toothbrush/test/defective/009.png,1,12356.1142578125
/home/test/data/mvtec/toothbrush/test/defective/010.png,1,12494.7314453125
/home/test/data/mvtec/toothbrush/test/defective/011.png,1,7837.904296875
/home/test/data/mvtec/toothbrush/test/defective/012.png,1,12755.208984375
/home/test/data/mvtec/toothbrush/test/defective/013.png,1,12810.9736328125
/home/test/data/mvtec/toothbrush/test/defective/014.png,1,29235.439453125
/home/test/data/mvtec/toothbrush/test/defective/015.png,1,12907.2109375
/home/test/data/mvtec/toothbrush/test/defective/016.png,1,20496.40234375
/home/test/data/mvtec/toothbrush/test/defective/017.png,1,14583.6337890625
/home/test/data/mvtec/toothbrush/test/defective/018.png,1,8120.220703125
/home/test/data/mvtec/toothbrush/test/defective/019.png,1,25895.119140625
/home/test/data/mvtec/toothbrush/test/defective/020.png,1,13455.279296875
/home/test/data/mvtec/toothbrush/test/defective/021.png,1,6372.29833984375
/home/test/data/mvtec/toothbrush/test/defective/022.png,1,20633.3984375
/home/test/data/mvtec/toothbrush/test/defective/023.png,1,18244.474609375
/home/test/data/mvtec/toothbrush/test/defective/024.png,1,11877.5810546875
/home/test/data/mvtec/toothbrush/test/defective/025.png,1,18915.22265625
/home/test/data/mvtec/toothbrush/test/defective/026.png,1,71224.125
/home/test/data/mvtec/toothbrush/test/defective/027.png,1,12644.1171875
/home/test/data/mvtec/toothbrush/test/defective/028.png,1,9252.3583984375
/home/test/data/mvtec/toothbrush/test/defective/029.png,1,10077.009765625
/home/test/data/mvtec/toothbrush/test/good/000.png,0,7069.19189453125
/home/test/data/mvtec/toothbrush/test/good/001.png,0,5973.8935546875
/home/test/data/mvtec/toothbrush/test/good/002.png,0,7241.71044921875
/home/test/data/mvtec/toothbrush/test/good/003.png,0,7080.14453125
/home/test/data/mvtec/toothbrush/test/good/004.png,0,7155.16015625
/home/test/data/mvtec/toothbrush/test/good/005.png,0,10872.57421875
/home/test/data/mvtec/toothbrush/test/good/006.png,0,21986.0546875
/home/test/data/mvtec/toothbrush/test/good/007.png,0,24694.701171875
/home/test/data/mvtec/toothbrush/test/good/008.png,0,8257.546875
/home/test/data/mvtec/toothbrush/test/good/009.png,0,6351.7333984375
/home/test/data/mvtec/toothbrush/test/good/010.png,0,6816.380859375
/home/test/data/mvtec/toothbrush/test/good/011.png,0,6504.865234375
