image_path,label,score,sha256
/home/test/data/mvtec/transistor/test/bent_lead/000.png,1,0.469918429851532,82bf661fb868a80558fc45f4fc356c96888bf26827005a57aea6aa707e13483a
/home/test/data/mvtec/transistor/test/bent_lead/001.png,1,0.6322935223579407,d323ab217af2705401d821d0902e0a6e6a970352811b059af4d41bc91b98f581
/home/test/data/mvtec/transistor/test/bent_lead/002.png,1,0.5055438280105591,df3ea1445492ec319f2f5dc5468db5e083905992777adf8e24694922bee68c9f
/home/test/data/mvtec/transistor/test/bent_lead/003.png,1,0.520613431930542,857bbae2a4166fe061bb597b0ed5f9a4bb42acc3a2c018db174bc02de4de59c5
/home/test/data/mvtec/transistor/test/bent_lead/004.png,1,0.2002561390399933,daf6bae8d0d1c2fd8910ad72e20641047bb684a806e2edb85171b6504c6fb8a6
/home/test/data/mvtec/transistor/test/bent_lead/005.png,1,0.5277745723724365,b6a69d4503e69581d4846258dee337d0b4d0e6a0d79f702df6bad8ff35b5bb88
/home/test/data/mvtec/transistor/test/bent_lead/006.png,1,0.7659745812416077,be1c8ab4a558a6d5563d988e1b49fde83c0398947908cb849137d462a2cd0da5
/home/test/data/mvtec/transistor/test/bent_lead/007.png,1,0.5789538025856018,3d83e7d3b23239b484e62e8fe2c7e0fb2710a04a7d4a9107e38b37df434da172
/home/test/data/mvtec/transistor/test/bent_lead/008.png,1,0.7583408355712891,a6f2ea8f091943a856bdd48282f4d2b095b25d3b28b9b890ac6572903fda9343
/home/test/data/mvtec/transistor/test/bent_lead/009.png,1,0.5570745468139648,d94e4336f8c15c41ed1fdbb3a904f4c6d48accb797c0bd0ce424359ad1ad18ec
/home/test/data/mvtec/transistor/test/cut_lead/000.png,1,0.3706567883491516,f4ab373b9ffe8a94b0bf4586c17c610b84c5e8e374b90c1bc082a07a7a7b7d8b
/home/test/data/mvtec/transistor/test/cut_lead/001.png,1,0.38494381308555603,76797f50e4cd4bfa1c53dab1f80409c4ee90b75f231a8f545efbef793e1e1fec
/home/test/data/mvtec/transistor/test/cut_lead/002.png,1,0.3045903444290161,c3d0fdaade0c56377f8aace3549b53ed1b8df2302d444572d2ae5f516db83345
/home/test/data/mvtec/transistor/test/cut_lead/003.png,1,0.22547493875026703,b7f616807dea69d9ab44caf18b4fd2d2704ad7185d79c04871fb11a762f3e6e9
/home/test/data/mvtec/transistor/test/cut_lead/004.png,1,0.24299836158752441,c4e025310eb9ee2d281e5a704ee6cb43ca2fb4c3a3dd07c4295fcbea29b0db8b
/home/test/data/mvtec/transistor/test/cut_lead/005.png,1,0.15413017570972443,37d6d29ececc6e1c497d3e67a625c318a2024a0a865aa29df44028d528f35395
/home/test/data/mvtec/transistor/test/cut_lead/006.png,1,0.1502431035041809,4beab5fec71718ef9874639b3bd779ef479bf6f0ba8c0e793f8af19171e9a98e
/home/test/data/mvtec/transistor/test/cut_lead/007.png,1,0.1325826346874237,25d10e06c39285d3305500736455f682855abb491852fa7a3e62c98f98b018df
/home/test/data/mvtec/transistor/test/cut_lead/008.png,1,0.05907604098320007,e4669daa3f1502f03286a449b91c849fdc5f86c8da172754c29c09e167653fd6
/home/test/data/mvtec/transistor/test/cut_lead/009.png,1,0.24711933732032776,2dacaa0333191ac09ee4358c8ac4e568b1fd1db8a1926032deffc1a6dcfce780
/home/test/data/mvtec/transistor/test/damaged_case/000.png,1,0.712989330291748,29b14f810c60417fb81d595ed198f9fb9ff4a7bbdb413f278e21d03dbcc70643
/home/test/data/mvtec/transistor/test/damaged_case/001.png,1,0.8963146209716797,80f0d646f934adfcb2c1332f94b66a62c5df207840f163e2a330cac4ee9ed71e
/home/test/data/mvtec/transistor/test/damaged_case/002.png,1,0.7189918756484985,7d5bd841ff7cdabe75c4ce8bf45980f4467b0ebc861efeebbb777b037364e21e
/home/test/data/mvtec/transistor/test/damaged_case/003.png,1,0.6823948621749878,e8379a0728738931aa3e03af44219eea3f3bc1884495f767e35f9926ac3f05d3
/home/test/data/mvtec/transistor/test/damaged_case/004.png,1,0.8092130422592163,daba807599cf3619b324536b15cb1a18dd06ce26e3bb0acc1a455d875929d6f1
/home/test/data/mvtec/transistor/test/damaged_case/005.png,1,0.7822867631912231,c635b47f300d0e291ff61ba7724c85cfa4867a0fa33b32c8ac971d170b95b518
/home/test/data/mvtec/transistor/test/damaged_case/006.png,1,0.6469985246658325,499bb8c600997248aba0a408eaa442beca38a60c4c4ae43b8b56ed0a2dc39bb0
/home/test/data/mvtec/transistor/test/damaged_case/007.png,1,0.3827269375324249,a6f5a7c2c97b3c88378d391229a18ca8de82bb263b01b0901a89eb193779e287
/home/test/data/mvtec/transistor/test/damaged_case/008.png,1,0.9550763368606567,cd9c19cd2ff8831b94b5cba61de566726bfc382e9710831fd2831900b6fb641e
/home/test/data/mvtec/transistor/test/damaged_case/009.png,1,0.8156655430793762,2bb54f831fe49c7531f197dd673dc22f1aaefdec8f0cb418c43dd1dd359d3257
/home/test/data/mvtec/transistor/test/good/000.png,0,0.10413151979446411,b343892f2c2c79017885445e1594c52cba12d939e7c50d3cae083ff2ca33478b
/home/test/data/mvtec/transistor/test/good/001.png,0,0.03200773894786835,b3b884f75d62ceb511a7fbc127eed03d6ffdab911fb2ed30b39c90358e812ded
/home/test/data/mvtec/transistor/test/good/002.png,0,0.12894049286842346,812e1d34f47f81b7e333780505739957be9360c0f02855e6ab0697e7ee5fba31
/home/test/data/mvtec/transistor/test/good/003.png,0,0.08797231316566467,09a05570bfbc2d98b6978e3d52bdeb1a6b1d120caf2285a451f9599b5d1638aa
/home/test/data/mvtec/transistor/test/good/004.png,0,0.06610238552093506,7c91d10c02199683a7e3b46d88188a8d200c6b065f1af738966fc8892b6242e1
/home/test/data/mvtec/transistor/test/good/005.png,0,0.06696724146604538,7f2ffb1248a324690f3bf9438c7b64115dd675742c31f710f3e159ef4691e08d
/home/test/data/mvtec/transistor/test/good/006.png,0,0.07842747867107391,ebabca13adbd7eaaefc60711b1c315c5d38f06540fc2ffc6f8484bbea5a0bcf4
/home/test/data/mvtec/transistor/test/good/007.png,0,0.14914914965629578,05c7b24367a7bdc03527735fc6dba82817adfd535b23ee1be31c33bd8cf6607f
/home/test/data/mvtec/transistor/test/good/008.png,0,0.4776681959629059,aaac4303b5ecf4e91ea0afe13ea55a76bc03c85ea49da1cc305e6eec4b396aa4
/home/test/data/mvtec/transistor/test/good/009.png,0,0.04929950460791588,e39ae4c92e5c689ee434f903dffca2e1560d603cd683774588dbc86a81408283
/home/test/data/mvtec/transistor/test/good/010.png,0,0.10243271291255951,4e6203faf405f13e06905fbde08bc1ccd99697305e34823d1e7d335befe68fdb
/home/test/data/mvtec/transistor/test/good/011.png,0,0.12898370623588562,92071494bed89247dfee942f2d56338783f950972fd0607e91456d7c46d2e378
/home/test/data/mvtec/transistor/test/good/012.png,0,0.09089549630880356,ccace7435c9ef0a711a4babe3009a59053ac197993325bccb87937d297d25e8d
/home/test/data/mvtec/transistor/test/good/013.png,0,0.045041751116514206,83c4198707f01a3251300580d1bbb489413d4643862b45974653d1af67d2f509
/home/test/data/mvtec/transistor/test/good/014.png,0,0.0668819397687912,9d5161f3e42527e1daade2142ce26eeba98d908b77d57fdc2e977b494f8121c7
/home/test/data/mvtec/transistor/test/good/015.png,0,0.06484231352806091,372cd059adb1cfebe3a6db04a21e5a770b24d0ea771527d5c450dcc8aef2ebfb
/home/test/data/mvtec/transistor/test/good/016.png,0,0.040295328944921494,09d4bd5977da1ca86da3381cee7d5e648baf7fbe280f12782ca04a428498e7e4
/home/test/data/mvtec/transistor/test/good/017.png,0,0.14002402126789093,e80dfed8b06995bcf5dae06ae5d428aa6485af13a4ded48f45d3e574f0214a3b
/home/test/data/mvtec/transistor/test/good/018.png,0,0.2556034028530121,9b80184db8f6978ac804bce0876278ac4d0140d2b320a0dcd78039728655bc40
/home/test/data/mvtec/transistor/test/good/019.png,0,0.37477943301200867,ea1313c1d23ba37aafc552a6391113cc261a4c24f871c2a36a7f0e3be01d4bb1
/home/test/data/mvtec/transistor/test/good/020.png,0,0.030680738389492035,373db82d6b2f728236a97b289278e662f03a5ae079c2e4f40e4baa26b4182ce6
/home/test/data/mvtec/transistor/test/good/021.png,0,0.24382740259170532,36b7bcab8290fc43a36e2cf535544f5b0a4054d8e7943ebaec226aead2c042d1
/home/test/data/mvtec/transistor/test/good/022.png,0,0.05591971054673195,2c8c4fce80a3d354c5baeba8db235b2e8dfbee1603c4a587c64f8e56df1f6597
/home/test/data/mvtec/transistor/test/good/023.png,0,0.1498768925666809,f21364b1a8a2171e62c5dd1c9743d6495831dd56f3d82f42d67bc5daa79be623
/home/test/data/mvtec/transistor/test/good/024.png,0,0.11857298761606216,7bc981d723661e67b4d50afafc8defcd38e3fce441e9d40be069bac48a69de77
/home/test/data/mvtec/transistor/test/good/025.png,0,0.18699911236763,ab390cac11b23426e3e4c9f7b409985fa92937d77f496890f6d107f841536a0a
/home/test/data/mvtec/transistor/test/good/026.png,0,0.11201241612434387,c206a57ca482146181e13da0b65b2513ce7cdfd5079d5d5d7e9fa66ec4e7570c
/home/test/data/mvtec/transistor/test/good/027.png,0,0.23872143030166626,b8542392ea528dc0736fc858f44e8fb831908644b8a8a81f4f3ca8df04b14296
/home/test/data/mvtec/transistor/test/good/028.png,0,0.18451400101184845,4e56c826c52a47aec159647f44c12e6c9e43b2ae7aba7e1821302a6d88b7a8d4
/home/test/data/mvtec/transistor/test/good/029.png,0,0.0864100381731987,023c2f5cbb3585caa7b8ad265495d8bc617b3621cac53e176254473971922b9f
/home/test/data/mvtec/transistor/test/good/030.png,0,0.048700060695409775,bfbe0aa47d3191a40d2f7a44099340d3e42a7d8b4919f01d41709abd3d9350cb
/home/test/data/mvtec/transistor/test/good/031.png,0,0.04469064995646477,df9cf207c7b1e141d6e0983025b2d42e64776c3aede8c272481568b7c4f3eff8
/home/test/data/mvtec/transistor/test/good/032.png,0,0.08167733997106552,eac4e4f45e9b7f68b11e7c9601de7f01b323490529759a3faedb6abb77c61e35
/home/test/data/mvtec/transistor/test/good/033.png,0,0.07442838698625565,619f982b985494418ede863e2406c1d138ba2a3d63796adfbcb0c45bc4707899
/home/test/data/mvtec/transistor/test/good/034.png,0,0.057893235236406326,e9313248835fce819b2aa6c909159a3be7674a5b034a6abf42fa369d7e78a31f
/home/test/data/mvtec/transistor/test/good/035.png,0,0.10461649298667908,950ed6b33c78dfcfcd38a0829bb2cefd8a050fdd099230b97177d280a474ea26
/home/test/data/mvtec/transistor/test/good/036.png,0,0.053209658712148666,54f96485d1a314fc9865caf1913f14dc76a1dc9a98397cba53c9c0fb7c79f66b
/home/test/data/mvtec/transistor/test/good/037.png,0,0.044595763087272644,0ea54e13b6968daca380521809d401223da988fb3107575ca2d9aa402431d9e9
/home/test/data/mvtec/transistor/test/good/038.png,0,0.08365556597709656,e49823adb3e86e7e928244ca59136ec23ef05e2f2f1e8fb4330a7a935f7b73e0
/home/test/data/mvtec/transistor/test/good/039.png,0,0.02593172900378704,640adebb51e2d88cf5b5b3556b3303af0472b2429eb91b91a8c8c3e84ce8da58
/home/test/data/mvtec/transistor/test/good/040.png,0,0.09227505326271057,2b2d88a231011c6b215a916e3d21512d2e5e325f720ced3023253c715836dec8
/home/test/data/mvtec/transistor/test/good/041.png,0,0.1224965825676918,60608a8d07c59b045d15f00dc7e4462f56c3248e4e0fcce3e4c4b8d2f6642242
/home/test/data/mvtec/transistor/test/good/042.png,0,0.19708608090877533,427c8433189cba137e4c3be70f3d78931f5e0fcbd459a2385494e2de34cf25ba
/home/test/data/mvtec/transistor/test/good/043.png,0,0.08778795599937439,2fdfc5a48b4be0ee07941087df49a82b025f57f886316b8dcc85d4f8feb41980
/home/test/data/mvtec/transistor/test/good/044.png,0,0.20736153423786163,0cb2a5976a6ff5d0a66915b680b43b74d37ea8e4166fb10756c023ca7b4cb8fb
/home/test/data/mvtec/transistor/test/good/045.png,0,0.08404771983623505,20044aa1fd2c5a0f7a779901b2d73480e8eee7d5cd46197d4a11124f135cb803
/home/test/data/mvtec/transistor/test/good/046.png,0,0.42623084783554077,827e69244c8e213841ef917481a5b75e0e540eae0ff2a63d18e7d0691a9610e5
/home/test/data/mvtec/transistor/test/good/047.png,0,0.036398373544216156,fd9d2f0c687f63808c158b1851fc885d4466b36e9c029de8e64e22869adfb3f3
/home/test/data/mvtec/transistor/test/good/048.png,0,0.08295535296201706,b3594312c1fb5f126e3e95a0e7f48385d6f83d932fa63a56354b1d43555bcb1e
/home/test/data/mvtec/transistor/test/good/049.png,0,0.07136555761098862,e1e3b26a9cd9c7c51cc83911019cc3822eeaac34121ed0372f15adbe4a6f7282
/home/test/data/mvtec/transistor/test/good/050.png,0,0.051827795803546906,4f6455e099d35e1c6f238842347af2d4f657f307b0b30d88a9febe0220845a91
/home/test/data/mvtec/transistor/test/good/051.png,0,0.08498633652925491,34cb6b38a99116b68059012406f5d216bfd8a67842eff28e2294d7e67dbd6134
/home/test/data/mvtec/transistor/test/good/052.png,0,0.18932221829891205,7cd8dfb6114cd7a906a74ab8874e1848fc32a2e7917154342bfb31cbae5bfd7a
/home/test/data/mvtec/transistor/test/good/053.png,0,0.27473536133766174,75e339cf7b01108815f08c10f4e7987a9813e9d27678bd5a6c1c07f6c14826b2
/home/test/data/mvtec/transistor/test/good/054.png,0,0.15517450869083405,00819dc7f2534c9f58a9d650b035700808748447f37b01b569c272df632c3caa
/home/test/data/mvtec/transistor/test/good/055.png,0,0.10530593991279602,1f4e6a7067dfa5e988d6b1697478cbb3068e4066b22dec5bfbe068f85fb56667
/home/test/data/mvtec/transistor/test/good/056.png,0,0.21947719156742096,48da6154fad0fdd176cfc1619c118da22803cfd2daa74446fc66e888220abf26
/home/test/data/mvtec/transistor/test/good/057.png,0,0.05229538679122925,d51378df52c64fb5b8532227e5f11eab48f03a35fd7bb07325be6b91f7445122
/home/test/data/mvtec/transistor/test/good/058.png,0,0.36212605237960815,2ff00a713914e32e119bac96a0c407f5b3c6e69781bf57f4d637a3b1da62dc23
/home/test/data/mvtec/transistor/test/good/059.png,0,0.15120461583137512,43fa18f50c54f96d554b44573b933dce9cac1d355df82c84d46bdbac5cb87206
/home/test/data/mvtec/transistor/test/misplaced/000.png,1,0.7112545967102051,9ff15394285b7c54e7c7c05f668bdf5ba63a8f60fa2703b3234a918114527d10
/home/test/data/mvtec/transistor/test/misplaced/001.png,1,0.7351853847503662,135c5fafb8133a8fb5706a651c3bd2a67e8fa428ba9d827119a41a5766f284e5
/home/test/data/mvtec/transistor/test/misplaced/002.png,1,0.4971734881401062,39aa3785ed25512eec3392723c28015392857cce9e5298ca2474ad998ac540c5
/home/test/data/mvtec/transistor/test/misplaced/003.png,1,0.41311877965927124,aa84cece7d86638f308adf7152a9b5c63ce6de493a87bda96a62df251c9abfec
/home/test/data/mvtec/transistor/test/misplaced/004.png,1,0.8287637233734131,4ca5acf99c39ffc86dee85ede75257ae848bca7ee99b7f10eab3d85a7d2517a7
/home/test/data/mvtec/transistor/test/misplaced/005.png,1,0.7280411124229431,fa0789d64a9174fe6180c18c718d1aa28c22cd3e760dc643c7f4a2f23603b88d
/home/test/data/mvtec/transistor/test/misplaced/006.png,1,0.7066028714179993,bd731cabf35e8081935c73f0076a9e5d5a50149cf767b0cec21f7cfac5916cd1
/home/test/data/mvtec/transistor/test/misplaced/007.png,1,0.9028510451316833,e169b4cf81a2f091c2016499f2616827a82115572d84730c159ae2d71ad112ec
/home/test/data/mvtec/transistor/test/misplaced/008.png,1,0.9546193480491638,ee8b9b5490a6ceb942bdc86bd5a1aa55712366d2b9036e955a081599618d2977
/home/test/data/mvtec/transistor/test/misplaced/009.png,1,0.9073477983474731,61efe1ad36768581b11432762ebec4ddfa16d8d5fbbad6aaa21d3e72a6b06975
