image_path,sha256,label,score
/home/test/data/mvtec/tile/test/crack/000.png,d10be1f6ec065f83d54c03b4093d7d87dfcc77617d8eb0df9f5a053aece4becf,1,0.6689497232437134
/home/test/data/mvtec/tile/test/crack/001.png,3800ee4d98148c859eb56bd5a9350ce6be768dc24fcd2203e3e36e3414defb5a,1,0.6810852885246277
/home/test/data/mvtec/tile/test/crack/002.png,6dbe8d621a2a2d24ec5a3fd03d034063858e3007e1d5e1bb9f8440cbc91846cc,1,0.8006740808486938
/home/test/data/mvtec/tile/test/crack/003.png,59dc8ce1dc39774120b61e3e1d670d4b198a16c3dfdca58b13f2d9a9b2ceb4b2,1,0.610787570476532
/home/test/data/mvtec/tile/test/crack/004.png,2514d77178ab82111517e4616e0acffd937dcd6e637b61d5f4876e05060fa3b8,1,0.8361334800720215
/home/test/data/mvtec/tile/test/crack/005.png,938435e2a921f293b281b3aa1f422983d6c748c6bd3986132280787e090c1c0a,1,0.4514264762401581
/home/test/data/mvtec/tile/test/crack/006.png,3b89160799f05206a130b8f535d402d3026d1d817b07304b26004ad342ec3963,1,0.8968901038169861
/home/test/data/mvtec/tile/test/crack/007.png,225f5f8842f36bf81286344a804d8835ea59a4bba107fa84640f0424f9ae0e74,1,0.6898736357688904
/home/test/data/mvtec/tile/test/crack/008.png,dcebe4d302db4b26947635c8b92c04fd7c2ab422dcf5b200c105b2ffcdf01c08,1,0.6637789011001587
/home/test/data/mvtec/tile/test/crack/009.png,99524e3b79276c09172cb06f084690ebb4907b71ba5d9a80e295a8f21b198369,1,0.7264502048492432
/home/test/data/mvtec/tile/test/crack/010.png,3147a26044e455f2d7d56a235ab99b77b94247bbb95b00441fcb39fd7d53f8ce,1,1.0
/home/test/data/mvtec/tile/test/crack/011.png,72db28be0c9f6dc53a6c31c26c2d0a7080227b048db965ff7efc882fc03e0baf,1,0.6487586498260498
/home/test/data/mvtec/tile/test/crack/012.png,b068a0db244884e45ff581c344ff4d3a68ca6ea08ca26fa4cc5ef2057d32701f,1,0.6942514181137085
/home/test/data/mvtec/tile/test/crack/013.png,cfdefd92b1376ed179785b82c42abc72b481bc0986ef8ad96ebdee0094141e3f,1,0.6155654788017273
/home/test/data/mvtec/tile/test/crack/014.png,984f4bf61568861292a45dd02d7cd44d6f64f0c7b072923b5b13f5008c9f3a73,1,0.9590852856636047
/home/test/data/mvtec/tile/test/crack/015.png,035d6f36ebc3de5492fc92896e3805e9be16d61cbbefb964a38409ae7e12a59b,1,0.6465263962745667
/home/test/data/mvtec/tile/test/crack/016.png,34752df557bba13c45f3a3720ad1faf11a6ac76e5340ab3b22a2452a287f7160,1,0.5822826027870178
/home/test/data/mvtec/tile/test/glue_strip/000.png,789bf3426655aed432ea611d9c62354d6a43d13efb0acaacd27a49de851e65f6,1,0.7710697650909424
/home/test/data/mvtec/tile/test/glue_strip/001.png,cb9bffe1fa32c62cec0afcf88fa17add4483b16fa2ce1b17bbd62256c576f0a3,1,0.49495574831962585
/home/test/data/mvtec/tile/test/glue_strip/002.png,f2735e60b0d37cb4b5bd6e8f4cf2b3b2f2d76c0bbab3880914ec56a444425fba,1,0.5244445204734802
/home/test/data/mvtec/tile/test/glue_strip/003.png,ed60f426f6404c6b8c3dd7ba126a2320c1ab9442dbaa3e475d12a8be630b1cee,1,0.3908565640449524
/home/test/data/mvtec/tile/test/glue_strip/004.png,025fb362cbf1ca6077adee8e7b100bfb100746c0a84b6a70b840aa47697b0f10,1,0.6811410784721375
/home/test/data/mvtec/tile/test/glue_strip/005.png,5a0c857ca5877b7c24c3f55b4e12a094683a3386e3f3d33515c605cce560c0fc,1,0.46176257729530334
/home/test/data/mvtec/tile/test/glue_strip/006.png,4f746615fecc20880925bb8919b041f16ab498327c8c5ee7911aea7ed6260f55,1,0.5118207335472107
/home/test/data/mvtec/tile/test/glue_strip/007.png,95a8e1528672c64de318ec442aa4a98f80a6e87eaff50a565fdabeb5375a25f9,1,0.41038984060287476
/home/test/data/mvtec/tile/test/glue_strip/008.png,ad1023ee4e2e2240ba3f762888561b57747d1b3f2bda3c9657a9e02f397b5c8f,1,0.6081953644752502
/home/test/data/mvtec/tile/test/glue_strip/009.png,e927dcf53466f0606274ef4ee0080767b57218b0b7090d09b9cd5dbf15c71353,1,0.5146722793579102
/home/test/data/mvtec/tile/test/glue_strip/010.png,0b8ba11dac1cf650782076d686a90fcdbeff2b2cbd0671cb1dd35dedbf3bb78b,1,0.4531109929084778
/home/test/data/mvtec/tile/test/glue_strip/011.png,d73de51330b0ae5100c512ebfed59eb8347a536b12fc26f0a20d331889f8877c,1,0.5983352661132812
/home/test/data/mvtec/tile/test/glue_strip/012.png,7dec2433c10be3192975cf9b65501fc4f246cc4c4d78699138ab4b95c4cf9c4b,1,0.6793777346611023
/home/test/data/mvtec/tile/test/glue_strip/013.png,baaca0ce264720c3d3e615bc53854be8b1f0640a9dcd0f37137665e574866499,1,0.4831960201263428
/home/test/data/mvtec/tile/test/glue_strip/014.png,ca83e8c487a9cf6cdb608ceea68234bbaaddf7764b1647effbbba4161d96edaa,1,0.4699685871601105
/home/test/data/mvtec/tile/test/glue_strip/015.png,b438be1bfef36f836160e5d94b349c5a4adcd93b503325e7807df30e27d17fdf,1,0.4738650321960449
/home/test/data/mvtec/tile/test/glue_strip/016.png,7a21df26efc01ae8edbb277f0411a22efaf72088587e47a9413bcaca1d2fac74,1,0.3364036977291107
/home/test/data/mvtec/tile/test/glue_strip/017.png,b826808b3c2c0a246a7df1b3c2ccfe4d3ab640b8ea7cb379e99259d2d5085169,1,0.6510298848152161
/home/test/data/mvtec/tile/test/good/000.png,179ff21a9d65e9e6371c6383ffa970adfa04502725a3c4d654e08d8377c0b781,0,0.2012241929769516
/home/test/data/mvtec/tile/test/good/001.png,770946f93f0ccd8a7595954b0861876c697729cbe05e9fafc57d0f9e8cba5ec8,0,0.28238192200660706
/home/test/data/mvtec/tile/test/good/002.png,ad5e3490a4383604d6be5597342eb6236060280ebe16f29fc7d4b641413b4ce3,0,0.2192377746105194
/home/test/data/mvtec/tile/test/good/003.png,56791af1addff97add7f104c229198ac686ec47f4e55fff88ace22d1c9764ce3,0,0.23636262118816376
/home/test/data/mvtec/tile/test/good/004.png,55c5b09f1468bdcdcfe6bcd006ffb18fe57c03cbf7f297dc613c27c9a4a529b7,0,0.2394333779811859
/home/test/data/mvtec/tile/test/good/005.png,905c233eef1caca99d54dba85308825176ebe792e87f0521b5a2211f7414eb97,0,0.2175975888967514
/home/test/data/mvtec/tile/test/good/006.png,221eb8dea8e785515fa1edb67f5a14680d63d902765a693315ada242f847df6e,0,0.2544776201248169
/home/test/data/mvtec/tile/test/good/007.png,ce1a28683d27c18c60074f90ad84e214e64ccd55dd5e5ef6b7953e4a5585e42e,0,0.2624777853488922
/home/test/data/mvtec/tile/test/good/008.png,07d413e6d377e9256f65f3173e8cae38db5e722b702286befa0816d63c9b6fff,0,0.21830196678638458
/home/test/data/mvtec/tile/test/good/009.png,96a8cabcd54e30ee7bc88c07246124ab8614e016a8453ef5ef5a920e8a1e348b,0,0.2056480348110199
/home/test/data/mvtec/tile/test/good/010.png,e426f5d1279a771870c1c77288e70183a73e9088b6a0709bc3240e8adc94c50d,0,0.20054090023040771
/home/test/data/mvtec/tile/test/good/011.png,3fde39bb5eecb444dad9a347d285e614f55c611237375a939f10ebf5ec00d802,0,0.23475190997123718
/home/test/data/mvtec/tile/test/good/012.png,262913657d71397e3c10d98f1430e4fb359770c297d41bbacf194979e5311a08,0,0.23424746096134186
/home/test/data/mvtec/tile/test/good/013.png,47f60fe7d6ed65b6bf0cb00b6315e8075178a950077e5ea7d0215b79535ff39f,0,0.20922456681728363
/home/test/data/mvtec/tile/test/good/014.png,4b45ee963ccebe89faf22009dfc004d0be9ff40d601f913f8020b90ceca01b27,0,0.1814737170934677
/home/test/data/mvtec/tile/test/good/015.png,2f17c797abe2ce59b466e0d04b5f03bb39e3cd9226d38ff02d4a79c9739d4a86,0,0.24057553708553314
/home/test/data/mvtec/tile/test/good/016.png,5a289452dab654571c0f6c36b80c30baaf082a709e4334ab6a6885c35324b3cd,0,0.26955193281173706
/home/test/data/mvtec/tile/test/good/017.png,5e0b3e6003e8500c6162b059fdec8b8e4f1d9d0c5d5c1b982bd5c3458bccc03a,0,0.32861143350601196
/home/test/data/mvtec/tile/test/good/018.png,63f751203a11395314d5d848c700887cbc09b8fc200f068f3c3b8785d1c61f4c,0,0.23017413914203644
/home/test/data/mvtec/tile/test/good/019.png,1d0b49bce9ced5daa524fd3009927fa6ce8891ec7a9e275fe11e10174df91b31,0,0.2941673994064331
/home/test/data/mvtec/tile/test/good/020.png,423cba8b4e78549fb42f8f70902836c8c2c908a1745c3663bba68f23226b208c,0,0.2378755360841751
/home/test/data/mvtec/tile/test/good/021.png,e166c7758f7c5dbb13eeaba52a163cb88e3a19e993531a483d842276824fe884,0,0.2348843514919281
/home/test/data/mvtec/tile/test/good/022.png,a858e01a51aa31631edc4c762ea609f76ff6fd849422d1bdb561308df7fb69c0,0,0.20779862999916077
/home/test/data/mvtec/tile/test/good/023.png,86611fbba0e65e9d797dadf386c145e548b7954782b21fd2a65e213f9c87b3e8,0,0.26775458455085754
/home/test/data/mvtec/tile/test/good/024.png,deb505efe09a74787bc1f62261ffa1751194264f097b9f88a233e7e6608b5860,0,0.2295805960893631
/home/test/data/mvtec/tile/test/good/025.png,d1a2482aeb3b15836f44246f5373167243736ca50069f70c1c7b8b64b9ee7f07,0,0.2941811978816986
/home/test/data/mvtec/tile/test/good/026.png,5a0c93924ce941799664d4b3f0d679128212a34b3a9bc95e16d6ef6c13076436,0,0.23610985279083252
/home/test/data/mvtec/tile/test/good/027.png,3fa24074fb1c656de9ad72837951c7cbdde46ab075322154f7dd11ffaf8bf2b3,0,0.25389912724494934
/home/test/data/mvtec/tile/test/good/028.png,f55ab6bb7ca0fbd0577aed3940f31189fe399831a57ca6ea29ac322b96816237,0,0.24680037796497345
/home/test/data/mvtec/tile/test/good/029.png,f1b84bc0da1a9db17b78c6f7c7d6265af59cf6e743b18d13e2ea458918086fa3,0,0.23444026708602905
/home/test/data/mvtec/tile/test/good/030.png,5cf872bcf9916e9fae4060eb2feb2a7a2f5d1f2e825f4ecd24c42c2353a094a2,0,0.16714712977409363
/home/test/data/mvtec/tile/test/good/031.png,b60db6b64bc6a2fe219910f7ae34342ee14668afe95444a476cb66eeea886695,0,0.2139180451631546
/home/test/data/mvtec/tile/test/good/032.png,0359712c21e4d31fc3e974a5b363f9e7d29a349db0251092bd0b627b7be718cc,0,0.19594624638557434
/home/test/data/mvtec/tile/test/gray_stroke/000.png,687ee96b4b356dfa87e49b78a807dcdf026f80705801d6e670578648c5d3bba2,1,0.41187867522239685
/home/test/data/mvtec/tile/test/gray_stroke/001.png,e6d931df7005c0e958ec4da16c606546d77e25e41e37f2b83f8135b74770ff26,1,0.29581794142723083
/home/test/data/mvtec/tile/test/gray_stroke/002.png,63d54aa8081dcbbf8dd2de8e0bba5696d83f09df06d9d325335ed4d26eafa3fe,1,0.24293527007102966
/home/test/data/mvtec/tile/test/gray_stroke/003.png,5b7247a73d2d0f58410fa3dd777f8c43fc5dc7ae9a35c49512e8d9abf459973c,1,0.3003655672073364
/home/test/data/mvtec/tile/test/gray_stroke/004.png,d723b9c45531c84562f7c22946a64c365805ef1d2b91827ff6532422547e17b2,1,0.35230958461761475
/home/test/data/mvtec/tile/test/gray_stroke/005.png,46a38ad033acdc2fd6294b006e781c1d2f08c9a21e1e97ce4c45161188c92231,1,0.28850892186164856
/home/test/data/mvtec/tile/test/gray_stroke/006.png,e7a489e1b17da90413292abe242ad6203109992569c34855ecd2a6c979d23dd6,1,0.39003708958625793
/home/test/data/mvtec/tile/test/gray_stroke/007.png,c42c297f8aab7ca565935d4c723e88c4daf9e7ff1ed688bd53d88a5ed9966464,1,0.39183613657951355
/home/test/data/mvtec/tile/test/gray_stroke/008.png,f480d2b9bdba7a3ed9bf1746bf06fea5211cde23770e1989334b81a3f3fb3e68,1,0.583181619644165
/home/test/data/mvtec/tile/test/gray_stroke/009.png,cbd26dc2d5d6f78792fab7e5cd0ac0403ae8993fef2707e8d54f30e50d1675af,1,0.3687114417552948
/home/test/data/mvtec/tile/test/gray_stroke/010.png,5f864308f674a2bd526888357b1486953bce7eeb42eb261afdb58943d354e149,1,0.4066251814365387
/home/test/data/mvtec/tile/test/gray_stroke/011.png,243a6d9c384b3b9ab4319483ac1787211c891c04df66fabd8649af75c25d47bf,1,0.6021909117698669
/home/test/data/mvtec/tile/test/gray_stroke/012.png,5186f90aa1a7015cdfc94136dd083792384025f0e5b7870a08f7b90e83d9f811,1,0.2559831440448761
/home/test/data/mvtec/tile/test/gray_stroke/013.png,d922e31b661578f8d8acabb3cecf9db77933392806a69d17c4f74f841a4bc267,1,0.5151932835578918
/home/test/data/mvtec/tile/test/gray_stroke/014.png,7ff0c94dd33cde6ffe27d76622b3e86509fb03dcc0fc6a0204a054c65b5df3df,1,0.3076929450035095
/home/test/data/mvtec/tile/test/gray_stroke/015.png,29291e48a86c1bb4fb597a7958dee18d9d7fe077d8567ecd698a229e8e2675b7,1,0.2956072986125946
/home/test/data/mvtec/tile/test/oil/000.png,cce758df17a18b3d60e54b367bec27639dd48d83cfee1f7546d80058188ba130,1,0.5520162582397461
/home/test/data/mvtec/tile/test/oil/001.png,8d47f96cd4437c4848454bd60b46def1a7c470b5ee9e842891f02a346de744d2,1,0.5935311317443848
/home/test/data/mvtec/tile/test/oil/002.png,af4711cdd10c0164949362d4133654eec065a2ba8c34c671209f4c633b38b653,1,0.6299977898597717
/home/test/data/mvtec/tile/test/oil/003.png,3738ab51cea0f00439b1263219f138c04fb925c2d12e835990f9608ddf88b7de,1,0.5863569974899292
/home/test/data/mvtec/tile/test/oil/004.png,313d7c96b4653b2057c739ead59d4d55771af945d6b8278edb91ac5efa10f8fe,1,0.5726156234741211
/home/test/data/mvtec/tile/test/oil/005.png,c9e884fafa003df7948b2fff2e02fceaa5b6678344e71ee92e134a433d0ed4d7,1,0.594857394695282
/home/test/data/mvtec/tile/test/oil/006.png,72542770d427f7959240cf3887ed7e6b5cf34d68c1f2684e8f6e44958a7018a1,1,0.5911750793457031
/home/test/data/mvtec/tile/test/oil/007.png,d3cf0dddcf7102f0064428a3d76af8282c750254ccbe369b1dd253206b6db6ca,1,0.6978813409805298
/home/test/data/mvtec/tile/test/oil/008.png,54e44e20750dc25a396539533362ecf65ae47ac8481175541daf8e424af4de28,1,0.6130045652389526
/home/test/data/mvtec/tile/test/oil/009.png,6bd32ec96d337b9e0da78985720302a4446721eed67d9497836cad01e6cf2a3d,1,0.5525213479995728
/home/test/data/mvtec/tile/test/oil/010.png,10e4768a7cfed870775547b4c86ff1ceb8a0a02fd09f2e11d8dd130e31628545,1,0.5777498483657837
/home/test/data/mvtec/tile/test/oil/011.png,c3daf27a0785dd49aca650546a8b0be821d2700c98f5cd836f53c9f8168ab90d,1,0.6004675030708313
/home/test/data/mvtec/tile/test/oil/012.png,767f8f64b335174675dadf5fa453e7e4a120c378e403401985bc96ec0e2d2bb0,1,0.6500918865203857
/home/test/data/mvtec/tile/test/oil/013.png,963647bb687d89d63f86379f52791b8c15a2e215aab244873e041a3e42b158b7,1,0.65323406457901
/home/test/data/mvtec/tile/test/oil/014.png,ed5426be3817996c2d9a1542c8ca782b7237edc2b8728a8c82a74dcba0772e06,1,0.5793927311897278
/home/test/data/mvtec/tile/test/oil/015.png,6cf80b7fbcf0a2693e53c60345390655dbc74b9e23399df4148ea034227adc16,1,0.5238709449768066
/home/test/data/mvtec/tile/test/oil/016.png,da569fd4ff1def579e3ae8cd4af081fdad8281972d46751ec62746b6f0353bb7,1,0.4637780487537384
/home/test/data/mvtec/tile/test/oil/017.png,e727e1f1939beecc73c47d6a7687eb565831e5c4d9a6ed9f935b3d37d15647eb,1,0.451131671667099
/home/test/data/mvtec/tile/test/rough/000.png,02e34713dbf8db192267e62b44134b555e419c13b2a1d24460257e76a7a8155d,1,0.33646440505981445
/home/test/data/mvtec/tile/test/rough/001.png,5508d71470f59e96183a8035fb90d63f050f3324e4884ef03f856528a4107d13,1,0.45487818121910095
/home/test/data/mvtec/tile/test/rough/002.png,92293a662b469d481fc6ee6c57e933b167affe61d82245f24ce0ff17c706bc86,1,0.3330111503601074
/home/test/data/mvtec/tile/test/rough/003.png,d73047c162e651440cad7224e66394235920f9d28d2e2e1f664edbdfc901e471,1,0.4584352374076843
/home/test/data/mvtec/tile/test/rough/004.png,9b85431679c66802c9d2294a775c5a904660d2387f3b8470b24a8af9ec2e46e7,1,0.4786127209663391
/home/test/data/mvtec/tile/test/rough/005.png,1733d7861ace59e573ab5a7a9376b4c5be6ebee8bdd2ed87491bd0a617bbed33,1,0.2920675277709961
/home/test/data/mvtec/tile/test/rough/006.png,bb218ab0648f7e1a6acbf8fdf82d964d17a349886ebf9bb4c954ff0b156bf8b5,1,0.28883519768714905
/home/test/data/mvtec/tile/test/rough/007.png,677df4df71517a80c0b941f4f001beb4f557e1272666eaea39146405da9041a3,1,0.567341685295105
/home/test/data/mvtec/tile/test/rough/008.png,2a30aa536fe23bbd4c6fe300a11f11e0c19956c4d53b926a4cda93a0f2f57f8c,1,0.5872157216072083
/home/test/data/mvtec/tile/test/rough/009.png,3b3977c07abfe407862a5903220de8285c6096c5cd7b5fc12bed337fca52de2b,1,0.4674418866634369
/home/test/data/mvtec/tile/test/rough/010.png,a241b9cda66556d1771d67caaadb4dd0c6741c0c30eef295752c50b6416eeda0,1,0.871479868888855
/home/test/data/mvtec/tile/test/rough/011.png,b1eeaf419d23e5f617948d5c8ac006c4b40a7d9939b537df4681d02bbf965bf9,1,0.8506606817245483
/home/test/data/mvtec/tile/test/rough/012.png,594d97646f2197f11962b805bc9081d269a159bd82e6979d103596bc43de1a63,1,0.8780234456062317
/home/test/data/mvtec/tile/test/rough/013.png,8563ca3021b6a9c0360e6d57119491734f693b1bba3c6dee16d2eeb86f17cc80,1,0.46585559844970703
/home/test/data/mvtec/tile/test/rough/014.png,b862ae4c2a41ff7a683aaa774ff1ce5bc169d8f1ffa31e9f0e64b7ba8df1c742,1,0.41592347621917725
