dataset,shot,category,round,n_images,image_auroc,image_f1_max,image_ap,pixel_auroc,pixel_f1_max,pixel_ap,aupro
mvtec,4,bottle,0,83,0.9777777777777779,0.9677419354838709,0.9932168298849249,0.9545750824342772,0.6279850944811475,0.5706457798851146,0.8677740160982486
mvtec,4,bottle,1,83,0.9952380952380953,0.9838709677419354,0.9985458985458984,0.9640207277649768,0.669949061909789,0.6087682548704414,0.8744634168896147
mvtec,4,bottle,2,83,0.9730158730158731,0.9692307692307692,0.9897344251326596,0.9675684581853655,0.6713004101769376,0.6140590554478945,0.9148777572213062
mvtec,4,bottle,3,83,0.9761904761904763,0.9843749999999999,0.9909766520694285,0.9420056566673712,0.6491182015607475,0.5765509705381542,0.8766404988683977
mvtec,4,bottle,4,83,0.9928571428571429,0.9841269841269841,0.9977030597662229,0.9511067448857348,0.6513516063936353,0.5907226139719927,0.8593276710076828
mvtec,4,bottle,5,83,0.984920634920635,0.9843749999999999,0.9946595511607745,0.9303442859023475,0.6248516602852601,0.5557164808470594,0.8819765079920803
mvtec,4,bottle,6,83,0.9746031746031747,0.9692307692307692,0.9916013365003178,0.9180735658101938,0.5922501329003755,0.5184856597388512,0.8468031031572022
mvtec,4,bottle,7,83,0.9833333333333333,0.9767441860465117,0.9940887271856951,0.9486139846725201,0.6462324069818361,0.571200593577257,0.9021429248468578
mvtec,4,bottle,8,83,0.9912698412698413,0.9843749999999999,0.9971657180427504,0.9409911114930198,0.6422936776340623,0.5743594675060222,0.8602137041785838
mvtec,4,bottle,9,83,0.9674603174603175,0.9682539682539683,0.9887899957972548,0.9599098839941246,0.6507023199838365,0.5854497618430887,0.868166098086871
mvtec,8,bottle,0,83,0.9928571428571429,0.976,0.9978343399142628,0.9632546744357258,0.6703861248349856,0.6044773230236252,0.9048590565930489
mvtec,8,bottle,1,83,0.9944444444444445,0.9843749999999999,0.9982347877410014,0.9677642376990201,0.689739473375557,0.6301443740030556,0.894484403217041
mvtec,8,bottle,2,83,0.9928571428571429,0.9767441860465117,0.997781779905121,0.9618568042627371,0.6763034178073104,0.6127306773986658,0.9025793019645515
mvtec,8,bottle,3,83,0.9888888888888888,0.9921259842519685,0.9961161021368834,0.9641988702980177,0.6785316785316785,0.6128757214867108,0.906912649514799
mvtec,8,bottle,4,83,0.9904761904761904,0.9921259842519685,0.9967325880474869,0.960150598878164,0.6750315889512468,0.6117481862954842,0.9009059121166617
mvtec,8,bottle,5,83,0.9785714285714285,0.9767441860465117,0.9920465397364708,0.9588332539515236,0.6716346853458419,0.6083458224553548,0.864331205087054
mvtec,8,bottle,6,83,0.980952380952381,0.9692307692307692,0.9936027157310183,0.948749980039809,0.6657995512042565,0.5938892505153387,0.8891949216460815
mvtec,8,bottle,7,83,1.0,1.0,0.9999999999999998,0.9668374570735087,0.6912167714766391,0.6264820889546581,0.9049293483037893
mvtec,8,bottle,8,83,0.9936507936507937,0.9767441860465117,0.998001687507901,0.9711337766729488,0.690652840837241,0.6295605997534617,0.8846391184694715
mvtec,8,bottle,9,83,0.9984126984126984,0.9921259842519685,0.999500031494079,0.9702060172481564,0.6820835331947628,0.6206959079825455,0.9183828349893799
mvtec,4,cable,0,150,0.6915292353823088,0.7841409691629956,0.7825302020086471,0.7804166418238891,0.18695369530742129,0.12334052773034729,0.5377945640427071
mvtec,4,cable,1,150,0.7035232383808095,0.7822222222222223,0.8004166795046942,0.7754896345666447,0.18343755261767491,0.12321425134829764,0.5208332153895084
mvtec,4,cable,2,150,0.6785982008995503,0.7677725118483413,0.7743330516074456,0.8111854612791212,0.20384308490233088,0.13547449277977125,0.5849063572233588
