category,index,image_path,sha256,label,score
leather,0,/home/test/data/mvtec/leather/test/color/000.png,c0bc61600c97dede10e577255c6d40c66412b8350b830582a3e128c3a868a34e,1,0.43829360604286194
leather,1,/home/test/data/mvtec/leather/test/color/001.png,07718fe06a5248c43f692e97dae3c43d37135826929bce33e29466f16bc68458,1,0.21893644332885742
leather,2,/home/test/data/mvtec/leather/test/color/002.png,49f486a4c4c138f00b2e550b716bb58d89add7e04b84bda101cef7c97eac3c01,1,0.04135889187455177
leather,3,/home/test/data/mvtec/leather/test/color/003.png,8a7960b3c4b70a927a09f4c6862a40777510547541385c33002b0ec38658234f,1,0.02021527662873268
leather,4,/home/test/data/mvtec/leather/test/color/004.png,e853e2f5463f5120043616a49c1bdddf8a5e38b68b09584c117584fb8b5551e5,1,0.010136603377759457
leather,5,/home/test/data/mvtec/leather/test/color/005.png,8ac039f41e22c1affa681dc630fa423b5b0cb987e98a4a85b3dc13ba7d8e1bda,1,0.19783318042755127
leather,6,/home/test/data/mvtec/leather/test/color/006.png,723c61ff929cc2e572787d55bb7361aadab2669fb9ab48efd2a09fe84d1ac38c,1,0.1248675212264061
leather,7,/home/test/data/mvtec/leather/test/color/007.png,cb3ab76da7b5ba5c48b98384c10cd4c1473950a77654b0863538e5415f86ea83,1,0.06636936962604523
leather,8,/home/test/data/mvtec/leather/test/color/008.png,bf228dcb4472af9307825e366d868a86dd435cc9cc971cec77e0dd63c9388536,1,0.05649208649992943
leather,9,/home/test/data/mvtec/leather/test/color/009.png,9189d2f770f182d38f460bb828a5e7ad7cc990c75a73baff2e5fa0d2de7019e9,1,0.047064799815416336
leather,10,/home/test/data/mvtec/leather/test/color/010.png,f37ce518b751bcb287b028640b7a091dce9159c256637df58b5d24157fa6da54,1,0.13335999846458435
leather,11,/home/test/data/mvtec/leather/test/color/011.png,2475dae537f3920db4a4b8dee52d1ab8e048e9498132a457273dd4c32949cdfb,1,0.20931604504585266
leather,12,/home/test/data/mvtec/leather/test/color/012.png,79ffa0c51dc943e775f54683d04b6ede019a38e7b2c9260852c26fd2d2229020,1,0.060068853199481964
leather,13,/home/test/data/mvtec/leather/test/color/013.png,be636830ff2631ac55d7e9d85d02b43a170a5b25549fc40444f8dee88b56182a,1,0.08880633115768433
leather,14,/home/test/data/mvtec/leather/test/color/014.png,144d39853a97884fd35fed91f1ed10843fbe7494cd6a0b90869bdfb5a550ff71,1,0.08000607043504715
leather,15,/home/test/data/mvtec/leather/test/color/015.png,ca32681c8b5b3b9e7dd4c3e5a0e980a1aee64db601ef7c6fdd73ee9b62c14af4,1,0.14443491399288177
leather,16,/home/test/data/mvtec/leather/test/color/016.png,137ccc714f44edcac5ed6e478eb22563a44d1b5e83eb56463d542fcbd4aa76d6,1,0.07397805154323578
leather,17,/home/test/data/mvtec/leather/test/color/017.png,f5008900ec91e4a0f6f6e1c6b9b84fa9f1674f30b3646a5fb15e75100d6f546e,1,0.014211812987923622
leather,18,/home/test/data/mvtec/leather/test/color/018.png,ac3faf35b3498ffe31c25bcb704a8da6ce5ad035f5e92e3fc927be8fad73afd1,1,0.08475207537412643
leather,19,/home/test/data/mvtec/leather/test/cut/000.png,d362fb12f480398438d29250d99e9420c632addd65dcb4b837b4c5c3bbf9b154,1,0.24259167909622192
leather,20,/home/test/data/mvtec/leather/test/cut/001.png,6e1f471049729cdb236636bfb4cac61f55a79394d526aecfbeea202672fc7f16,1,0.27930542826652527
leather,21,/home/test/data/mvtec/leather/test/cut/002.png,8fe3fd8682d0fbfc2ee936569ac1d5ce9bce4d1b875fdece40b530358d55ff5a,1,0.0302311759442091
leather,22,/home/test/data/mvtec/leather/test/cut/003.png,d785862910de3aaeabdc974700378c250a5be51131e2494f65f15804dd10f4ad,1,0.2478397786617279
leather,23,/home/test/data/mvtec/leather/test/cut/004.png,24e332c2d4386b487d95dee58d952765d4b36961d9f093f1cbc0aed86e7a09a9,1,0.1832098662853241
leather,24,/home/test/data/mvtec/leather/test/cut/005.png,2b8b8e2a281a19159ce4001f7865ab7e303fc46fb3f824f4f81d9e1c5525ee81,1,0.060709867626428604
leather,25,/home/test/data/mvtec/leather/test/cut/006.png,fdb2866f270c442c461f90d05eba7c9a3e070870429663313a1ac7d34d9567d0,1,0.10607108473777771
leather,26,/home/test/data/mvtec/leather/test/cut/007.png,52a57266f6d836a621e6d22f414a849070b745d6cb5ad62d72295911e2f4460f,1,0.39320629835128784
leather,27,/home/test/data/mvtec/leather/test/cut/008.png,1d969bbbfa6563bdf081c4ce43413bb94c94696bf25f9028421fe31fa414a5cb,1,0.08910849690437317
leather,28,/home/test/data/mvtec/leather/test/cut/009.png,ee63b06d0fb9b228d3ba3d60501561c34d913edc715ce894a2d402c38ecaf9ea,1,0.06632133573293686
leather,29,/home/test/data/mvtec/leather/test/cut/010.png,5dfe0fd2e4fa9605cf79264b156b4b79600a862fbb65489b8049f87f21965d7c,1,0.06586495786905289
leather,30,/home/test/data/mvtec/leather/test/cut/011.png,18134a142464a2ce44ed79bec95dc046b08529dd8fa7d597e769ca7b9a3c087b,1,0.03234333172440529
leather,31,/home/test/data/mvtec/leather/test/cut/012.png,5f57397cd4aef31ffd9adf88df7062732a9d95b996a6c9749ec24376650534a8,1,0.2766074538230896
leather,32,/home/test/data/mvtec/leather/test/cut/013.png,6b3cfca20175236e60123cb75fcdb0eebe95ea9a2557ec4e8a39c98a33bda263,1,0.07176749408245087
leather,33,/home/test/data/mvtec/leather/test/cut/014.png,7a5aa0dbc332f6eaf2a1ee81f6878cbaf1804b6a2a6ef03b0d87b5960574b407,1,0.01739717647433281
leather,34,/home/test/data/mvtec/leather/test/cut/015.png,0973fc013df79c000aa3f029a4af9baa88539bb0bc220342b9e6aa9dfcd28d17,1,0.05434511974453926
leather,35,/home/test/data/mvtec/leather/test/cut/016.png,498a8d748ec0b355f5d8ae02d23e37eebb80431601119923616987669e29bba9,1,0.43749821186065674
leather,36,/home/test/data/mvtec/leather/test/cut/017.png,ec80017b9e400e345a87372247fb160e35f0ac08e4b322331e89ee09edcd8bad,1,0.1569792777299881
leather,37,/home/test/data/mvtec/leather/test/cut/018.png,00e5c8308608cecb143ac8b6e1691293a0021ca942e0844002ed359c15506045,1,0.3273550271987915
leather,38,/home/test/data/mvtec/leather/test/fold/000.png,7324fcdb26d017bcd1100e2d96dcb2c57d05f09aa36bcf5544c3d47b654900ca,1,0.23746833205223083
leather,39,/home/test/data/mvtec/leather/test/fold/001.png,08157c3a881d967885b7cbae7cb307a132f8b89cce49f04fd39334a9d83aad36,1,0.09270044416189194
leather,40,/home/test/data/mvtec/leather/test/fold/002.png,a82b7953a42d6652643f20ca54833e97e862ac6d9b9a14ba7ac7953bf5723a7c,1,0.08604223281145096
leather,41,/home/test/data/mvtec/leather/test/fold/003.png,a7849aaf2d3003a3d8071bb20d709a95fb311bb4ed475c1bc3d8d40a9180aa50,1,0.14233966171741486
leather,42,/home/test/data/mvtec/leather/test/fold/004.png,59b88a5b29bc4d9bf9b6449a6021cd4a3d2fd7900b76846e068b716a74d948aa,1,0.13622547686100006
leather,43,/home/test/data/mvtec/leather/test/fold/005.png,68b12fff492949a05d05b243a6eae45172ec87deb335d322a24b701f62f0403a,1,0.26540181040763855
leather,44,/home/test/data/mvtec/leather/test/fold/006.png,9feb028b8ae880b3abe01e5122180e5d7b5dc317e1a2d71d2f45dd2f9a760ac1,1,0.07725739479064941
leather,45,/home/test/data/mvtec/leather/test/fold/007.png,255745f4ad04c13b3e8d1be7ce1d79a15a747ad2be13297868a33348fefb696a,1,0.09251613169908524
leather,46,/home/test/data/mvtec/leather/test/fold/008.png,cfd276011431087b5e5bac13695c0447c5f707056cb6b411f0812decdcb6e37e,1,0.0832892507314682
leather,47,/home/test/data/mvtec/leather/test/fold/009.png,821dcc89b0cee5c7e13505173ce1f3f111b6e82f8e050635e7fb4f50564ee4e0,1,0.25517258048057556
leather,48,/home/test/data/mvtec/leather/test/fold/010.png,4df4eea15eddb56f4090a7c2dc1ca0cd7d60ee0d615b7d7fa724274fb42ad726,1,0.1355646550655365
leather,49,/home/test/data/mvtec/leather/test/fold/011.png,216adec28e8f60e506e84204c2658b4180b9d256b39f77420f15bedab57620cf,1,0.051172275096178055
leather,50,/home/test/data/mvtec/leather/test/fold/012.png,4edfe5fc85c9cbbe0eaeb27c900932bc6e2d1b972dd246f9d4cd03da490c8f74,1,0.11100463569164276
leather,51,/home/test/data/mvtec/leather/test/fold/013.png,924fe4d7bc40c0372578b1cb641134d8ad573fec6fbd0fed70aaf83d48f9c167,1,0.03951011970639229
leather,52,/home/test/data/mvtec/leather/test/fold/014.png,da9a8bd5d6f4d9664ca65e214023dd208ded45d186e045449d21eef654127508,1,0.20333215594291687
leather,53,/home/test/data/mvtec/leather/test/fold/015.png,296d8ec00b206d523b4821651477f77ee5ac40f058b4d993332fd27581f6183f,1,0.23751376569271088
leather,54,/home/test/data/mvtec/leather/test/fold/016.png,39b9c4fc8b7d2fa9bce16314b75a7921dbca363fada40e950bed0eab40c7a022,1,0.2690609097480774
leather,55,/home/test/data/mvtec/leather/test/glue/000.png,b348c65f7a12d1b512be800fa8f8beaddb596f69a68466f93c678eabb7de1a38,1,0.6309537291526794
leather,56,/home/test/data/mvtec/leather/test/glue/001.png,0fabcfe77ea8f864a84946388eec2e920efc4e8a74688e375fe8148758e3e638,1,0.3183925151824951
leather,57,/home/test/data/mvtec/leather/test/glue/002.png,1f231c7fd27a8fbcc11bc0e12d317004b73a095e80b76ff723ecf1232d12de1b,1,0.30372703075408936
leather,58,/home/test/data/mvtec/leather/test/glue/003.png,3df652f11342b9d2cde04702eee12c227d29532795a3c3d0b13e7b124d1ba1b6,1,0.27840352058410645
leather,59,/home/test/data/mvtec/leather/test/glue/004.png,088c2fd7f1ca003c8bcaf7bc523086310b19a86eb7eaa803570380eff6b0745b,1,0.1657555103302002
leather,60,/home/test/data/mvtec/leather/test/glue/005.png,79cae4f8ccef1617af45abe2b58d481080259499292f5e864c8ab2ac95835a73,1,0.8663998246192932
leather,61,/home/test/data/mvtec/leather/test/glue/006.png,83dc2ae473415af0bc4fa086e40b87da2bad2199dfc011a98471a0ab0de12089,1,0.2869657874107361
leather,62,/home/test/data/mvtec/leather/test/glue/007.png,c01d7d8e742f7f9f90d5a3df98957745fa440924bc710dad35be5de287eeb53b,1,0.8367536664009094
leather,63,/home/test/data/mvtec/leather/test/glue/008.png,523c3857c61c3d07e09b0a228c8b15d4247b9c1a03d8e103b98ab65f831df1b3,1,0.6964218616485596
leather,64,/home/test/data/mvtec/leather/test/glue/009.png,ece2643da68441c3420e13227625014678cc91ccc67a3efe974f3b4991db0fcf,1,0.15981444716453552
leather,65,/home/test/data/mvtec/leather/test/glue/010.png,dfed3bb68d0a5f61618c7a4ef08e6b4bf61c9c5d7045ed5896af70a8fd872aae,1,0.032093606889247894
leather,66,/home/test/data/mvtec/leather/test/glue/011.png,d1e753ed1662dd8207dfff12bcc34f1b8cb27911c188baaef48a1763085128ef,1,0.47083064913749695
leather,67,/home/test/data/mvtec/leather/test/glue/012.png,1f3c35edc6d97cec2a991063487bc965cc0831abfb00f8254dcdf8804265d7eb,1,0.19609899818897247
leather,68,/home/test/data/mvtec/leather/test/glue/013.png,531a02ba825c9d97d235b6023d9386e451313bbc5dedf7643b42b6f3ab86539d,1,0.7194823622703552
leather,69,/home/test/data/mvtec/leather/test/glue/014.png,bc848be2edd3a5e71a73eb28484222a48048fb9e64d64f276e0da7b5971382ce,1,0.9209522604942322
leather,70,/home/test/data/mvtec/leather/test/glue/015.png,67a034894d914dca79db705b4eb428354f18abba4c8a3c0241c9a73272601f99,1,1.0
leather,71,/home/test/data/mvtec/leather/test/glue/016.png,c32c46f9c69ab0af4759406e2e830dbdd392695f16512c893efe749e8f998b4c,1,0.25846588611602783
leather,72,/home/test/data/mvtec/leather/test/glue/017.png,9b3c19353add684f386ff13204617984b016ee5269291a88f353c6e2333cb9ce,1,0.5345208048820496
leather,73,/home/test/data/mvtec/leather/test/glue/018.png,f4ec5f47bb437b026c1c45901476e66333eadabbf5ec724612f02fd66fe85da4,1,0.5452780723571777
leather,74,/home/test/data/mvtec/leather/test/good/000.png,64609f35b4b8c88daf42fcc9c34d359d160ea9b88ac8c537a5a8e672b813c18a,0,0.004838868975639343
leather,75,/home/test/data/mvtec/leather/test/good/001.png,2f4333a152e75287ad36fee6b285e8a31dde7e66de77529e4af9386fbdf27ffa,0,0.005383370444178581
leather,76,/home/test/data/mvtec/leather/test/good/002.png,45cf969cea93fc721fb409709608dc66c469aaf72d9ee83fd79eb22aa4a3d1df,0,0.004277265630662441
leather,77,/home/test/data/mvtec/leather/test/good/003.png,c9b3727f94c5a87df5b16cb6a867eb8de467843afeac6a2d9d2d3b0b4ff62e07,0,0.0050595044158399105
leather,78,/home/test/data/mvtec/leather/test/good/004.png,aff5a0bcb366d6a9287b4f5bcbc6aaca455134e61d6ea354425a3d2d363fc3ed,0,0.004692601505666971
leather,79,/home/test/data/mvtec/leather/test/good/005.png,37e9167fb5c7aba77619a66e23c0df0af3869013d0664977b6a5a111f92114cb,0,0.004552654456347227
leather,80,/home/test/data/mvtec/leather/test/good/006.png,74a75c885d34c504082512819dfa422e8a6158960dd48487092357599498f3a6,0,0.004422011319547892
leather,81,/home/test/data/mvtec/leather/test/good/007.png,48c6e1062279ffb52d398ea2d03ff3040ae9e46fd94a4a0e01b1503e9158bf6b,0,0.004796988796442747
leather,82,/home/test/data/mvtec/leather/test/good/008.png,899b2d5fe28ffa37fcf29c5ca0d4088ed2bbfb4c04f3c2629c57fedb7db08363,0,0.004524195566773415
leather,83,/home/test/data/mvtec/leather/test/good/009.png,b06fe75831672b4e8f20cb9307a2d8e77ccc5f274e7f7a900bb1b4d013a07ab1,0,0.004767506383359432
leather,84,/home/test/data/mvtec/leather/test/good/010.png,1ed5c6ff91f27be40c9182256bb2f2c1302781fddfbdf3616553f97c0c17b6e5,0,0.004276584833860397
leather,85,/home/test/data/mvtec/leather/test/good/011.png,aaf28f6b65ca4e89502906a7b6c386ec41acb9c2c325d4709f53b020a307a0a2,0,0.004584190435707569
leather,86,/home/test/data/mvtec/leather/test/good/012.png,da0c40cb899ec97ec6ec01cad1c857f0a7a1bce533d3436b8c28ed0a4bfd2068,0,0.0044048926793038845
leather,87,/home/test/data/mvtec/leather/test/good/013.png,19ed2a03e901ec30f1fe8f1768fd122c7bc423ee4717b291baaa069f97d4db73,0,0.005085046403110027
leather,88,/home/test/data/mvtec/leather/test/good/014.png,ccb776dc86ab84be6ddc6b97a31f86201d112e6410f7da986f2876d8a3a20493,0,0.004731957800686359
leather,89,/home/test/data/mvtec/leather/test/good/015.png,e2c2bd54a2babcbe1ea42dc89c6326bf2e506d6fb4c252f3310c19b888676de1,0,0.00485532870516181
leather,90,/home/test/data/mvtec/leather/test/good/016.png,930e4c63949cdd34c70c4bc8a25696d10b3f3c8e84582dc28e50714b55a893ec,0,0.005046154838055372
leather,91,/home/test/data/mvtec/leather/test/good/017.png,88a0824937f3d4cb57a62b3d459f617e0c692721f60cbb40e2733128ccaa1ae9,0,0.005661387927830219
leather,92,/home/test/data/mvtec/leather/test/good/018.png,62532ae3f29ca1d55fabb58e52eeecf3a9162590139983ec0818e6878887e7f2,0,0.004514654166996479
leather,93,/home/test/data/mvtec/leather/test/good/019.png,9e87d1c8652c57d8b2c166a59b218419e467aa6ed36fb756eee9f7eb34c83922,0,0.004687255248427391
leather,94,/home/test/data/mvtec/leather/test/good/020.png,9fdf061607c23802af580702e89e8c079858660b0e6bf96a1059d9c6f7d6d5a3,0,0.004643769934773445
leather,95,/home/test/data/mvtec/leather/test/good/021.png,c38c1d6e473c43ba89acff3a44c067dae600e85e8a8cf49056da42c85fa83d3e,0,0.005059006158262491
leather,96,/home/test/data/mvtec/leather/test/good/022.png,af127ea37860eb41e072baef16354cf60b080969e023f3c301a65d5ba56cfc3a,0,0.004433772061020136
leather,97,/home/test/data/mvtec/leather/test/good/023.png,c070afa7ab1dd4b39a21e820b2ab80c5a4ec357ec3dca582983c99d8003f5c1e,0,0.004585236310958862
leather,98,/home/test/data/mvtec/leather/test/good/024.png,c1903350ac3c28d1dcd70efa685f621ed8e66757b8e17ae93a9783cc16913519,0,0.004361711908131838
leather,99,/home/test/data/mvtec/leather/test/good/025.png,4fbc5d1e2f7f69f860d9b51f74aae89dc1cc708e43a1cb01662b9039ace73e48,0,0.004383839201182127
leather,100,/home/test/data/mvtec/leather/test/good/026.png,922417a4a15dab57a86678c470c73336f0e81e3f3feeb79fc7413ed27bb86a0f,0,0.004304113797843456
leather,101,/home/test/data/mvtec/leather/test/good/027.png,69e950c126a63ec5ba0e34781f9f546487793077f8da85fbe82fff643dd1f378,0,0.004830273799598217
leather,102,/home/test/data/mvtec/leather/test/good/028.png,72397ea89b9e0db398d8d6965913667fcf5227145e4c70c3e0b4f9deb20fe7fa,0,0.007892807945609093
leather,103,/home/test/data/mvtec/leather/test/good/029.png,099bed5d870dbc26238da44db6584d6d77fe1dfc3e51cb26eb7c66846f408875,0,0.009297175332903862
leather,104,/home/test/data/mvtec/leather/test/good/030.png,6b5c983af88fd3507c4bafdd9f6171049dd7e6cc63fee9a6063073c4b982c784,0,0.0049165356904268265
leather,105,/home/test/data/mvtec/leather/test/good/031.png,e8f0bba0c71d3c21f6e5ea403e8684ee7ee584cfebd1d42be9bc8426575204dd,0,0.005377254448831081
leather,106,/home/test/data/mvtec/leather/test/poke/000.png,9bfdc373a12d00409c626403f25c7f86353233373200c666fdb092144331fccb,1,0.2750554084777832
leather,107,/home/test/data/mvtec/leather/test/poke/001.png,1988f0a621af656c342b110b9bc062bfb3bf88ad1d72d0d9e2119f4254cbe420,1,0.05144328251481056
leather,108,/home/test/data/mvtec/leather/test/poke/002.png,9d80e16ea3be1b493f818a806059a2fadcd653a906310be06adf85091c59a6a5,1,0.18758618831634521
leather,109,/home/test/data/mvtec/leather/test/poke/003.png,163c61e0639aeab7e0a256e0ee96bf8d62f6132ebf53d8a5077d119dc64eb44f,1,0.25993111729621887
leather,110,/home/test/data/mvtec/leather/test/poke/004.png,e4282046aa7161e6344511a56b807b96d3adc89c442e7f2942d6445ea247271e,1,0.3921653628349304
leather,111,/home/test/data/mvtec/leather/test/poke/005.png,8cd90d10fc3033ffa5d7da160ec50bc913212b3384ff4fc88b86739df298e32f,1,0.37745386362075806
leather,112,/home/test/data/mvtec/leather/test/poke/006.png,f8594de8dc05d99511da124fc0d1f5bd3b841e25ba615a940358e71a39fbe8f1,1,0.2055986523628235
leather,113,/home/test/data/mvtec/leather/test/poke/007.png,f0ceddbebb6b244bab9479ea178349f8e6b88232cf61cd974ae036184ca5a1e8,1,0.13849768042564392
leather,114,/home/test/data/mvtec/leather/test/poke/008.png,1af7d52052ae71c840d1395d90f35a6c26e3ad4bd197126668ec5c92cc68aacb,1,0.22139133512973785
leather,115,/home/test/data/mvtec/leather/test/poke/009.png,46117a544e0c64916570133f3007ef4c62079a4ca15f1dae0d0a061776ff082d,1,0.40798819065093994
leather,116,/home/test/data/mvtec/leather/test/poke/010.png,6e3da428caf0cb71419ea19f7dc746b3181e220cc946cab0159eab516a91d5b7,1,0.15675756335258484
leather,117,/home/test/data/mvtec/leather/test/poke/011.png,5f5e0b84a52d7c6fe626ecc086d05202288eea119842e0bba499244a6b04574b,1,0.2776283919811249
leather,118,/home/test/data/mvtec/leather/test/poke/012.png,61d1636bce6f8a43f36a9542afadc1886db8d3408c3a04f470bca510a4d0d08a,1,0.18449828028678894
leather,119,/home/test/data/mvtec/leather/test/poke/013.png,11379ccc65759f49ceddc4680e2814c35097c442ed4b7f740fae0904a5c213c5,1,0.12155085057020187
leather,120,/home/test/data/mvtec/leather/test/poke/014.png,1ba03f7c15fda1c216aeadaec68ed5c13cc8c40e9be66887b0a727a119074af2,1,0.3490508794784546
leather,121,/home/test/data/mvtec/leather/test/poke/015.png,8f552009665c8984dd93bc49a54669c7a026c08bea363c5c7f848279fac7eb32,1,0.12251099944114685
leather,122,/home/test/data/mvtec/leather/test/poke/016.png,de237966f067604da3e22edbd86943b9201e124fe88722314b4d7be494b072e6,1,0.21274957060813904
leather,123,/home/test/data/mvtec/leather/test/poke/017.png,709f1172d5910f05ea8f3d77b9899c27a1bb2bb0c744b1f84400b38209063253,1,0.198091059923172
