round,position,train_index,image_path,sha256
0,0,17,/home/test/data/mvtec/metal_nut/train/good/017.png,fdad3468eebc392443d28fea1d11e4fd1c040f8049590493577f6b0f71d8ba15
0,1,88,/home/test/data/mvtec/metal_nut/train/good/088.png,e70ebdc6a318999a282fafb275d3b08c63a3c4c18115da4f15c1192f0f2ec42e
0,2,105,/home/test/data/mvtec/metal_nut/train/good/105.png,ae4efd1df911f548dae8e2f365f8dacdef1567dcb80c7a41a6747aa8854bcfb2
0,3,28,/home/test/data/mvtec/metal_nut/train/good/028.png,9887becf80cc3e42cba8cefe698f2384232bc80f301327f12a83686f942a29eb
0,4,82,/home/test/data/mvtec/metal_nut/train/good/082.png,efe4a29b432ba407c883dd25cdbe385b2206057ba3c210148235ae72fc4ed880
0,5,192,/home/test/data/mvtec/metal_nut/train/good/192.png,c6d42a3d82c62b6c6bd2512cea4debac6159ef1d15fd8e467ec3a45ec4c98e9c
0,6,141,/home/test/data/mvtec/metal_nut/train/good/141.png,32287cd020196640384329e9a56ca77c57fe7027af0ef13b406d7dbf2985b7b4
0,7,130,/home/test/data/mvtec/metal_nut/train/good/130.png,6e611145040e64a7521a0d4ef031ed2986b212c579f9409e2112a6dcffb83200
1,0,206,/home/test/data/mvtec/metal_nut/train/good/206.png,a68329033fd70dc7df1bde3a88e1a2af43217f842a7b32cdd6244c6f954e45c6
1,1,12,/home/test/data/mvtec/metal_nut/train/good/012.png,35db47656473bd482a6d23fd048346f58fa7b3ca3ce5f4e70351d984c281d055
1,2,174,/home/test/data/mvtec/metal_nut/train/good/174.png,bd77470063d954449625d77a40d9bdd31e6f8eaf1c08b477dda0bc0eab9182db
1,3,11,/home/test/data/mvtec/metal_nut/train/good/011.png,80540d4273f96a18716d8b4a2bcfb7e60c1e2fe6d3877e99b7992f98988f0f94
1,4,194,/home/test/data/mvtec/metal_nut/train/good/194.png,0640639f7e3173484731b504259ec0c34086e32a19894b2f5ae04b803fc1b8e4
1,5,188,/home/test/data/mvtec/metal_nut/train/good/188.png,d5bfa5856ca08545c13fa01c87b36d64d6ebb386b0457842a6664a8575ac0d6c
1,6,70,/home/test/data/mvtec/metal_nut/train/good/070.png,92228c32ab4e3a52838314ab6c67300a10f6306370fc1f5000f4f27ff682e231
1,7,39,/home/test/data/mvtec/metal_nut/train/good/039.png,c6d2624e524e5f0e7328e155b82614baf5706d296fc7cd69526ca7b0c6392a4b
2,0,116,/home/test/data/mvtec/metal_nut/train/good/116.png,e0ed9ec03857e2f32e0ce5801017b19e479c212ec4bbb694bef11c613f35d67f
2,1,187,/home/test/data/mvtec/metal_nut/train/good/187.png,65442d7ac690edbc1f5df4445ff2bcd3362f1b180decc58ef7406bdb5878c3b9
2,2,11,/home/test/data/mvtec/metal_nut/train/good/011.png,80540d4273f96a18716d8b4a2bcfb7e60c1e2fe6d3877e99b7992f98988f0f94
2,3,161,/home/test/data/mvtec/metal_nut/train/good/161.png,21a45849cf363ec0e597c4989cd75c71f580286da32e2216b7bb3f791617ed63
2,4,139,/home/test/data/mvtec/metal_nut/train/good/139.png,59827b4d81e74449244811189f73fda9d4f7064ea0e6db4c55f54f18e033b6fc
2,5,129,/home/test/data/mvtec/metal_nut/train/good/129.png,c0dc84aa278a179c52bfbc165dd30b9cee88b963ab6aba4bb0bad56cab8950e5
2,6,56,/home/test/data/mvtec/metal_nut/train/good/056.png,d0a91afdd45df712337cf3681d76d7a9c6f0a949116f41ff67b77db639c21af1
2,7,219,/home/test/data/mvtec/metal_nut/train/good/219.png,ccdfcfbbe33ca23d201f8031d19b4bc0882a82eedbfa01267648e5a590d0adf2
3,0,154,/home/test/data/mvtec/metal_nut/train/good/154.png,3cc01372514545d89e7299855822391f7fc3053d5ca0ab91ba223814df52a73d
3,1,73,/home/test/data/mvtec/metal_nut/train/good/073.png,3246fee8595fd176d873f448254f48e58fd0f6c41cf5a2f8e48cda51e755f2bd
3,2,146,/home/test/data/mvtec/metal_nut/train/good/146.png,e075a6f0405c322b1099a80e49027b3cc227a1007c9c71c8b626787db1074b0a
3,3,95,/home/test/data/mvtec/metal_nut/train/good/095.png,ca43fb89c519e989ff943a4f67622355db28d24186a4cd9d38bca7ae4f6614a6
3,4,102,/home/test/data/mvtec/metal_nut/train/good/102.png,aac32334447d8467f4e2a441d53a48e1ebe47b403331952a458895ed4f8cf9cc
3,5,7,/home/test/data/mvtec/metal_nut/train/good/007.png,f61b3c9743f71e90ac0a9532284c4cabea3a9512e09b0b744120e69c60a6f65d
3,6,63,/home/test/data/mvtec/metal_nut/train/good/063.png,0644ef1c6b69e8eff104725cc728e2b86412ea4a08959c39b48f9bcf12a60eb2
3,7,185,/home/test/data/mvtec/metal_nut/train/good/185.png,427a7ad14b3f1c73a2369ab0a46551b8044199547057d7805639082d504f4304
4,0,35,/home/test/data/mvtec/metal_nut/train/good/035.png,a128b75f1d5ae82934083045af316743b401cfbd4de16c0763fe83d671d47ac5
4,1,24,/home/test/data/mvtec/metal_nut/train/good/024.png,e4e29fd2e9539d38305746615eb3f7d21c78f6ed0cd329bab2676aae279f4767
4,2,108,/home/test/data/mvtec/metal_nut/train/good/108.png,0c964fdf4eb572cab3c09a08737a5d2b360c2f53787afecb7e467c464f4c5815
4,3,186,/home/test/data/mvtec/metal_nut/train/good/186.png,2d575abdf464b5561b771d7e423d231365d9a07766f0818ec4d1c015e215bdf6
4,4,96,/home/test/data/mvtec/metal_nut/train/good/096.png,5aa3ba9239693af0990a1063904df443351c6dfd3ffb9c0ee696a77d9daccdf9
4,5,83,/home/test/data/mvtec/metal_nut/train/good/083.png,7d66930b7a5bde597705ea3918c45c06d6ea8f17e343c099184fe2b9999dad9b
4,6,197,/home/test/data/mvtec/metal_nut/train/good/197.png,8160256c5810d9330d7ee6ff44d215f8ef6fc52114fa271ad144f44c9652d3e5
4,7,91,/home/test/data/mvtec/metal_nut/train/good/091.png,1e92ca241269f39194952c67a88fcefcaa5fbfc5cef1a6c7e9595087421a65c0
5,0,68,/home/test/data/mvtec/metal_nut/train/good/068.png,76a4db48a685e9a44a24dd8a186b0285bcd2aad262d80b4efa30e48cb3b4dc23
5,1,167,/home/test/data/mvtec/metal_nut/train/good/167.png,357c611ca7b838afb3119c3213bc5717c77766f08cf1adbb9ee831e5bea392e2
5,2,102,/home/test/data/mvtec/metal_nut/train/good/102.png,aac32334447d8467f4e2a441d53a48e1ebe47b403331952a458895ed4f8cf9cc
5,3,157,/home/test/data/mvtec/metal_nut/train/good/157.png,0f1ba36a12da60b5f0dc3934609321d92c690bd71630cec68a3d341e99e1aeaf
5,4,158,/home/test/data/mvtec/metal_nut/train/good/158.png,e6bff8c434f37b91774694cfb9d4bbed8997db448bcdc2b1049f02151a272e01
5,5,13,/home/test/data/mvtec/metal_nut/train/good/013.png,b5960c12e99ff53aada21142d868ed3b5e6dab2708b14cdc9e50bd91b77314c4
5,6,169,/home/test/data/mvtec/metal_nut/train/good/169.png,41e12c757eb6a5f442d7fb8ad39dc38dc88800ab02e0c68ae9a9ed46493222da
5,7,105,/home/test/data/mvtec/metal_nut/train/good/105.png,ae4efd1df911f548dae8e2f365f8dacdef1567dcb80c7a41a6747aa8854bcfb2
6,0,176,/home/test/data/mvtec/metal_nut/train/good/176.png,1740318cbb48532f816cbde8145c5693a20787a3d236f076c294380edb46fc0e
6,1,139,/home/test/data/mvtec/metal_nut/train/good/139.png,59827b4d81e74449244811189f73fda9d4f7064ea0e6db4c55f54f18e033b6fc
6,2,157,/home/test/data/mvtec/metal_nut/train/good/157.png,0f1ba36a12da60b5f0dc3934609321d92c690bd71630cec68a3d341e99e1aeaf
6,3,52,/home/test/data/mvtec/metal_nut/train/good/052.png,57d8efbc68adb70b1342765bc55c33c51d613b2db8bde415b563649625e356fa
6,4,166,/home/test/data/mvtec/metal_nut/train/good/166.png,c7ae60d022b47c8abb966b3761c614678e666cb75699d68458f9fddf3ef19165
6,5,197,/home/test/data/mvtec/metal_nut/train/good/197.png,8160256c5810d9330d7ee6ff44d215f8ef6fc52114fa271ad144f44c9652d3e5
6,6,16,/home/test/data/mvtec/metal_nut/train/good/016.png,51359f0e47f707502c6a5abba600da10d8e93ddc0bb5b8109e290f14fe10071b
6,7,144,/home/test/data/mvtec/metal_nut/train/good/144.png,be396702461d65005da9e797a24a3f247c4afbf33b3fa1f7026c95c36e054b28
7,0,65,/home/test/data/mvtec/metal_nut/train/good/065.png,26fe2e193f70dacb3d469aea13f478a2c6adb720c2e61295f9f4dfaef168276d
7,1,138,/home/test/data/mvtec/metal_nut/train/good/138.png,72fd2fa41e7ecf431291930ecfdfe1a1b74560fd11efcb1e221b8d56778cabe9
7,2,152,/home/test/data/mvtec/metal_nut/train/good/152.png,e903936e95194d53eced837e67eb04253ec925bbf129e42e51cee760514b3005
7,3,136,/home/test/data/mvtec/metal_nut/train/good/136.png,49553e1e1e7e8cad3f449bed085ba607262dd926af7e22e01de89b816fad3802
7,4,81,/home/test/data/mvtec/metal_nut/train/good/081.png,cf0e98efd8d1352b4a563d2b059c5ba6411bfc7590adf15892fd122c5ad7d694
7,5,34,/home/test/data/mvtec/metal_nut/train/good/034.png,97fa07292296cfc77654628a908005dfa5509c4984125cff9391e978cffbb710
7,6,124,/home/test/data/mvtec/metal_nut/train/good/124.png,ca41485922e82bad3da4ab5f0c09706b032bc645c6e670a9a43187b097bb7724
7,7,56,/home/test/data/mvtec/metal_nut/train/good/056.png,d0a91afdd45df712337cf3681d76d7a9c6f0a949116f41ff67b77db639c21af1
8,0,83,/home/test/data/mvtec/metal_nut/train/good/083.png,7d66930b7a5bde597705ea3918c45c06d6ea8f17e343c099184fe2b9999dad9b
8,1,65,/home/test/data/mvtec/metal_nut/train/good/065.png,26fe2e193f70dacb3d469aea13f478a2c6adb720c2e61295f9f4dfaef168276d
8,2,149,/home/test/data/mvtec/metal_nut/train/good/149.png,7c47591a8dcf42d61058844cfb389ab52460057a621cb0293b54a4cedc652f67
8,3,111,/home/test/data/mvtec/metal_nut/train/good/111.png,e5430ad6ed4a1db8e6e34efb742871a632506dab11e8aeb15a72fdb01c63ec51
8,4,156,/home/test/data/mvtec/metal_nut/train/good/156.png,b51a12856251473d1b7d957e108aa327a684612dbda7725be9c22809c461537d
8,5,125,/home/test/data/mvtec/metal_nut/train/good/125.png,5443189745675a783468409e6293d891fc0143e3940a5d9519c413cd15eb36e9
8,6,177,/home/test/data/mvtec/metal_nut/train/good/177.png,6c4df92f54b67a7f6532ffece03dc4f03e317b142bd659bfc4d01381adfa43b1
8,7,179,/home/test/data/mvtec/metal_nut/train/good/179.png,8aea2c2606e7a8b6803aaec3b1c46155e02d9f024dc7f96c5a70345e07ddd468
9,0,127,/home/test/data/mvtec/metal_nut/train/good/127.png,df642b8f1424613aade4120a7b40849b3fdfcc10ab060d9e8c46554b59e8e4b4
9,1,195,/home/test/data/mvtec/metal_nut/train/good/195.png,79e274efa825f5b897a25a3cce9241254f585c0813d4b1d6f17f642d1ff93c4a
9,2,97,/home/test/data/mvtec/metal_nut/train/good/097.png,cfd38b52d549430a0c5189a13a8afdc58267abff4481d5c0b520d0f23b695548
9,3,68,/home/test/data/mvtec/metal_nut/train/good/068.png,76a4db48a685e9a44a24dd8a186b0285bcd2aad262d80b4efa30e48cb3b4dc23
9,4,198,/home/test/data/mvtec/metal_nut/train/good/198.png,591f046848e92fc761d5a40f4583fd56b669101fcf06c80da7e8e818c9fcb066
9,5,176,/home/test/data/mvtec/metal_nut/train/good/176.png,1740318cbb48532f816cbde8145c5693a20787a3d236f076c294380edb46fc0e
9,6,140,/home/test/data/mvtec/metal_nut/train/good/140.png,b4b2fb0dda875223063b89914a43ede7df2d4f6f58faa5d99ed5e706826bfaa7
9,7,5,/home/test/data/mvtec/metal_nut/train/good/005.png,fb190d67dacac9f83d88dab0fb48602d5793737d640447cdbab3b7c8ccd7a798
